UserID,total_courses_enrolled,enrollment_frequency,total_spending,avg_spending_per_course,preferred_category,category_diversity,preferred_level,avg_course_rating_enrolled,learning_depth_index,Age,Gender,preferred_category_enc,preferred_level_enc,gender_enc,Cluster,HC_Cluster
U00001,2,2,220.35000000000002,110.17500000000001,Business,2,Beginner,4.2,0.0,15,Male,1,1,1,2,2
U00002,4,4,420.09000000000003,105.02250000000001,AI/ML,2,Advanced,3.55,0.6666666666666666,29,Female,0,0,0,3,0
U00003,2,2,239.7,119.85,AI/ML,1,Intermediate,4.75,0.0,33,Female,0,2,0,0,0
U00004,2,2,361.7,180.85,Data Science,2,Beginner,3.55,0.0,23,Female,3,1,0,0,0
U00005,4,4,145.34,36.335,Business,4,Advanced,3.375,1.0,21,Male,1,0,1,2,2
U00006,2,2,184.87,92.435,AI/ML,2,Advanced,4.95,1.0,21,Male,0,0,1,2,2
U00007,4,4,505.72,126.43,Business,4,Advanced,3.425,1.0,24,Male,1,0,1,3,2
U00008,6,6,789.98,131.66333333333333,Cybersecurity,4,Advanced,4.033333333333333,1.5,33,Female,2,0,0,1,0
U00009,7,7,875.06,125.00857142857141,AI/ML,7,Advanced,3.1285714285714286,2.0,20,Female,0,0,0,1,0
U00010,4,4,401.36,100.34,Design,3,Advanced,3.875,3.0,34,Female,4,0,0,3,3
U00011,4,4,499.33,124.8325,AI/ML,4,Intermediate,3.9250000000000003,0.5,15,Female,0,2,0,0,0
U00012,3,3,413.38,137.79333333333332,Data Science,3,Beginner,3.0666666666666664,0.0,15,Female,3,1,0,0,0
U00013,3,3,209.68,69.89333333333333,Cybersecurity,3,Beginner,4.233333333333333,0.0,33,Female,2,1,0,2,1
U00014,3,3,279.84000000000003,93.28000000000002,Business,3,Intermediate,3.3666666666666667,0.0,30,Male,1,2,1,0,2
U00015,3,3,358.43,119.47666666666667,Cybersecurity,3,Advanced,3.8333333333333335,1.0,27,Female,2,0,0,3,1
U00016,4,4,551.73,137.9325,Cybersecurity,4,Beginner,3.6999999999999997,0.25,32,Male,2,1,1,0,2
U00017,4,3,322.16,80.54,Cybersecurity,4,Advanced,3.575,1.0,24,Male,2,0,1,3,2
U00018,5,5,669.05,133.81,Web Development,4,Intermediate,3.5,0.5,24,Female,7,2,0,1,0
U00019,2,2,261.82,130.91,Design,2,Advanced,3.3,0.5,24,Female,4,0,0,3,1
U00020,6,6,799.52,133.25333333333333,AI/ML,5,Advanced,3.9166666666666665,1.5,27,Female,0,0,0,1,0
U00021,6,6,565.78,94.29666666666667,Design,4,Beginner,3.75,0.0,15,Male,4,1,1,1,2
U00022,4,4,332.88,83.22,Cybersecurity,4,Advanced,4.3,1.0,31,Male,2,0,1,3,2
U00023,4,4,352.33,88.0825,Cybersecurity,3,Intermediate,3.025,1.0,32,Male,2,2,1,0,2
U00024,7,7,907.28,129.61142857142858,Data Science,6,Advanced,3.585714285714286,1.0,18,Female,3,0,0,1,0
U00025,7,7,556.72,79.53142857142858,Cybersecurity,5,Intermediate,3.957142857142857,0.6666666666666666,34,Male,2,2,1,1,2
U00026,4,4,375.16,93.79,AI/ML,4,Beginner,4.05,0.25,19,Male,0,1,1,0,2
U00027,3,3,303.09,101.02999999999999,Business,2,Advanced,4.2,2.0,31,Male,1,0,1,3,3
U00028,2,2,120.74,60.37,Cybersecurity,2,Beginner,3.8,0.0,30,Female,2,1,0,2,1
U00029,1,1,25.35,25.35,Marketing,1,Intermediate,4.8,0.0,30,Male,6,2,1,2,1
U00030,3,3,282.71000000000004,94.23666666666668,Business,3,Beginner,4.0,0.0,34,Male,1,1,1,0,2
U00031,3,3,245.13,81.71,Cybersecurity,2,Advanced,3.3000000000000003,0.5,30,Male,2,0,1,2,1
U00032,4,4,234.74,58.685,Data Science,3,Advanced,3.8,3.0,18,Male,3,0,1,3,3
U00033,3,3,272.26,90.75333333333333,Cybersecurity,3,Beginner,3.4333333333333336,0.3333333333333333,25,Male,2,1,1,0,2
U00034,3,3,405.71999999999997,135.23999999999998,AI/ML,3,Beginner,4.266666666666667,0.3333333333333333,32,Female,0,1,0,0,0
U00035,6,6,607.74,101.29,Business,4,Advanced,3.5500000000000003,0.6666666666666666,32,Male,1,0,1,1,2
U00036,2,2,302.59,151.295,Marketing,2,Advanced,4.7,0.5,24,Female,6,0,0,2,1
U00037,4,4,618.02,154.505,Business,4,Intermediate,3.325,0.0,31,Female,1,2,0,0,0
U00038,2,2,300.79999999999995,150.39999999999998,Cybersecurity,2,Beginner,3.75,0.0,35,Male,2,1,1,0,2
U00039,3,3,406.56,135.52,Business,3,Beginner,4.6000000000000005,0.0,16,Female,1,1,0,0,1
U00040,4,4,331.86,82.965,Business,4,Beginner,3.725,0.0,15,Male,1,1,1,0,2
U00041,6,6,704.7,117.45,Web Development,4,Beginner,3.7166666666666663,0.2,19,Female,7,1,0,1,0
U00042,4,4,237.57999999999998,59.394999999999996,Design,3,Advanced,4.05,2.0,32,Male,4,0,1,3,3
U00043,3,3,318.95,106.31666666666666,AI/ML,2,Beginner,3.8333333333333335,0.3333333333333333,31,Male,0,1,1,0,2
U00044,4,4,409.05,102.2625,Cybersecurity,3,Advanced,3.5999999999999996,2.0,19,Male,2,0,1,3,2
U00045,1,1,35.14,35.14,Marketing,1,Intermediate,3.8,0.0,23,Female,6,2,0,2,1
U00046,3,3,268.33,89.44333333333333,Finance,2,Advanced,3.5666666666666664,0.5,29,Female,5,0,0,2,1
U00047,4,4,279.8,69.95,Design,3,Advanced,3.85,0.6666666666666666,34,Male,4,0,1,3,1
U00048,7,7,426.14,60.87714285714286,AI/ML,5,Beginner,3.7142857142857144,0.5,19,Male,0,1,1,1,2
U00049,5,5,329.91999999999996,65.984,AI/ML,5,Advanced,4.5200000000000005,0.6666666666666666,32,Male,0,0,1,1,2
U00050,5,5,394.87,78.974,Web Development,3,Intermediate,3.6199999999999997,1.0,33,Male,7,2,1,0,2
U00051,5,5,318.98,63.79600000000001,Cybersecurity,3,Intermediate,3.5,1.0,32,Female,2,2,0,0,0
U00052,4,4,345.02,86.255,AI/ML,3,Advanced,3.7750000000000004,0.6666666666666666,25,Female,0,0,0,3,0
U00053,6,6,638.34,106.39,Cybersecurity,4,Advanced,3.9499999999999997,4.0,34,Female,2,0,0,3,3
U00054,2,2,124.77000000000001,62.385000000000005,AI/ML,2,Advanced,4.3,1.0,22,Female,0,0,0,2,1
U00055,3,3,219.25,73.08333333333333,Business,3,Beginner,3.3666666666666667,0.3333333333333333,31,Female,1,1,0,0,1
U00056,3,3,325.16999999999996,108.38999999999999,Marketing,2,Beginner,3.9333333333333336,0.0,22,Female,6,1,0,0,0
U00057,4,4,485.90999999999997,121.47749999999999,AI/ML,4,Advanced,3.475,2.0,18,Male,0,0,1,3,2
U00058,2,2,69.39,34.695,Cybersecurity,2,Advanced,3.8,0.5,30,Female,2,0,0,2,1
U00059,3,3,349.85,116.61666666666667,AI/ML,3,Intermediate,3.9,1.0,32,Male,0,2,1,0,2
U00060,4,4,554.49,138.6225,Design,3,Beginner,4.2,0.3333333333333333,26,Male,4,1,1,0,2
U00061,4,4,363.04999999999995,90.76249999999999,Data Science,4,Advanced,4.15,2.0,32,Female,3,0,0,3,3
U00062,7,7,816.09,116.58428571428571,Cybersecurity,6,Advanced,3.7857142857142856,4.0,28,Female,2,0,0,1,3
U00063,6,6,482.68,80.44666666666667,Design,5,Advanced,3.6333333333333333,1.3333333333333333,34,Female,4,0,0,1,0
U00064,3,3,298.64,99.54666666666667,AI/ML,2,Advanced,3.766666666666667,0.5,33,Female,0,0,0,3,0
U00065,2,2,290.98,145.49,Data Science,2,Advanced,3.0,0.5,29,Male,3,0,1,3,1
U00066,4,4,413.66999999999996,103.41749999999999,Design,3,Beginner,3.15,0.3333333333333333,26,Female,4,1,0,0,0
U00067,3,3,386.55,128.85,Business,3,Beginner,3.5666666666666664,0.3333333333333333,28,Female,1,1,0,0,0
U00068,4,4,343.73,85.9325,AI/ML,2,Beginner,3.625,0.3333333333333333,32,Male,0,1,1,0,2
U00069,2,2,385.61,192.805,Data Science,2,Advanced,3.3,1.0,27,Female,3,0,0,3,1
U00070,4,4,512.08,128.02,Data Science,3,Beginner,3.8499999999999996,0.0,25,Female,3,1,0,0,0
U00071,3,3,290.18,96.72666666666667,Business,3,Advanced,3.533333333333333,0.5,30,Female,1,0,0,3,0
U00072,5,5,332.28999999999996,66.458,Cybersecurity,4,Advanced,3.1,1.0,17,Female,2,0,0,3,0
U00073,3,3,302.56,100.85333333333334,AI/ML,3,Beginner,4.166666666666667,0.3333333333333333,16,Male,0,1,1,0,2
U00074,6,6,650.69,108.44833333333334,Design,4,Beginner,4.1000000000000005,0.2,19,Male,4,1,1,1,2
U00075,2,2,229.57999999999998,114.78999999999999,AI/ML,2,Advanced,3.05,0.5,22,Male,0,0,1,3,1
U00076,3,3,342.78,114.25999999999999,AI/ML,3,Beginner,3.6,0.0,34,Male,0,1,1,0,2
U00077,3,3,342.53,114.17666666666666,AI/ML,3,Advanced,3.6,0.5,20,Male,0,0,1,3,2
U00078,4,4,541.8,135.45,Marketing,3,Beginner,3.75,0.3333333333333333,32,Female,6,1,0,0,0
U00079,3,3,400.89,133.63,AI/ML,2,Intermediate,4.266666666666667,1.0,28,Male,0,2,1,0,2
U00080,3,3,162.89,54.29666666666666,Data Science,3,Advanced,3.8000000000000003,0.5,35,Female,3,0,0,2,1
U00081,7,7,776.38,110.91142857142857,AI/ML,4,Beginner,4.171428571428572,0.5,18,Female,0,1,0,1,0
U00082,5,5,510.78000000000003,102.156,AI/ML,5,Intermediate,3.96,0.0,31,Male,0,2,1,1,2
U00083,5,5,343.13,68.626,AI/ML,4,Intermediate,3.2600000000000002,0.5,16,Male,0,2,1,0,2
U00084,3,3,271.9,90.63333333333333,Web Development,2,Beginner,3.1999999999999997,0.3333333333333333,20,Male,7,1,1,2,1
U00085,3,3,407.02,135.67333333333332,AI/ML,3,Beginner,4.0,0.0,22,Female,0,1,0,0,0
U00086,2,2,348.41999999999996,174.20999999999998,Cybersecurity,2,Beginner,4.45,0.0,27,Female,2,1,0,0,0
U00087,4,4,465.47,116.3675,Design,3,Beginner,3.05,0.25,19,Female,4,1,0,0,0
U00088,3,3,83.25999999999999,27.75333333333333,Cybersecurity,3,Advanced,3.3666666666666667,2.0,23,Male,2,0,1,2,1
U00089,4,4,465.72,116.43,Web Development,3,Beginner,3.4499999999999997,0.0,30,Male,7,1,1,0,2
U00090,5,5,445.24,89.048,AI/ML,4,Intermediate,4.040000000000001,0.5,34,Male,0,2,1,0,2
U00091,2,2,214.22,107.11,Data Science,2,Advanced,3.8,1.0,35,Male,3,0,1,3,1
U00092,3,3,459.53,153.17666666666665,Business,3,Intermediate,3.233333333333333,0.0,31,Male,1,2,1,0,2
U00093,3,3,232.53,77.51,AI/ML,3,Beginner,3.966666666666667,0.0,16,Male,0,1,1,2,2
U00094,3,3,230.98000000000002,76.99333333333334,Cybersecurity,2,Advanced,3.6666666666666665,2.0,27,Male,2,0,1,3,3
U00095,6,6,479.77,79.96166666666666,AI/ML,6,Beginner,4.066666666666667,0.25,20,Male,0,1,1,1,2
U00096,6,6,483.36,80.56,Marketing,4,Advanced,3.266666666666667,2.5,34,Female,6,0,0,3,0
U00097,2,2,270.54999999999995,135.27499999999998,Design,2,Advanced,2.8,1.0,25,Male,4,0,1,3,1
U00098,3,3,232.06,77.35333333333334,Cybersecurity,3,Beginner,3.9,0.0,31,Male,2,1,1,2,2
U00099,5,5,611.8199999999999,122.36399999999999,AI/ML,3,Advanced,3.9200000000000004,1.0,29,Female,0,0,0,3,0
U00100,4,4,338.18,84.545,Marketing,2,Advanced,3.9,2.0,32,Female,6,0,0,3,3
U00101,4,4,421.97999999999996,105.49499999999999,Design,4,Intermediate,4.1,0.0,15,Female,4,2,0,0,0
U00102,3,3,290.53999999999996,96.84666666666665,Business,3,Advanced,3.1,2.0,32,Male,1,0,1,3,3
U00103,2,2,284.46,142.23,Finance,2,Beginner,3.1500000000000004,0.0,30,Female,5,1,0,0,0
U00104,6,6,566.1700000000001,94.36166666666668,Marketing,5,Advanced,4.3999999999999995,1.5,19,Male,6,0,1,1,2
U00105,6,5,784.88,130.81333333333333,Finance,4,Intermediate,3.9666666666666663,0.5,27,Male,5,2,1,1,2
U00106,4,4,412.40999999999997,103.10249999999999,Marketing,3,Beginner,3.85,0.3333333333333333,19,Male,6,1,1,0,2
U00107,3,3,228.22,76.07333333333334,AI/ML,3,Beginner,3.5666666666666664,0.3333333333333333,18,Female,0,1,0,2,1
U00108,4,4,237.46,59.365,Web Development,3,Advanced,3.6,3.0,32,Male,7,0,1,3,3
U00109,3,3,428.43,142.81,AI/ML,3,Intermediate,3.6,0.0,15,Female,0,2,0,0,0
U00110,7,7,1019.11,145.58714285714285,Marketing,4,Advanced,3.042857142857143,1.0,26,Female,6,0,0,1,0
U00111,3,3,256.49,85.49666666666667,Cybersecurity,3,Intermediate,3.533333333333333,0.0,24,Male,2,2,1,0,2
U00112,8,8,760.73,95.09125,Cybersecurity,4,Advanced,3.775,1.3333333333333333,34,Female,2,0,0,1,0
U00113,5,5,371.73,74.346,AI/ML,4,Beginner,3.5200000000000005,0.3333333333333333,19,Male,0,1,1,0,2
U00114,3,3,201.64000000000001,67.21333333333334,AI/ML,3,Beginner,2.9,0.3333333333333333,22,Female,0,1,0,0,1
U00115,3,3,250.96,83.65333333333334,Data Science,2,Intermediate,2.6999999999999997,1.0,32,Female,3,2,0,0,1
U00116,3,3,334.12,111.37333333333333,Design,3,Advanced,3.766666666666667,0.5,31,Male,4,0,1,3,2
U00117,4,4,556.55,139.1375,AI/ML,4,Intermediate,3.325,0.5,19,Female,0,2,0,0,0
U00118,2,2,206.18,103.09,Marketing,2,Beginner,3.0,0.0,28,Female,6,1,0,0,1
U00119,4,4,413.62,103.405,Cybersecurity,4,Intermediate,3.575,0.5,28,Male,2,2,1,0,2
U00120,4,4,479.26,119.815,Cybersecurity,3,Advanced,3.5,2.0,15,Male,2,0,1,3,2
U00121,4,4,498.73,124.6825,Design,3,Advanced,3.4,1.5,27,Female,4,0,0,3,0
U00122,3,3,481.03999999999996,160.34666666666666,Business,3,Advanced,3.6666666666666665,1.0,21,Female,1,0,0,3,1
U00123,6,6,794.59,132.43166666666667,Marketing,4,Beginner,3.783333333333333,0.0,18,Female,6,1,0,1,0
U00124,4,4,318.37,79.5925,Cybersecurity,4,Beginner,3.4499999999999997,0.3333333333333333,19,Female,2,1,0,0,1
U00125,4,4,203.53000000000003,50.88250000000001,Business,3,Advanced,3.35,1.0,35,Female,1,0,0,3,1
U00126,1,1,107.95,107.95,Design,1,Advanced,4.6,1.0,23,Female,4,0,0,2,1
U00127,5,5,625.97,125.194,Web Development,4,Intermediate,3.2399999999999998,1.0,34,Female,7,2,0,1,0
U00128,4,4,620.53,155.1325,Marketing,2,Intermediate,4.375,1.0,35,Female,6,2,0,0,0
U00129,7,7,613.56,87.65142857142857,Data Science,5,Intermediate,3.4857142857142853,1.0,19,Male,3,2,1,1,2
U00130,3,3,349.77,116.58999999999999,Data Science,3,Beginner,3.3666666666666667,0.0,17,Male,3,1,1,0,2
U00131,2,2,174.68,87.34,Cybersecurity,2,Beginner,3.4000000000000004,0.0,19,Male,2,1,1,2,2
U00132,1,1,160.93,160.93,Data Science,1,Intermediate,3.2,0.0,22,Male,3,2,1,0,1
U00133,4,4,469.30999999999995,117.32749999999999,Finance,3,Advanced,3.625,1.0,21,Male,5,0,1,3,2
U00134,2,2,180.03,90.015,AI/ML,2,Advanced,3.1500000000000004,2.0,26,Female,0,0,0,3,1
U00135,6,6,713.53,118.92166666666667,AI/ML,6,Beginner,3.6166666666666667,0.25,17,Female,0,1,0,1,0
U00136,3,3,316.23,105.41000000000001,Business,3,Intermediate,3.1333333333333333,1.0,25,Female,1,2,0,0,1
U00137,3,3,364.52,121.50666666666666,Design,2,Intermediate,4.166666666666667,0.0,15,Female,4,2,0,0,0
U00138,3,3,215.42,71.80666666666666,Business,3,Beginner,3.0666666666666664,0.3333333333333333,26,Male,1,1,1,0,2
U00139,5,5,334.27,66.854,Business,5,Beginner,3.9799999999999995,0.5,16,Female,1,1,0,1,0
U00140,5,5,525.8,105.16,Cybersecurity,5,Advanced,4.12,0.6666666666666666,24,Female,2,0,0,1,0
U00141,1,1,107.15,107.15,Web Development,1,Beginner,3.5,0.0,20,Male,7,1,1,2,1
U00142,3,3,287.51,95.83666666666666,Data Science,2,Advanced,3.4,0.5,17,Female,3,0,0,2,1
U00143,3,3,161.06,53.68666666666667,Data Science,3,Advanced,3.6666666666666665,2.0,26,Male,3,0,1,3,1
U00144,3,3,448.28,149.42666666666665,Marketing,2,Intermediate,3.6,0.0,24,Female,6,2,0,0,0
U00145,2,2,97.09,48.545,Cybersecurity,2,Beginner,4.0,0.0,23,Female,2,1,0,2,1
U00146,2,2,352.35,176.175,AI/ML,2,Advanced,3.75,0.5,30,Female,0,0,0,3,0
U00147,8,8,863.1,107.8875,Data Science,5,Advanced,3.4125,0.8,30,Male,3,0,1,1,0
U00148,4,4,528.79,132.1975,Data Science,3,Beginner,4.075,0.25,35,Female,3,1,0,0,0
U00149,3,3,452.87,150.95666666666668,AI/ML,3,Advanced,3.1333333333333333,0.5,17,Female,0,0,0,3,1
U00150,3,3,271.01,90.33666666666666,Business,3,Beginner,3.5333333333333337,0.3333333333333333,25,Male,1,1,1,0,2
U00151,4,4,361.93,90.4825,Marketing,3,Advanced,4.075,2.0,16,Female,6,0,0,3,0
U00152,2,2,209.9,104.95,Business,2,Beginner,3.9,0.0,19,Female,1,1,0,2,1
U00153,3,3,209.72,69.90666666666667,Web Development,2,Advanced,4.1000000000000005,3.0,35,Male,7,0,1,3,3
U00154,2,2,175.5,87.75,AI/ML,2,Beginner,4.2,0.0,29,Male,0,1,1,2,1
U00155,6,5,526.59,87.765,Design,5,Advanced,3.6166666666666667,1.5,27,Male,4,0,1,1,2
U00156,3,3,335.16,111.72000000000001,Marketing,2,Intermediate,4.366666666666666,0.0,17,Male,6,2,1,0,2
U00157,2,2,67.78999999999999,33.894999999999996,Data Science,2,Advanced,3.9000000000000004,0.5,32,Female,3,0,0,2,1
U00158,4,4,540.2,135.05,Design,3,Beginner,4.5,0.3333333333333333,35,Female,4,1,0,0,0
U00159,2,2,245.17000000000002,122.58500000000001,Business,2,Advanced,4.3,1.0,16,Male,1,0,1,3,2
U00160,4,4,154.33,38.5825,Business,4,Intermediate,3.15,0.5,28,Female,1,2,0,0,1
U00161,5,5,618.65,123.72999999999999,Web Development,4,Advanced,4.4399999999999995,1.5,25,Female,7,0,0,1,0
U00162,5,5,607.76,121.55199999999999,Finance,4,Intermediate,3.72,2.0,26,Male,5,2,1,1,2
U00163,6,6,785.22,130.87,Business,4,Advanced,4.05,0.6666666666666666,32,Female,1,0,0,1,0
U00164,2,2,226.64999999999998,113.32499999999999,AI/ML,2,Intermediate,2.75,0.0,32,Male,0,2,1,0,2
U00165,3,3,244.42,81.47333333333333,Design,3,Intermediate,3.4333333333333336,1.0,30,Male,4,2,1,0,2
U00166,3,3,264.96,88.32,Business,3,Beginner,4.366666666666667,0.3333333333333333,33,Male,1,1,1,2,2
U00167,3,3,173.56,57.85333333333333,Web Development,2,Advanced,3.6666666666666665,1.0,31,Female,7,0,0,2,1
U00168,5,5,392.82,78.564,AI/ML,5,Beginner,4.0200000000000005,0.25,24,Female,0,1,0,1,0
U00169,2,2,182.46,91.23,Business,2,Beginner,4.25,0.0,24,Male,1,1,1,2,1
U00170,3,3,308.9,102.96666666666665,Data Science,3,Advanced,3.6,1.0,34,Female,3,0,0,3,1
U00171,5,5,586.4,117.28,Cybersecurity,4,Beginner,3.4,0.3333333333333333,24,Male,2,1,1,1,2
U00172,2,2,175.70999999999998,87.85499999999999,Data Science,2,Beginner,3.5,0.0,35,Female,3,1,0,2,1
U00173,3,3,111.11,37.03666666666667,Cybersecurity,2,Advanced,3.3000000000000003,2.0,31,Male,2,0,1,2,1
U00174,4,4,445.73,111.4325,AI/ML,4,Intermediate,3.725,0.5,29,Male,0,2,1,0,2
U00175,2,2,196.46,98.23,Business,2,Beginner,3.1,0.0,32,Female,1,1,0,0,1
U00176,4,4,429.09,107.2725,Web Development,3,Beginner,3.25,0.0,34,Male,7,1,1,0,2
U00177,5,5,360.11,72.022,Design,4,Beginner,3.28,0.25,29,Female,4,1,0,0,0
U00178,2,2,273.07,136.535,Business,2,Beginner,4.5,0.0,20,Male,1,1,1,0,2
U00179,5,5,608.1,121.62,Web Development,4,Beginner,4.3,0.5,34,Male,7,1,1,1,2
U00180,2,2,179.81,89.905,Finance,2,Advanced,4.1,1.0,26,Female,5,0,0,2,1
U00181,6,6,478.62,79.77,Design,4,Advanced,3.4166666666666665,1.5,32,Female,4,0,0,1,0
U00182,6,6,658.89,109.815,Finance,4,Beginner,3.65,0.5,28,Female,5,1,0,1,0
U00183,2,2,97.94999999999999,48.974999999999994,Design,2,Advanced,4.199999999999999,1.0,33,Male,4,0,1,2,1
U00184,5,5,615.31,123.06199999999998,AI/ML,3,Advanced,3.72,0.6666666666666666,28,Male,0,0,1,3,2
U00185,4,4,365.77,91.4425,Design,2,Beginner,3.325,0.0,27,Male,4,1,1,0,2
U00186,4,4,257.49,64.3725,Web Development,3,Intermediate,3.5,0.5,28,Female,7,2,0,0,0
U00187,1,1,199.14,199.14,Web Development,1,Advanced,4.2,1.0,18,Male,7,0,1,3,1
U00188,6,6,623.36,103.89333333333333,Marketing,5,Advanced,3.966666666666667,0.6666666666666666,18,Male,6,0,1,1,0
U00189,5,5,609.81,121.96199999999999,Data Science,4,Advanced,3.62,0.6666666666666666,18,Male,3,0,1,1,2
U00190,4,4,401.7,100.425,AI/ML,4,Beginner,3.5,0.3333333333333333,25,Female,0,1,0,0,0
U00191,4,4,509.84,127.46,Web Development,3,Beginner,2.925,0.0,34,Male,7,1,1,0,2
U00192,4,4,647.36,161.84,AI/ML,3,Beginner,4.475,0.0,17,Male,0,1,1,0,2
U00193,3,3,182.54,60.846666666666664,Design,2,Advanced,4.3999999999999995,0.5,33,Male,4,0,1,2,1
U00194,5,5,544.79,108.958,AI/ML,4,Intermediate,3.62,0.5,35,Male,0,2,1,0,2
U00195,4,4,583.81,145.9525,AI/ML,4,Intermediate,4.35,1.0,15,Male,0,2,1,0,2
U00196,5,5,526.28,105.256,Design,3,Beginner,3.66,0.3333333333333333,23,Female,4,1,0,0,0
U00197,3,3,266.15000000000003,88.71666666666668,AI/ML,2,Intermediate,3.4333333333333336,0.0,35,Female,0,2,0,0,1
U00198,2,2,263.07,131.535,Cybersecurity,2,Intermediate,2.85,0.0,30,Female,2,2,0,0,1
U00199,2,2,196.51000000000002,98.25500000000001,Design,2,Beginner,2.7,0.0,24,Female,4,1,0,0,1
U00200,2,2,209.99,104.995,Finance,2,Intermediate,2.85,0.0,32,Male,5,2,1,0,1
U00201,2,2,192.87,96.435,Marketing,2,Advanced,4.300000000000001,2.0,16,Male,6,0,1,2,1
U00202,4,4,517.84,129.46,Cybersecurity,4,Beginner,3.6500000000000004,0.3333333333333333,28,Female,2,1,0,0,0
U00203,3,3,312.58,104.19333333333333,Data Science,3,Intermediate,3.9333333333333336,1.0,25,Female,3,2,0,0,1
U00204,2,2,210.31,105.155,Data Science,2,Advanced,3.45,0.5,28,Female,3,0,0,2,1
U00205,4,4,166.31,41.5775,AI/ML,4,Beginner,3.9000000000000004,0.0,32,Male,0,1,1,2,2
U00206,7,7,564.5600000000001,80.65142857142858,Data Science,5,Beginner,3.4714285714285715,0.5,19,Female,3,1,0,1,0
U00207,4,4,445.08,111.27,Business,4,Intermediate,3.825,0.5,33,Male,1,2,1,0,2
U00208,3,3,328.7,109.56666666666666,Cybersecurity,1,Advanced,3.4333333333333336,0.5,18,Female,2,0,0,3,1
U00209,7,7,728.2,104.02857142857144,Data Science,5,Beginner,3.642857142857143,0.14285714285714285,26,Male,3,1,1,1,0
U00210,2,2,231.85999999999999,115.92999999999999,Data Science,1,Advanced,3.5999999999999996,2.0,30,Male,3,0,1,3,3
U00211,5,5,463.82000000000005,92.76400000000001,Web Development,4,Intermediate,3.72,0.5,22,Male,7,2,1,0,2
U00212,3,3,399.09000000000003,133.03,Business,3,Intermediate,3.8666666666666667,0.0,30,Female,1,2,0,0,0
U00213,4,4,313.37,78.3425,Design,3,Beginner,4.2,0.3333333333333333,15,Male,4,1,1,2,2
U00214,2,2,285.94,142.97,Cybersecurity,2,Advanced,3.2,1.0,24,Female,2,0,0,3,1
U00215,3,3,264.33,88.11,Business,2,Advanced,4.033333333333334,0.5,28,Male,1,0,1,2,1
U00216,3,3,181.54,60.51333333333333,Cybersecurity,2,Advanced,3.1,1.0,23,Male,2,0,1,2,1
U00217,5,5,601.54,120.30799999999999,Marketing,4,Advanced,3.3600000000000003,1.5,28,Male,6,0,1,1,2
U00218,2,2,107.09,53.545,Cybersecurity,2,Beginner,3.2,0.0,15,Female,2,1,0,2,1
U00219,5,5,655.83,131.166,Design,4,Beginner,3.94,0.3333333333333333,23,Female,4,1,0,1,0
U00220,6,6,487.67,81.27833333333334,Cybersecurity,4,Intermediate,3.6166666666666667,2.0,20,Male,2,2,1,1,2
U00221,6,6,630.3499999999999,105.05833333333332,Design,3,Beginner,4.083333333333333,0.5,27,Male,4,1,1,1,2
U00222,1,1,11.72,11.72,Cybersecurity,1,Advanced,2.8,1.0,28,Male,2,0,1,2,1
U00223,8,8,720.98,90.1225,Cybersecurity,6,Advanced,3.8625,1.0,35,Female,2,0,0,1,0
U00224,4,4,402.27000000000004,100.56750000000001,AI/ML,4,Advanced,4.025,3.0,15,Female,0,0,0,3,3
U00225,2,2,4.13,2.065,Data Science,2,Advanced,3.9499999999999997,0.5,18,Male,3,0,1,2,1
U00226,6,6,626.16,104.36,Finance,5,Advanced,3.4499999999999997,0.6666666666666666,34,Female,5,0,0,1,0
U00227,2,2,353.53999999999996,176.76999999999998,Business,2,Advanced,3.1,0.5,23,Male,1,0,1,3,1
U00228,7,7,833.46,119.0657142857143,Cybersecurity,4,Advanced,3.8000000000000003,1.5,18,Male,2,0,1,1,0
U00229,5,5,174.31,34.862,Business,5,Advanced,4.1,1.0,22,Male,1,0,1,3,2
U00230,6,6,537.38,89.56333333333333,AI/ML,3,Beginner,4.266666666666667,0.25,17,Female,0,1,0,1,0
U00231,6,6,316.09999999999997,52.68333333333333,AI/ML,6,Beginner,3.6833333333333336,0.25,16,Male,0,1,1,1,2
U00232,2,2,177.0,88.5,Design,2,Beginner,3.65,0.0,26,Female,4,1,0,2,1
U00233,8,8,510.47999999999996,63.809999999999995,Design,5,Beginner,3.7625,0.16666666666666666,32,Male,4,1,1,1,0
U00234,4,4,265.25,66.3125,Web Development,2,Advanced,3.925,2.0,32,Male,7,0,1,3,3
U00235,4,4,330.22,82.555,Marketing,3,Beginner,3.625,0.25,34,Male,6,1,1,0,2
U00236,3,2,246.05,82.01666666666667,Design,2,Advanced,3.4333333333333336,0.5,25,Female,4,0,0,2,1
U00237,2,2,178.77999999999997,89.38999999999999,Marketing,1,Beginner,2.8499999999999996,0.0,20,Male,6,1,1,2,1
U00238,3,3,369.01,123.00333333333333,AI/ML,3,Advanced,3.033333333333333,0.5,24,Female,0,0,0,3,1
U00239,4,4,536.02,134.005,Marketing,3,Advanced,3.925,3.0,32,Female,6,0,0,3,3
U00240,2,2,384.24,192.12,AI/ML,2,Advanced,3.3,1.0,34,Female,0,0,0,3,0
U00241,5,5,218.42000000000002,43.684000000000005,AI/ML,4,Advanced,3.2,1.5,23,Female,0,0,0,3,0
U00242,3,3,297.33,99.11,Data Science,2,Advanced,4.066666666666666,0.5,27,Male,3,0,1,2,1
U00243,2,2,336.67,168.335,Data Science,1,Advanced,3.5,1.0,24,Female,3,0,0,3,1
U00244,4,4,299.64,74.91,AI/ML,3,Beginner,3.575,0.0,28,Male,0,1,1,0,2
U00245,2,2,258.25,129.125,Finance,2,Intermediate,3.25,0.0,31,Female,5,2,0,0,0
U00246,3,3,250.40999999999997,83.46999999999998,Data Science,3,Beginner,4.366666666666666,0.3333333333333333,31,Male,3,1,1,2,2
U00247,5,5,562.12,112.424,Marketing,4,Beginner,3.08,0.0,30,Female,6,1,0,1,0
U00248,3,3,289.61,96.53666666666668,Web Development,2,Beginner,4.0,0.3333333333333333,17,Male,7,1,1,2,2
U00249,5,5,432.19000000000005,86.43800000000002,Data Science,4,Advanced,3.3,2.0,35,Female,3,0,0,3,0
U00250,3,3,288.48,96.16000000000001,Cybersecurity,2,Intermediate,4.3999999999999995,1.0,21,Male,2,2,1,0,2
U00251,3,3,236.71999999999997,78.90666666666665,Data Science,2,Advanced,2.9,0.5,28,Female,3,0,0,2,1
U00252,1,1,170.76,170.76,Design,1,Beginner,4.6,0.0,29,Female,4,1,0,0,1
U00253,5,5,447.9,89.58,AI/ML,3,Intermediate,3.3600000000000003,0.0,19,Male,0,2,1,0,2
U00254,3,3,399.45,133.15,Web Development,2,Advanced,3.1333333333333333,0.5,19,Female,7,0,0,3,0
U00255,3,3,274.20000000000005,91.40000000000002,Data Science,2,Advanced,3.8000000000000003,1.0,26,Female,3,0,0,3,1
U00256,5,4,520.44,104.08800000000001,AI/ML,5,Advanced,4.08,3.0,35,Female,0,0,0,3,3
U00257,4,4,527.99,131.9975,AI/ML,3,Advanced,3.875,2.0,29,Male,0,0,1,3,2
U00258,8,8,1077.59,134.69875,Cybersecurity,5,Advanced,3.7624999999999997,2.0,19,Male,2,0,1,1,0
U00259,4,4,475.41999999999996,118.85499999999999,Cybersecurity,3,Beginner,3.775,0.3333333333333333,35,Male,2,1,1,0,2
U00260,6,6,400.74,66.79,Cybersecurity,4,Advanced,4.25,1.5,35,Male,2,0,1,1,2
U00261,6,6,356.46,59.41,AI/ML,5,Advanced,4.066666666666667,5.0,28,Female,0,0,0,3,3
U00262,5,5,421.81,84.362,Cybersecurity,4,Advanced,3.38,2.0,24,Male,2,0,1,3,2
U00263,5,5,559.9,111.97999999999999,AI/ML,5,Advanced,3.3200000000000003,0.6666666666666666,15,Male,0,0,1,1,2
U00264,4,4,496.28,124.07,Design,3,Intermediate,3.4,0.5,18,Female,4,2,0,0,0
U00265,3,3,182.23000000000002,60.74333333333334,Business,3,Beginner,3.9,0.0,15,Male,1,1,1,2,2
U00266,2,2,174.25,87.125,Marketing,1,Beginner,3.5,0.0,25,Female,6,1,0,2,1
U00267,4,4,354.84,88.71,AI/ML,4,Beginner,3.8,0.3333333333333333,34,Male,0,1,1,0,2
U00268,2,2,249.82999999999998,124.91499999999999,Cybersecurity,2,Intermediate,4.35,0.0,29,Female,2,2,0,0,0
U00269,3,3,341.23,113.74333333333334,Data Science,3,Advanced,3.233333333333333,0.5,22,Female,3,0,0,3,1
U00270,5,5,433.92,86.784,AI/ML,5,Intermediate,3.9,0.5,23,Male,0,2,1,1,2
U00271,3,3,415.59,138.53,AI/ML,3,Beginner,3.1666666666666665,0.3333333333333333,15,Male,0,1,1,0,2
U00272,1,1,167.05,167.05,AI/ML,1,Beginner,5.0,0.0,25,Male,0,1,1,2,2
U00273,4,4,424.73,106.1825,AI/ML,3,Advanced,3.6500000000000004,1.0,25,Female,0,0,0,3,0
U00274,2,2,134.58,67.29,AI/ML,2,Advanced,3.1500000000000004,2.0,32,Female,0,0,0,3,1
U00275,5,5,642.19,128.43800000000002,Web Development,2,Advanced,3.3,2.0,28,Female,7,0,0,3,0
U00276,3,3,467.03999999999996,155.67999999999998,Business,3,Advanced,4.066666666666666,1.0,22,Female,1,0,0,3,1
U00277,5,5,497.48,99.49600000000001,Marketing,3,Beginner,3.5799999999999996,0.25,21,Male,6,1,1,0,2
U00278,6,6,726.38,121.06333333333333,Marketing,4,Beginner,3.966666666666667,0.0,27,Male,6,1,1,1,2
U00279,4,4,487.64,121.91,AI/ML,4,Intermediate,3.575,0.5,24,Male,0,2,1,0,2
U00280,3,3,400.16,133.38666666666668,Web Development,2,Intermediate,3.466666666666667,0.0,15,Male,7,2,1,0,2
U00281,6,6,394.45,65.74166666666666,Business,3,Beginner,3.5666666666666664,0.2,30,Female,1,1,0,0,0
U00282,4,4,354.2,88.55,AI/ML,2,Advanced,4.025,0.6666666666666666,19,Male,0,0,1,3,2
U00283,7,7,851.47,121.63857142857144,AI/ML,5,Intermediate,3.628571428571429,0.6666666666666666,28,Male,0,2,1,1,2
U00284,5,5,478.82,95.764,Cybersecurity,5,Advanced,3.4,1.0,30,Male,2,0,1,1,2
U00285,4,4,645.03,161.2575,Cybersecurity,4,Intermediate,3.975,0.5,29,Female,2,2,0,0,0
U00286,5,5,424.07,84.814,Data Science,3,Beginner,3.56,0.25,24,Female,3,1,0,0,0
U00287,4,4,276.37,69.0925,AI/ML,4,Advanced,3.275,1.0,21,Female,0,0,0,3,0
U00288,3,3,409.78,136.59333333333333,Data Science,2,Advanced,3.4,0.5,35,Male,3,0,1,3,2
U00289,2,2,169.34,84.67,AI/ML,2,Advanced,4.05,0.5,17,Female,0,0,0,2,1
U00290,3,3,252.12,84.04,Design,2,Advanced,3.9,0.5,17,Female,4,0,0,2,0
U00291,4,4,507.52,126.88,Marketing,3,Advanced,3.325,2.0,16,Female,6,0,0,3,0
U00292,4,4,387.52,96.88,Data Science,3,Intermediate,3.75,1.0,33,Male,3,2,1,0,2
U00293,4,4,612.15,153.0375,Finance,3,Beginner,3.5999999999999996,0.0,25,Female,5,1,0,0,0
U00294,1,1,123.22,123.22,Business,1,Beginner,4.4,0.0,21,Female,1,1,0,2,0
U00295,4,4,301.57,75.3925,AI/ML,3,Intermediate,3.8,0.5,29,Male,0,2,1,0,2
U00296,3,3,217.38,72.46,Data Science,2,Intermediate,2.8333333333333335,0.0,31,Female,3,2,0,0,1
U00297,6,6,742.87,123.81166666666667,AI/ML,5,Advanced,4.133333333333334,1.5,29,Male,0,0,1,1,0
U00298,2,2,143.51,71.755,AI/ML,2,Advanced,3.7,2.0,32,Male,0,0,1,3,3
U00299,5,5,443.5,88.7,Design,3,Advanced,4.32,1.0,20,Female,4,0,0,3,1
U00300,2,2,148.11,74.055,Business,2,Advanced,4.45,1.0,26,Female,1,0,0,2,1
U00301,5,5,570.87,114.174,AI/ML,3,Advanced,3.3199999999999994,1.0,26,Male,0,0,1,3,2
U00302,8,8,891.4,111.425,Business,6,Beginner,3.4875000000000003,0.2,34,Female,1,1,0,1,0
U00303,4,4,554.67,138.6675,Cybersecurity,4,Beginner,3.275,0.3333333333333333,35,Male,2,1,1,0,2
U00304,4,4,623.4,155.85,Data Science,4,Advanced,3.825,2.0,35,Male,3,0,1,3,2
U00305,5,5,299.12,59.824,Data Science,4,Intermediate,3.34,0.0,22,Male,3,2,1,0,2
U00306,6,6,248.61,41.435,AI/ML,5,Advanced,3.983333333333333,0.75,28,Male,0,0,1,1,2
U00307,4,4,245.43,61.3575,Data Science,2,Intermediate,3.175,1.0,33,Female,3,2,0,0,1
U00308,2,2,251.64,125.82,Data Science,2,Beginner,3.4,0.0,26,Male,3,1,1,0,2
U00309,6,6,520.2,86.7,Marketing,4,Beginner,3.8333333333333335,0.25,27,Male,6,1,1,1,2
U00310,2,2,189.87,94.935,Data Science,2,Beginner,3.3,0.0,26,Female,3,1,0,2,1
U00311,4,4,382.32000000000005,95.58000000000001,Data Science,3,Beginner,3.7,0.3333333333333333,18,Female,3,1,0,0,0
U00312,4,4,300.04,75.01,Design,3,Intermediate,3.65,0.5,30,Female,4,2,0,0,0
U00313,4,4,422.73,105.6825,Cybersecurity,4,Intermediate,4.1,0.5,29,Female,2,2,0,0,0
U00314,5,5,633.55,126.71,Marketing,4,Beginner,3.78,0.3333333333333333,19,Female,6,1,0,1,0
U00315,2,2,54.58,27.29,Design,2,Advanced,3.3,1.0,31,Female,4,0,0,2,1
U00316,2,2,122.02,61.01,Cybersecurity,2,Beginner,4.1,0.0,19,Female,2,1,0,2,1
U00317,5,5,519.3,103.85999999999999,Data Science,2,Beginner,3.22,0.25,19,Male,3,1,1,0,2
U00318,4,4,333.27,83.3175,Business,4,Advanced,3.825,1.0,20,Male,1,0,1,3,2
U00319,7,7,703.06,100.43714285714285,Business,4,Intermediate,4.071428571428571,0.6666666666666666,15,Female,1,2,0,1,0
U00320,3,3,317.47,105.82333333333334,Finance,2,Advanced,4.033333333333333,1.0,29,Male,5,0,1,3,1
U00321,4,4,414.40999999999997,103.60249999999999,Design,3,Beginner,3.775,0.3333333333333333,28,Male,4,1,1,0,2
U00322,4,4,209.8,52.45,Data Science,4,Advanced,3.4,1.0,23,Male,3,0,1,3,2
U00323,4,4,450.69,112.6725,Marketing,3,Beginner,3.9,0.3333333333333333,21,Female,6,1,0,0,0
U00324,3,3,422.53999999999996,140.84666666666666,Business,2,Advanced,2.9,3.0,16,Male,1,0,1,3,2
U00325,2,2,223.2,111.6,Cybersecurity,2,Beginner,3.1,0.0,26,Male,2,1,1,0,2
U00326,4,4,496.62,124.155,Marketing,3,Beginner,3.975,0.0,25,Female,6,1,0,0,0
U00327,3,3,246.07,82.02333333333333,Business,3,Advanced,4.1,1.0,31,Female,1,0,0,3,1
U00328,4,4,324.88,81.22,Cybersecurity,4,Beginner,3.3,0.25,29,Female,2,1,0,0,0
U00329,2,2,276.22,138.11,Cybersecurity,2,Intermediate,3.8,0.0,20,Female,2,2,0,0,0
U00330,2,2,345.9,172.95,Business,2,Beginner,4.5,0.0,15,Female,1,1,0,0,1
U00331,6,6,811.83,135.305,Cybersecurity,4,Intermediate,3.6833333333333336,0.3333333333333333,17,Male,2,2,1,1,2
U00332,3,3,320.4,106.8,Business,3,Advanced,3.8333333333333335,1.0,25,Male,1,0,1,3,2
U00333,2,2,219.55,109.775,Marketing,1,Advanced,4.300000000000001,0.5,26,Female,6,0,0,2,1
U00334,3,3,208.39,69.46333333333332,AI/ML,3,Beginner,3.0,0.0,24,Female,0,1,0,0,1
U00335,6,6,636.01,106.00166666666667,Finance,4,Intermediate,3.3666666666666667,2.0,33,Female,5,2,0,1,2
U00336,5,5,602.0899999999999,120.41799999999998,Business,5,Advanced,4.4,1.5,19,Male,1,0,1,1,2
U00337,4,4,394.9,98.725,Data Science,4,Beginner,3.475,0.0,29,Female,3,1,0,0,0
U00338,3,3,366.21999999999997,122.07333333333332,Data Science,3,Advanced,3.0,0.5,23,Female,3,0,0,3,1
U00339,7,7,748.51,106.92999999999999,Cybersecurity,5,Intermediate,3.4285714285714284,1.0,29,Male,2,2,1,1,2
U00340,8,8,816.9,102.1125,AI/ML,5,Advanced,3.675,2.0,30,Male,0,0,1,1,0
U00341,3,3,183.72,61.24,Cybersecurity,2,Advanced,3.1333333333333333,2.0,24,Male,2,0,1,3,1
U00342,2,2,212.66,106.33,AI/ML,2,Beginner,3.85,0.0,26,Female,0,1,0,2,1
U00343,3,3,460.21000000000004,153.40333333333334,Marketing,2,Intermediate,3.8333333333333335,0.0,31,Male,6,2,1,0,2
U00344,4,4,593.63,148.4075,Cybersecurity,3,Beginner,3.45,0.0,17,Male,2,1,1,0,2
U00345,5,5,357.81,71.562,Marketing,3,Beginner,4.16,0.25,16,Male,6,1,1,0,2
U00346,7,7,690.08,98.58285714285715,Finance,6,Intermediate,3.8714285714285714,3.0,33,Female,5,2,0,1,2
U00347,4,4,364.84,91.21,Marketing,2,Advanced,4.375,2.0,32,Female,6,0,0,3,3
U00348,3,3,448.28,149.42666666666665,Business,3,Advanced,3.766666666666667,2.0,30,Female,1,0,0,3,3
U00349,3,3,436.78000000000003,145.59333333333333,Cybersecurity,3,Intermediate,3.1,1.0,28,Male,2,2,1,0,2
U00350,1,1,116.2,116.2,Web Development,1,Advanced,5.0,1.0,17,Male,7,0,1,2,1
U00351,3,3,215.45999999999998,71.82,Cybersecurity,3,Intermediate,3.4,0.0,18,Female,2,2,0,0,1
U00352,2,2,213.15999999999997,106.57999999999998,Design,2,Advanced,3.95,2.0,28,Male,4,0,1,3,3
U00353,3,3,385.72,128.57333333333335,AI/ML,3,Advanced,3.966666666666667,0.5,34,Female,0,0,0,3,0
U00354,5,5,417.28,83.45599999999999,Cybersecurity,3,Beginner,4.0200000000000005,0.3333333333333333,35,Male,2,1,1,0,2
U00355,3,3,127.11,42.37,Cybersecurity,3,Advanced,4.266666666666667,1.0,15,Female,2,0,0,2,1
U00356,4,4,351.51,87.8775,AI/ML,4,Beginner,4.075,0.0,21,Female,0,1,0,0,0
U00357,6,6,773.76,128.96,Cybersecurity,5,Intermediate,3.3000000000000003,1.0,15,Female,2,2,0,1,0
U00358,4,4,273.01,68.2525,Business,4,Intermediate,3.35,0.5,19,Male,1,2,1,0,2
U00359,5,5,533.5600000000001,106.71200000000002,Web Development,4,Advanced,4.24,1.0,29,Female,7,0,0,1,0
U00360,7,7,667.8,95.39999999999999,AI/ML,6,Advanced,3.9285714285714284,1.3333333333333333,32,Male,0,0,1,1,0
U00361,3,3,120.6,40.199999999999996,Design,2,Beginner,4.233333333333333,0.0,18,Female,4,1,0,2,1
U00362,4,4,531.0,132.75,AI/ML,4,Beginner,3.725,0.3333333333333333,16,Male,0,1,1,0,2
U00363,4,4,505.99,126.4975,Data Science,4,Beginner,3.05,0.3333333333333333,32,Female,3,1,0,0,0
U00364,3,3,175.82,58.60666666666666,Cybersecurity,3,Intermediate,4.033333333333333,1.0,34,Male,2,2,1,2,2
U00365,4,4,464.56,116.14,AI/ML,4,Advanced,3.65,1.0,30,Female,0,0,0,3,0
U00366,4,4,309.83,77.4575,Design,3,Beginner,3.925,0.25,28,Male,4,1,1,0,2
U00367,5,5,413.27,82.654,Data Science,4,Advanced,3.4799999999999995,1.0,21,Male,3,0,1,3,2
U00368,3,3,235.01,78.33666666666666,Business,3,Advanced,4.033333333333334,0.5,26,Male,1,0,1,2,1
U00369,2,2,163.45999999999998,81.72999999999999,Business,2,Advanced,3.6999999999999997,1.0,19,Male,1,0,1,2,2
U00370,1,1,84.05,84.05,Finance,1,Beginner,4.7,0.0,17,Male,5,1,1,2,1
U00371,5,5,241.29999999999998,48.26,Marketing,4,Advanced,3.96,1.5,17,Female,6,0,0,3,0
U00372,5,5,480.31,96.062,Web Development,4,Advanced,3.6799999999999997,1.0,23,Male,7,0,1,1,2
U00373,7,7,602.45,86.06428571428572,Data Science,5,Advanced,3.6999999999999997,1.0,26,Female,3,0,0,1,0
U00374,4,4,418.4,104.6,AI/ML,4,Advanced,3.275,1.5,28,Female,0,0,0,3,0
U00375,4,4,273.36,68.34,Business,4,Intermediate,3.75,0.5,34,Female,1,2,0,0,0
U00376,3,3,445.6,148.53333333333333,AI/ML,2,Intermediate,3.8666666666666667,1.0,29,Male,0,2,1,0,2
U00377,3,3,298.29,99.43,AI/ML,3,Advanced,3.0,1.0,21,Female,0,0,0,3,1
U00378,4,4,301.03,75.2575,Business,4,Beginner,3.525,0.0,21,Female,1,1,0,0,1
U00379,3,3,277.92,92.64,Marketing,2,Advanced,4.333333333333333,0.5,20,Male,6,0,1,2,1
U00380,4,4,475.11,118.7775,Marketing,3,Advanced,3.6500000000000004,2.0,23,Female,6,0,0,3,0
U00381,4,4,213.53,53.3825,AI/ML,4,Advanced,3.525,1.0,32,Male,0,0,1,3,2
U00382,1,1,38.32,38.32,Data Science,1,Advanced,4.7,1.0,25,Male,3,0,1,2,1
U00383,1,1,131.58,131.58,Cybersecurity,1,Advanced,3.8,1.0,29,Female,2,0,0,2,1
U00384,4,4,271.52,67.88,Cybersecurity,3,Advanced,3.8,0.6666666666666666,32,Female,2,0,0,3,1
U00385,4,4,596.27,149.0675,AI/ML,4,Intermediate,3.9000000000000004,0.0,20,Male,0,2,1,0,2
U00386,2,2,126.58,63.29,AI/ML,2,Beginner,4.75,0.0,29,Female,0,1,0,2,1
U00387,2,2,225.69,112.845,Business,2,Advanced,3.95,0.5,29,Female,1,0,0,2,1
U00388,4,4,547.15,136.7875,AI/ML,4,Advanced,4.2,2.0,18,Male,0,0,1,3,2
U00389,4,4,665.38,166.345,Business,2,Beginner,3.8499999999999996,0.3333333333333333,27,Female,1,1,0,0,0
U00390,3,3,383.95,127.98333333333333,Finance,2,Beginner,3.5,0.0,18,Female,5,1,0,0,0
U00391,6,6,447.14,74.52333333333333,Cybersecurity,5,Advanced,4.1000000000000005,0.6666666666666666,19,Female,2,0,0,1,0
U00392,5,5,378.14,75.628,Web Development,4,Intermediate,3.4799999999999995,0.0,19,Female,7,2,0,0,0
U00393,3,3,419.24,139.74666666666667,AI/ML,3,Advanced,4.066666666666666,0.5,30,Male,0,0,1,3,2
U00394,2,2,282.95,141.475,AI/ML,2,Advanced,3.1,1.0,30,Female,0,0,0,3,1
U00395,3,3,308.91,102.97000000000001,Cybersecurity,3,Intermediate,3.733333333333333,1.0,22,Female,2,2,0,0,1
U00396,6,6,418.65,69.77499999999999,Marketing,4,Beginner,3.6999999999999997,0.2,30,Male,6,1,1,1,2
U00397,4,4,233.45000000000002,58.362500000000004,Design,3,Intermediate,3.675,0.5,16,Male,4,2,1,0,2
U00398,4,4,498.75,124.6875,Marketing,3,Beginner,3.9749999999999996,0.3333333333333333,27,Female,6,1,0,0,0
U00399,4,4,366.6,91.65,Cybersecurity,3,Advanced,3.275,1.0,31,Female,2,0,0,3,1
U00400,6,6,797.31,132.885,Marketing,5,Advanced,3.5666666666666664,0.6666666666666666,23,Male,6,0,1,1,0
U00401,3,3,102.28,34.093333333333334,Data Science,2,Intermediate,3.033333333333333,1.0,21,Female,3,2,0,2,1
U00402,4,4,359.63,89.9075,Business,4,Advanced,4.15,1.5,23,Male,1,0,1,3,2
U00403,4,4,469.88,117.47,Cybersecurity,4,Beginner,3.8,0.0,34,Female,2,1,0,0,0
U00404,4,4,356.37,89.0925,Marketing,3,Advanced,4.4,0.6666666666666666,21,Female,6,0,0,2,0
U00405,4,4,257.43,64.3575,AI/ML,4,Beginner,4.575,0.3333333333333333,24,Male,0,1,1,2,2
U00406,3,3,156.22,52.07333333333333,AI/ML,3,Advanced,4.266666666666667,0.5,33,Male,0,0,1,2,2
U00407,3,3,152.73000000000002,50.910000000000004,AI/ML,3,Beginner,3.733333333333333,0.0,23,Male,0,1,1,2,2
U00408,4,4,463.57,115.8925,Data Science,2,Advanced,4.025,2.0,19,Female,3,0,0,3,0
U00409,3,3,512.64,170.88,Business,3,Advanced,3.5666666666666664,0.5,35,Male,1,0,1,3,2
U00410,4,4,314.04,78.51,AI/ML,4,Advanced,3.425,2.0,33,Male,0,0,1,3,2
U00411,4,4,580.41,145.1025,Web Development,3,Intermediate,3.45,0.5,17,Female,7,2,0,0,0
U00412,3,3,358.28,119.42666666666666,Web Development,2,Intermediate,3.6666666666666665,0.0,24,Female,7,2,0,0,0
U00413,3,3,238.39000000000001,79.46333333333334,Business,3,Intermediate,4.066666666666666,1.0,23,Male,1,2,1,0,2
U00414,2,2,175.84,87.92,Data Science,2,Advanced,2.6,1.0,25,Male,3,0,1,3,1
U00415,4,4,332.99,83.2475,Data Science,3,Beginner,3.325,0.3333333333333333,31,Female,3,1,0,0,0
U00416,6,6,695.63,115.93833333333333,AI/ML,6,Beginner,3.3833333333333333,0.5,17,Female,0,1,0,1,0
U00417,4,4,568.65,142.1625,Cybersecurity,4,Beginner,3.925,0.3333333333333333,32,Female,2,1,0,0,0
U00418,5,5,671.5799999999999,134.31599999999997,AI/ML,5,Advanced,4.0,4.0,23,Female,0,0,0,3,3
U00419,1,1,153.03,153.03,Data Science,1,Beginner,3.8,0.0,21,Female,3,1,0,0,0
U00420,7,7,687.1800000000001,98.16857142857144,Cybersecurity,6,Advanced,3.757142857142857,1.5,24,Female,2,0,0,1,0
U00421,4,4,320.24,80.06,Business,3,Beginner,3.075,0.0,32,Male,1,1,1,0,2
U00422,3,3,125.17999999999999,41.72666666666667,Design,3,Advanced,3.1333333333333333,0.5,15,Female,4,0,0,2,1
U00423,5,5,501.02,100.204,Marketing,4,Beginner,3.4799999999999995,0.3333333333333333,27,Female,6,1,0,1,0
U00424,5,5,400.31,80.062,Business,3,Beginner,3.9200000000000004,0.25,35,Male,1,1,1,0,2
U00425,4,4,381.73999999999995,95.43499999999999,AI/ML,4,Advanced,3.725,1.0,19,Male,0,0,1,3,2
U00426,1,1,123.95,123.95,Data Science,1,Beginner,3.0,0.0,21,Male,3,1,1,2,1
U00427,4,4,352.82,88.205,Design,3,Advanced,4.6,0.6666666666666666,29,Female,4,0,0,3,1
U00428,6,6,703.58,117.26333333333334,Data Science,3,Advanced,3.8833333333333333,1.0,23,Male,3,0,1,1,2
U00429,3,3,251.63,83.87666666666667,Cybersecurity,2,Beginner,3.9333333333333336,0.0,23,Female,2,1,0,2,1
U00430,6,6,572.34,95.39,Business,6,Intermediate,3.733333333333333,1.0,27,Male,1,2,1,1,2
U00431,3,3,326.35,108.78333333333335,Design,2,Advanced,4.233333333333333,2.0,15,Female,4,0,0,3,0
U00432,5,5,538.94,107.78800000000001,Data Science,4,Advanced,3.5,1.0,31,Male,3,0,1,1,2
U00433,3,3,246.0,82.0,AI/ML,3,Advanced,3.6999999999999997,0.5,32,Female,0,0,0,3,0
U00434,4,4,442.36,110.59,Business,2,Advanced,3.5999999999999996,0.6666666666666666,22,Male,1,0,1,3,2
U00435,5,5,709.97,141.994,Data Science,4,Advanced,3.66,4.0,34,Female,3,0,0,3,3
U00436,2,2,256.03000000000003,128.01500000000001,Data Science,2,Advanced,4.35,1.0,20,Female,3,0,0,3,1
U00437,1,1,66.34,66.34,Design,1,Advanced,4.4,1.0,28,Male,4,0,1,2,1
U00438,6,6,732.92,122.15333333333332,Design,4,Intermediate,3.4,0.3333333333333333,21,Male,4,2,1,1,2
U00439,3,2,168.60999999999999,56.203333333333326,AI/ML,2,Advanced,4.8999999999999995,1.0,31,Female,0,0,0,2,1
U00440,3,3,279.38,93.12666666666667,Cybersecurity,3,Advanced,2.8666666666666667,2.0,20,Female,2,0,0,3,3
U00441,3,3,473.44000000000005,157.81333333333336,Marketing,2,Intermediate,3.6999999999999997,1.0,19,Male,6,2,1,0,2
U00442,7,7,748.6800000000001,106.95428571428572,Data Science,2,Beginner,3.642857142857143,0.16666666666666666,21,Female,3,1,0,1,0
U00443,1,1,127.77,127.77,Web Development,1,Advanced,4.6,1.0,21,Female,7,0,0,2,1
U00444,3,3,270.53999999999996,90.17999999999999,Data Science,3,Beginner,3.233333333333333,0.0,15,Female,3,1,0,0,1
U00445,3,3,144.75,48.25,Cybersecurity,3,Advanced,4.3,3.0,31,Female,2,0,0,3,3
U00446,7,6,567.26,81.03714285714285,Business,5,Advanced,3.6,1.0,19,Female,1,0,0,1,0
U00447,4,4,561.6700000000001,140.41750000000002,AI/ML,4,Intermediate,3.175,1.0,23,Male,0,2,1,0,2
U00448,5,5,384.73,76.946,Data Science,4,Beginner,4.1,0.25,27,Male,3,1,1,1,2
U00449,6,6,654.52,109.08666666666666,Marketing,5,Intermediate,3.483333333333333,2.0,33,Female,6,2,0,1,2
U00450,4,4,304.01,76.0025,AI/ML,3,Advanced,3.45,3.0,20,Male,0,0,1,3,3
U00451,3,3,236.6,78.86666666666666,Business,3,Advanced,3.1,1.0,20,Male,1,0,1,3,1
U00452,5,5,280.48,56.096000000000004,Data Science,3,Beginner,4.0200000000000005,0.5,23,Male,3,1,1,2,2
U00453,4,4,479.97,119.9925,AI/ML,4,Advanced,3.4,1.0,20,Male,0,0,1,3,2
U00454,2,2,294.15,147.075,Web Development,1,Advanced,3.75,1.0,28,Female,7,0,0,3,1
U00455,4,4,389.59000000000003,97.39750000000001,Cybersecurity,4,Intermediate,3.6,0.5,19,Male,2,2,1,0,2
U00456,7,7,854.51,122.07285714285715,Design,5,Beginner,3.4714285714285715,0.16666666666666666,24,Female,4,1,0,1,0
U00457,3,3,253.85999999999999,84.61999999999999,AI/ML,3,Advanced,3.033333333333333,2.0,34,Female,0,0,0,3,1
U00458,4,4,419.46,104.865,Web Development,3,Advanced,3.6750000000000003,2.0,31,Female,7,0,0,3,0
U00459,1,1,28.8,28.8,AI/ML,1,Intermediate,4.3,0.0,22,Male,0,2,1,2,1
U00460,6,6,754.52,125.75333333333333,Design,5,Advanced,3.5833333333333335,0.75,24,Female,4,0,0,1,0
U00461,2,2,242.06,121.03,Design,2,Advanced,3.6999999999999997,0.5,21,Female,4,0,0,2,1
U00462,3,3,314.93,104.97666666666667,Data Science,3,Advanced,4.1000000000000005,1.0,30,Male,3,0,1,3,1
U00463,4,4,412.07,103.0175,Web Development,3,Beginner,3.55,0.0,18,Female,7,1,0,0,0
U00464,4,4,525.67,131.4175,Data Science,4,Beginner,3.9499999999999997,0.0,25,Male,3,1,1,0,2
U00465,4,4,430.94,107.735,AI/ML,3,Intermediate,3.425,0.5,26,Male,0,2,1,0,2
U00466,5,5,348.82,69.764,Marketing,4,Advanced,3.56,3.0,32,Female,6,0,0,3,0
U00467,4,4,326.43,81.6075,Design,3,Intermediate,3.325,1.0,34,Male,4,2,1,0,2
U00468,4,4,585.3000000000001,146.32500000000002,Cybersecurity,2,Advanced,3.7,1.0,19,Female,2,0,0,3,0
U00469,5,5,474.43,94.886,Business,5,Advanced,3.44,1.0,20,Female,1,0,0,1,0
U00470,2,2,244.48,122.24,Design,2,Beginner,3.35,0.0,18,Female,4,1,0,0,0
U00471,5,5,472.13,94.426,Cybersecurity,3,Intermediate,3.8,2.0,31,Female,2,2,0,0,2
U00472,4,4,539.08,134.77,AI/ML,3,Advanced,3.4,2.0,22,Female,0,0,0,3,0
U00473,5,5,572.26,114.452,Cybersecurity,3,Beginner,3.88,0.3333333333333333,32,Female,2,1,0,0,0
U00474,1,1,2.39,2.39,Web Development,1,Beginner,2.6,0.0,31,Male,7,1,1,2,1
U00475,2,2,120.68,60.34,Data Science,2,Advanced,3.75,1.0,24,Male,3,0,1,2,1
U00476,1,1,11.38,11.38,Marketing,1,Intermediate,4.7,0.0,29,Female,6,2,0,2,1
U00477,4,4,551.25,137.8125,Finance,3,Beginner,4.225,0.0,19,Male,5,1,1,0,2
U00478,7,7,844.99,120.71285714285715,Design,3,Beginner,3.7142857142857144,0.14285714285714285,30,Male,4,1,1,1,2
U00479,3,3,349.5,116.5,Design,3,Advanced,4.066666666666666,2.0,33,Male,4,0,1,3,3
U00480,2,2,64.93,32.465,Business,2,Advanced,4.25,0.5,20,Female,1,0,0,2,1
U00481,3,3,348.83000000000004,116.27666666666669,Cybersecurity,2,Advanced,3.8000000000000003,2.0,32,Female,2,0,0,3,3
U00482,2,2,163.23999999999998,81.61999999999999,AI/ML,2,Advanced,3.7,1.0,33,Female,0,0,0,2,1
U00483,3,3,405.96000000000004,135.32000000000002,Design,2,Advanced,3.4333333333333336,2.0,22,Male,4,0,1,3,2
U00484,5,5,521.66,104.332,Web Development,3,Advanced,3.38,0.6666666666666666,16,Male,7,0,1,1,2
U00485,4,4,408.64,102.16,AI/ML,4,Intermediate,3.95,0.5,29,Female,0,2,0,0,0
U00486,7,7,607.3399999999999,86.76285714285713,Marketing,4,Beginner,4.1,0.5,21,Female,6,1,0,1,0
U00487,4,4,317.46999999999997,79.36749999999999,AI/ML,4,Beginner,3.975,0.3333333333333333,15,Female,0,1,0,0,0
U00488,4,4,246.0,61.5,AI/ML,3,Beginner,3.75,0.3333333333333333,20,Male,0,1,1,2,2
U00489,6,6,735.39,122.565,AI/ML,6,Advanced,3.4500000000000006,4.0,18,Male,0,0,1,1,3
U00490,4,4,452.22,113.055,Cybersecurity,4,Intermediate,2.975,0.0,33,Male,2,2,1,0,2
U00491,3,3,210.35,70.11666666666666,Data Science,2,Advanced,2.733333333333333,1.0,20,Male,3,0,1,3,1
U00492,2,2,95.87,47.935,Cybersecurity,2,Beginner,3.75,0.0,20,Female,2,1,0,2,1
U00493,2,2,331.46000000000004,165.73000000000002,Design,2,Advanced,3.45,1.0,30,Male,4,0,1,3,1
U00494,2,2,318.73,159.365,Design,2,Advanced,2.8,2.0,26,Male,4,0,1,3,1
U00495,3,3,177.82999999999998,59.276666666666664,Marketing,2,Advanced,3.733333333333333,1.0,35,Female,6,0,0,2,1
U00496,7,7,827.71,118.24428571428572,Data Science,5,Advanced,3.814285714285714,1.0,29,Female,3,0,0,1,0
U00497,5,5,570.06,114.01199999999999,Cybersecurity,5,Intermediate,3.8200000000000003,0.5,21,Female,2,2,0,1,0
U00498,2,2,159.77,79.885,Cybersecurity,2,Advanced,3.1500000000000004,1.0,20,Female,2,0,0,2,1
U00499,3,3,280.27,93.42333333333333,Cybersecurity,3,Advanced,3.6999999999999997,3.0,21,Male,2,0,1,3,3
U00500,2,2,202.35000000000002,101.17500000000001,Data Science,2,Advanced,4.15,0.5,16,Female,3,0,0,2,1
U00501,5,5,363.24,72.648,Cybersecurity,4,Beginner,3.1399999999999997,0.3333333333333333,26,Female,2,1,0,0,0
U00502,6,6,299.13,49.855,Data Science,4,Advanced,3.6666666666666665,0.75,22,Female,3,0,0,1,0
U00503,2,2,311.28000000000003,155.64000000000001,Cybersecurity,2,Advanced,3.6,1.0,15,Male,2,0,1,3,1
U00504,6,6,659.29,109.88166666666666,Data Science,5,Beginner,3.8666666666666667,0.5,16,Male,3,1,1,1,2
U00505,6,6,658.85,109.80833333333334,AI/ML,4,Advanced,3.1333333333333333,5.0,17,Male,0,0,1,3,3
U00506,1,1,189.99,189.99,Marketing,1,Intermediate,2.8,0.0,33,Female,6,2,0,0,1
U00507,2,2,295.75,147.875,Business,2,Advanced,3.45,0.5,15,Male,1,0,1,3,1
U00508,3,3,272.47,90.82333333333334,AI/ML,3,Advanced,3.8666666666666667,1.0,28,Female,0,0,0,3,0
U00509,3,3,207.4,69.13333333333334,Cybersecurity,3,Advanced,4.066666666666666,0.5,20,Female,2,0,0,2,1
U00510,1,1,139.61,139.61,Web Development,1,Advanced,4.2,1.0,15,Male,7,0,1,2,1
U00511,4,4,374.11,93.5275,AI/ML,4,Advanced,3.85,1.0,28,Male,0,0,1,3,2
U00512,3,3,317.89,105.96333333333332,Marketing,2,Advanced,3.9,2.0,22,Male,6,0,1,3,3
U00513,3,3,346.0,115.33333333333333,AI/ML,3,Beginner,3.9333333333333336,0.3333333333333333,25,Male,0,1,1,0,2
U00514,5,5,387.11,77.422,AI/ML,5,Intermediate,3.16,0.0,30,Female,0,2,0,0,0
U00515,4,4,376.87,94.2175,Business,4,Intermediate,3.9000000000000004,0.0,19,Female,1,2,0,0,0
U00516,3,3,202.46999999999997,67.49,Design,3,Beginner,3.3666666666666667,0.3333333333333333,33,Female,4,1,0,2,1
U00517,3,3,449.59000000000003,149.86333333333334,Design,3,Beginner,3.966666666666667,0.3333333333333333,22,Female,4,1,0,0,0
U00518,3,3,308.51,102.83666666666666,AI/ML,3,Intermediate,3.9,0.0,20,Female,0,2,0,0,1
U00519,3,3,325.65000000000003,108.55000000000001,AI/ML,3,Advanced,4.466666666666667,0.5,27,Female,0,0,0,3,1
U00520,3,3,269.17,89.72333333333334,Data Science,2,Beginner,4.266666666666667,0.0,29,Male,3,1,1,2,2
U00521,3,3,440.27,146.75666666666666,Design,2,Beginner,3.5666666666666664,0.0,26,Female,4,1,0,0,0
U00522,4,4,410.47,102.6175,Design,3,Beginner,4.5,0.3333333333333333,21,Male,4,1,1,0,2
U00523,1,1,29.59,29.59,Business,1,Intermediate,4.0,0.0,31,Male,1,2,1,2,1
U00524,3,3,559.86,186.62,Cybersecurity,3,Advanced,3.4,0.5,24,Male,2,0,1,3,2
U00525,6,6,813.45,135.57500000000002,Design,4,Intermediate,4.25,0.3333333333333333,31,Male,4,2,1,1,2
U00526,6,6,550.65,91.77499999999999,Business,6,Beginner,3.6,0.16666666666666666,24,Male,1,1,1,1,2
U00527,2,2,270.4,135.2,Design,2,Beginner,3.7,0.0,18,Male,4,1,1,0,2
U00528,4,4,226.15,56.5375,Marketing,3,Intermediate,3.4749999999999996,0.0,26,Female,6,2,0,0,0
U00529,8,8,1077.55,134.69375,Marketing,6,Beginner,4.1625,0.16666666666666666,25,Male,6,1,1,1,0
U00530,4,4,399.76,99.94,AI/ML,3,Advanced,4.05,0.6666666666666666,35,Female,0,0,0,3,1
U00531,5,5,436.13,87.226,Data Science,4,Advanced,3.2600000000000002,0.6666666666666666,24,Male,3,0,1,1,2
U00532,5,5,407.09000000000003,81.418,Marketing,3,Beginner,3.66,0.0,15,Female,6,1,0,0,0
U00533,3,3,395.09,131.69666666666666,Design,3,Intermediate,3.3666666666666667,0.0,29,Male,4,2,1,0,2
U00534,5,5,195.26000000000002,39.05200000000001,Cybersecurity,3,Intermediate,3.5200000000000005,0.0,27,Female,2,2,0,0,1
U00535,3,3,456.76,152.25333333333333,AI/ML,2,Beginner,3.9333333333333336,0.0,23,Male,0,1,1,0,2
U00536,4,4,231.67000000000002,57.917500000000004,Data Science,3,Advanced,3.025,1.0,35,Female,3,0,0,3,1
U00537,4,4,464.36,116.09,Business,4,Advanced,3.675,1.0,25,Female,1,0,0,3,0
U00538,4,4,431.90999999999997,107.97749999999999,Web Development,3,Advanced,3.15,2.0,20,Male,7,0,1,3,3
U00539,4,4,322.76,80.69,Web Development,3,Intermediate,3.875,0.5,25,Male,7,2,1,0,2
U00540,5,5,339.51,67.902,Data Science,3,Beginner,3.4200000000000004,0.3333333333333333,15,Male,3,1,1,0,2
U00541,1,1,158.61,158.61,Data Science,1,Advanced,4.7,1.0,19,Male,3,0,1,2,1
U00542,4,4,212.85000000000002,53.212500000000006,Marketing,3,Advanced,4.0,3.0,32,Male,6,0,1,3,3
U00543,6,6,631.04,105.17333333333333,Business,5,Beginner,3.966666666666667,0.2,18,Female,1,1,0,1,0
U00544,4,4,429.27,107.3175,Data Science,3,Beginner,3.925,0.25,30,Male,3,1,1,0,2
U00545,4,4,345.35,86.3375,Data Science,3,Advanced,4.675,3.0,18,Female,3,0,0,3,3
U00546,2,2,285.38,142.69,Cybersecurity,2,Beginner,2.9000000000000004,0.0,25,Male,2,1,1,0,1
U00547,2,2,203.95,101.975,Business,2,Beginner,3.8000000000000003,0.0,19,Female,1,1,0,2,1
U00548,4,4,601.52,150.38,AI/ML,3,Intermediate,3.7750000000000004,0.5,32,Female,0,2,0,0,0
U00549,3,3,142.56,47.52,Business,3,Advanced,4.133333333333334,1.0,17,Female,1,0,0,2,1
U00550,2,2,208.45,104.225,Data Science,2,Advanced,4.0,0.5,17,Male,3,0,1,2,2
U00551,8,8,993.21,124.15125,Business,6,Advanced,3.2375,1.0,35,Male,1,0,1,1,0
U00552,2,2,52.099999999999994,26.049999999999997,Business,2,Advanced,3.1,0.5,30,Female,1,0,0,2,1
U00553,5,5,561.85,112.37,Finance,4,Beginner,3.54,0.5,15,Male,5,1,1,1,2
U00554,5,5,598.42,119.684,AI/ML,5,Beginner,4.04,0.25,18,Male,0,1,1,1,2
U00555,3,3,315.39,105.13,Data Science,3,Beginner,4.1000000000000005,0.0,17,Female,3,1,0,0,0
U00556,2,2,295.94,147.97,Cybersecurity,2,Beginner,3.6500000000000004,0.0,25,Female,2,1,0,0,0
U00557,4,4,380.91,95.2275,Business,2,Beginner,3.3499999999999996,0.0,31,Male,1,1,1,0,2
U00558,4,4,511.49,127.8725,Cybersecurity,4,Beginner,3.575,0.0,32,Male,2,1,1,0,2
U00559,4,4,347.19,86.7975,Cybersecurity,3,Advanced,3.7,3.0,20,Male,2,0,1,3,3
U00560,3,3,34.31,11.436666666666667,Design,2,Intermediate,3.3666666666666667,1.0,32,Male,4,2,1,2,2
U00561,4,4,261.71,65.4275,AI/ML,4,Advanced,3.5500000000000003,1.0,33,Male,0,0,1,3,2
U00562,2,2,234.37,117.185,AI/ML,2,Beginner,3.5,0.0,23,Female,0,1,0,0,1
U00563,5,5,513.69,102.73800000000001,Marketing,4,Intermediate,3.2600000000000002,0.0,31,Female,6,2,0,0,0
U00564,8,8,725.6600000000001,90.70750000000001,Marketing,4,Advanced,3.6625,0.75,15,Male,6,0,1,1,0
U00565,3,3,296.0,98.66666666666667,AI/ML,3,Advanced,3.7000000000000006,1.0,28,Male,0,0,1,3,2
U00566,4,4,523.1,130.775,Design,3,Advanced,4.075,0.6666666666666666,31,Male,4,0,1,3,2
U00567,6,6,537.9300000000001,89.65500000000002,Marketing,4,Advanced,3.5833333333333335,1.5,20,Male,6,0,1,1,2
U00568,3,3,75.48,25.16,Cybersecurity,3,Beginner,3.4333333333333336,0.0,16,Female,2,1,0,2,1
U00569,5,5,486.73,97.346,Business,5,Beginner,3.62,0.25,15,Female,1,1,0,1,0
U00570,2,2,328.37,164.185,AI/ML,2,Advanced,3.35,0.5,27,Male,0,0,1,3,2
U00571,2,2,359.46000000000004,179.73000000000002,Marketing,1,Beginner,4.699999999999999,0.0,22,Female,6,1,0,0,1
U00572,4,4,531.75,132.9375,Business,4,Advanced,3.95,0.6666666666666666,32,Male,1,0,1,3,2
U00573,7,7,732.57,104.65285714285714,Marketing,6,Advanced,4.057142857142857,1.3333333333333333,30,Male,6,0,1,1,0
U00574,2,2,298.89,149.445,Cybersecurity,2,Advanced,4.1,1.0,33,Female,2,0,0,3,1
U00575,4,4,314.09,78.5225,Design,3,Intermediate,4.3,0.5,35,Male,4,2,1,0,2
U00576,2,2,238.34,119.17,Business,2,Advanced,2.6500000000000004,1.0,16,Male,1,0,1,3,1
U00577,5,5,489.90999999999997,97.982,Data Science,4,Intermediate,3.8,0.5,17,Female,3,2,0,0,0
U00578,4,4,596.29,149.0725,Cybersecurity,3,Advanced,3.875,4.0,26,Male,2,0,1,3,3
U00579,6,6,652.29,108.71499999999999,Cybersecurity,4,Intermediate,3.516666666666666,0.0,34,Male,2,2,1,1,2
U00580,3,3,260.3,86.76666666666667,AI/ML,3,Beginner,3.1666666666666665,0.3333333333333333,24,Female,0,1,0,0,1
U00581,5,5,437.83,87.566,Data Science,2,Intermediate,3.7,2.0,32,Female,3,2,0,0,2
U00582,3,3,311.17,103.72333333333334,AI/ML,3,Advanced,3.233333333333333,0.5,26,Male,0,0,1,3,2
U00583,3,3,235.99,78.66333333333334,AI/ML,3,Beginner,4.0,0.0,21,Female,0,1,0,2,1
U00584,3,3,275.95,91.98333333333333,AI/ML,3,Beginner,4.833333333333333,0.0,31,Female,0,1,0,2,1
U00585,4,4,348.38,87.095,AI/ML,4,Intermediate,3.375,0.5,19,Female,0,2,0,0,1
U00586,5,5,561.6800000000001,112.33600000000001,Cybersecurity,3,Intermediate,3.9799999999999995,0.0,21,Male,2,2,1,0,2
U00587,4,4,556.1700000000001,139.04250000000002,Design,4,Beginner,3.525,0.3333333333333333,22,Female,4,1,0,0,0
U00588,3,3,360.11,120.03666666666668,Web Development,2,Advanced,3.733333333333333,2.0,24,Male,7,0,1,3,3
U00589,7,7,738.48,105.49714285714286,Cybersecurity,4,Advanced,3.7285714285714286,4.0,19,Female,2,0,0,1,3
U00590,2,2,109.96000000000001,54.980000000000004,Business,2,Advanced,4.45,1.0,19,Male,1,0,1,2,1
U00591,1,1,174.34,174.34,Business,1,Advanced,3.3,1.0,35,Male,1,0,1,3,1
U00592,5,5,747.95,149.59,Marketing,3,Intermediate,4.4,0.5,18,Female,6,2,0,1,0
U00593,2,2,21.55,10.775,Business,2,Beginner,3.75,0.0,23,Male,1,1,1,2,1
U00594,2,2,164.39,82.195,Cybersecurity,2,Intermediate,3.95,0.0,20,Male,2,2,1,2,2
U00595,6,6,512.32,85.38666666666667,Cybersecurity,5,Advanced,3.9500000000000006,1.5,29,Male,2,0,1,1,2
U00596,5,5,426.45,85.28999999999999,Cybersecurity,5,Advanced,3.44,0.6666666666666666,26,Male,2,0,1,1,2
U00597,4,4,525.14,131.285,Marketing,3,Intermediate,3.6,0.5,28,Female,6,2,0,0,0
U00598,4,4,223.23,55.8075,Web Development,3,Advanced,3.9749999999999996,3.0,28,Male,7,0,1,3,3
U00599,6,6,351.91,58.65166666666667,Cybersecurity,4,Advanced,3.533333333333333,0.6666666666666666,33,Male,2,0,1,1,2
U00600,5,5,475.94,95.188,Design,3,Beginner,4.5,0.3333333333333333,21,Male,4,1,1,0,2
U00601,4,4,369.28,92.32,Web Development,3,Intermediate,3.45,0.5,24,Male,7,2,1,0,2
U00602,1,1,135.29,135.29,Cybersecurity,1,Advanced,4.7,1.0,25,Female,2,0,0,2,1
U00603,4,4,263.51,65.8775,Cybersecurity,4,Advanced,3.575,2.0,35,Male,2,0,1,3,2
U00604,8,8,685.95,85.74375,Data Science,4,Advanced,4.2,0.75,30,Female,3,0,0,1,0
U00605,4,4,377.59,94.3975,Finance,3,Advanced,3.175,2.0,30,Female,5,0,0,3,0
U00606,5,5,231.20999999999998,46.242,AI/ML,5,Beginner,3.7399999999999998,0.25,33,Female,0,1,0,1,0
U00607,4,4,404.34000000000003,101.08500000000001,Marketing,3,Beginner,3.8499999999999996,0.25,30,Male,6,1,1,0,2
U00608,3,3,333.39,111.13,Business,3,Advanced,3.466666666666667,1.0,31,Male,1,0,1,3,2
U00609,3,3,360.53999999999996,120.17999999999999,Business,2,Advanced,3.5,2.0,33,Female,1,0,0,3,3
U00610,2,2,180.98,90.49,Design,2,Advanced,3.55,0.5,19,Male,4,0,1,2,1
U00611,3,3,186.2,62.06666666666666,Finance,3,Beginner,3.9,0.0,30,Male,5,1,1,2,2
U00612,1,1,86.36,86.36,Design,1,Advanced,4.3,1.0,23,Male,4,0,1,2,1
U00613,3,3,250.84,83.61333333333333,Cybersecurity,3,Intermediate,3.6999999999999997,0.0,24,Male,2,2,1,0,2
U00614,4,4,317.07,79.2675,Finance,3,Beginner,3.225,0.3333333333333333,23,Female,5,1,0,0,0
U00615,4,4,312.04,78.01,AI/ML,4,Intermediate,4.1,0.5,20,Male,0,2,1,0,2
U00616,3,3,430.25,143.41666666666666,Business,3,Beginner,3.433333333333333,0.0,19,Female,1,1,0,0,0
U00617,5,5,551.73,110.346,Design,4,Intermediate,4.6,0.5,18,Female,4,2,0,1,0
U00618,2,2,56.349999999999994,28.174999999999997,Cybersecurity,2,Intermediate,2.85,0.0,22,Male,2,2,1,2,1
U00619,1,1,135.39,135.39,Cybersecurity,1,Intermediate,3.5,0.0,32,Female,2,2,0,0,1
U00620,2,2,191.06,95.53,Cybersecurity,2,Advanced,2.85,1.0,30,Male,2,0,1,3,1
U00621,2,2,352.6,176.3,AI/ML,2,Beginner,3.1500000000000004,0.0,20,Male,0,1,1,0,1
U00622,5,5,620.6400000000001,124.12800000000001,Web Development,2,Intermediate,3.78,0.5,28,Female,7,2,0,0,0
U00623,6,6,544.67,90.77833333333332,Cybersecurity,4,Advanced,3.9166666666666665,2.0,23,Female,2,0,0,1,0
U00624,2,2,202.9,101.45,Design,2,Advanced,3.8,1.0,34,Female,4,0,0,2,1
U00625,5,5,307.65,61.529999999999994,Cybersecurity,4,Advanced,4.26,0.6666666666666666,28,Male,2,0,1,3,2
U00626,3,3,304.4,101.46666666666665,AI/ML,2,Advanced,4.266666666666667,0.5,19,Male,0,0,1,2,2
U00627,4,4,619.54,154.885,Design,3,Beginner,3.175,0.25,34,Female,4,1,0,0,0
U00628,2,2,371.16999999999996,185.58499999999998,Cybersecurity,2,Advanced,3.9000000000000004,1.0,32,Female,2,0,0,3,0
U00629,8,8,1062.5,132.8125,Data Science,6,Advanced,3.45,0.75,20,Female,3,0,0,1,0
U00630,5,5,348.6,69.72,AI/ML,5,Advanced,3.18,1.0,17,Male,0,0,1,3,2
U00631,3,3,289.63,96.54333333333334,AI/ML,3,Advanced,3.6666666666666665,1.0,20,Male,0,0,1,3,2
U00632,3,3,318.48,106.16000000000001,Cybersecurity,3,Advanced,3.5666666666666664,0.5,26,Female,2,0,0,3,1
U00633,5,5,544.7,108.94000000000001,Design,3,Intermediate,3.8599999999999994,0.5,35,Female,4,2,0,0,0
U00634,3,3,152.97,50.99,AI/ML,3,Advanced,2.9333333333333336,0.5,15,Female,0,0,0,2,1
U00635,4,3,391.15,97.7875,AI/ML,4,Advanced,3.7,1.0,26,Female,0,0,0,3,0
U00636,4,4,458.51,114.6275,Design,3,Beginner,4.05,0.0,21,Female,4,1,0,0,0
U00637,3,3,408.15,136.04999999999998,Business,3,Advanced,3.6,0.5,22,Female,1,0,0,3,1
U00638,2,2,114.7,57.35,AI/ML,2,Advanced,4.25,0.5,19,Female,0,0,0,2,1
U00639,1,1,73.87,73.87,Cybersecurity,1,Advanced,3.6,1.0,33,Female,2,0,0,2,1
U00640,7,7,535.69,76.52714285714286,Marketing,4,Advanced,3.9857142857142853,0.75,31,Male,6,0,1,1,0
U00641,3,3,379.84,126.61333333333333,Web Development,2,Beginner,3.733333333333333,0.3333333333333333,32,Male,7,1,1,0,2
U00642,3,3,294.4,98.13333333333333,Business,2,Beginner,3.766666666666667,0.0,17,Male,1,1,1,0,2
U00643,4,4,296.01,74.0025,AI/ML,4,Intermediate,3.8000000000000003,0.5,20,Female,0,2,0,0,0
U00644,1,1,147.18,147.18,Data Science,1,Intermediate,2.6,0.0,20,Female,3,2,0,0,1
U00645,4,4,262.79,65.6975,AI/ML,4,Advanced,3.4000000000000004,0.6666666666666666,23,Female,0,0,0,3,0
U00646,7,6,521.22,74.46000000000001,Data Science,5,Advanced,3.9,2.0,29,Female,3,0,0,1,0
U00647,5,5,405.05999999999995,81.01199999999999,Business,5,Advanced,2.94,1.0,26,Female,1,0,0,1,0
U00648,8,8,521.87,65.23375,Web Development,7,Beginner,4.2875,0.14285714285714285,19,Male,7,1,1,1,0
U00649,7,7,599.77,85.68142857142857,Business,5,Advanced,3.6285714285714286,1.5,32,Male,1,0,1,1,0
U00650,1,1,135.02,135.02,Data Science,1,Beginner,2.8,0.0,26,Female,3,1,0,0,1
U00651,3,3,230.52,76.84,Business,3,Intermediate,3.533333333333333,1.0,29,Male,1,2,1,0,2
U00652,5,5,501.36,100.272,Web Development,4,Beginner,4.18,0.5,16,Female,7,1,0,1,0
U00653,7,7,705.56,100.7942857142857,Finance,5,Intermediate,3.857142857142857,1.0,15,Male,5,2,1,1,2
U00654,6,6,538.57,89.76166666666667,Cybersecurity,4,Intermediate,4.05,2.0,24,Male,2,2,1,1,2
U00655,4,4,491.85,122.9625,Web Development,3,Advanced,3.425,2.0,33,Female,7,0,0,3,0
U00656,3,3,165.82999999999998,55.276666666666664,AI/ML,3,Beginner,3.466666666666667,0.0,31,Male,0,1,1,2,2
U00657,5,5,662.96,132.592,Finance,4,Advanced,3.9,0.6666666666666666,23,Male,5,0,1,1,2
U00658,5,5,439.28,87.856,Data Science,4,Advanced,3.6,0.6666666666666666,23,Female,3,0,0,1,0
U00659,8,7,784.59,98.07375,Data Science,5,Intermediate,3.6375,0.6666666666666666,33,Male,3,2,1,1,2
U00660,4,4,275.09,68.7725,Cybersecurity,3,Beginner,3.675,0.0,22,Male,2,1,1,0,2
U00661,7,7,594.4200000000001,84.91714285714286,AI/ML,4,Beginner,4.185714285714286,0.25,23,Female,0,1,0,1,0
U00662,8,8,687.43,85.92875,Design,4,Beginner,3.5,0.2,30,Female,4,1,0,1,0
U00663,5,5,483.75,96.75,Data Science,2,Intermediate,3.9799999999999995,2.0,35,Male,3,2,1,0,2
U00664,5,5,285.79,57.158,Business,5,Intermediate,3.78,2.0,17,Male,1,2,1,1,2
U00665,4,4,291.21000000000004,72.80250000000001,Business,3,Intermediate,4.0249999999999995,0.5,35,Male,1,2,1,0,2
U00666,4,4,438.64,109.66,AI/ML,4,Advanced,4.125,1.0,30,Female,0,0,0,3,0
U00667,2,2,185.98000000000002,92.99000000000001,AI/ML,2,Advanced,3.15,2.0,18,Female,0,0,0,3,3
U00668,5,5,535.4100000000001,107.08200000000002,Web Development,4,Advanced,3.5799999999999996,1.5,34,Female,7,0,0,1,0
U00669,2,2,161.75,80.875,Business,2,Beginner,4.5,0.0,20,Female,1,1,0,2,1
U00670,4,4,525.6600000000001,131.41500000000002,Cybersecurity,3,Advanced,4.375,2.0,17,Male,2,0,1,3,2
U00671,3,3,448.08,149.35999999999999,Marketing,2,Advanced,3.5,0.5,18,Female,6,0,0,3,0
U00672,3,3,247.91,82.63666666666667,Cybersecurity,3,Intermediate,4.3,0.0,15,Male,2,2,1,0,2
U00673,4,4,514.65,128.6625,AI/ML,4,Advanced,3.725,0.6666666666666666,24,Female,0,0,0,3,0
U00674,1,1,71.58,71.58,Web Development,1,Beginner,2.6,0.0,21,Male,7,1,1,2,1
U00675,4,4,200.57,50.1425,Web Development,3,Beginner,3.8499999999999996,0.3333333333333333,20,Female,7,1,0,2,0
U00676,6,6,557.19,92.86500000000001,Business,5,Advanced,2.966666666666667,0.75,32,Male,1,0,1,1,2
U00677,3,3,384.83,128.27666666666667,Marketing,2,Beginner,4.766666666666667,0.3333333333333333,35,Female,6,1,0,0,0
U00678,2,2,181.36,90.68,Cybersecurity,2,Intermediate,4.2,0.0,33,Female,2,2,0,0,0
U00679,4,4,367.74,91.935,Business,4,Advanced,2.8000000000000003,1.5,28,Male,1,0,1,3,3
U00680,3,3,321.76,107.25333333333333,AI/ML,3,Advanced,3.4666666666666663,2.0,35,Female,0,0,0,3,3
U00681,2,2,249.95,124.975,Data Science,2,Beginner,3.9,0.0,32,Male,3,1,1,0,1
U00682,4,4,401.54999999999995,100.38749999999999,Business,4,Advanced,3.525,1.5,33,Male,1,0,1,3,2
U00683,3,3,252.9,84.3,Business,3,Advanced,4.066666666666666,0.5,20,Female,1,0,0,2,1
U00684,5,5,352.01,70.402,Cybersecurity,5,Beginner,3.66,0.2,28,Female,2,1,0,1,0
U00685,3,3,293.88,97.96,AI/ML,3,Advanced,4.533333333333334,0.5,29,Female,0,0,0,3,1
U00686,3,3,286.17999999999995,95.39333333333332,Design,2,Advanced,3.5666666666666664,0.5,35,Female,4,0,0,3,1
U00687,2,2,132.6,66.3,Data Science,1,Advanced,3.4499999999999997,0.5,29,Female,3,0,0,2,1
U00688,3,3,523.29,174.42999999999998,Business,3,Intermediate,4.066666666666666,1.0,30,Female,1,2,0,0,0
U00689,1,1,164.46,164.46,Marketing,1,Intermediate,4.8,0.0,19,Female,6,2,0,0,1
U00690,5,5,561.59,112.31800000000001,AI/ML,3,Advanced,3.62,1.5,29,Female,0,0,0,3,0
U00691,4,4,321.9,80.475,AI/ML,4,Beginner,4.15,0.3333333333333333,16,Female,0,1,0,0,0
U00692,4,4,500.59000000000003,125.14750000000001,Business,4,Advanced,4.075,4.0,27,Male,1,0,1,3,3
U00693,3,3,381.98,127.32666666666667,AI/ML,3,Advanced,3.1333333333333333,1.0,35,Female,0,0,0,3,0
U00694,6,6,458.21,76.36833333333333,Design,4,Intermediate,4.283333333333333,1.0,33,Female,4,2,0,1,0
U00695,3,3,193.54000000000002,64.51333333333334,Data Science,2,Advanced,4.8,1.0,31,Female,3,0,0,2,1
U00696,2,2,151.49,75.745,Marketing,2,Advanced,3.75,2.0,25,Male,6,0,1,2,3
U00697,4,4,371.64,92.91,AI/ML,4,Beginner,4.225,0.0,32,Female,0,1,0,0,0
U00698,2,2,194.91000000000003,97.45500000000001,Data Science,2,Beginner,4.15,0.0,32,Female,3,1,0,2,0
U00699,2,2,132.38,66.19,Business,2,Advanced,4.4,0.5,20,Male,1,0,1,2,1
U00700,3,3,401.99,133.99666666666667,Design,2,Intermediate,3.6666666666666665,0.0,25,Male,4,2,1,0,2
U00701,4,4,479.7,119.925,Design,3,Advanced,4.15,1.0,32,Male,4,0,1,3,2
U00702,5,5,513.62,102.724,Cybersecurity,5,Advanced,3.7,1.0,22,Female,2,0,0,1,0
U00703,2,2,272.94000000000005,136.47000000000003,AI/ML,2,Advanced,3.3,1.0,32,Female,0,0,0,3,1
U00704,5,5,636.02,127.204,Data Science,4,Beginner,3.34,0.3333333333333333,30,Male,3,1,1,1,2
U00705,4,4,390.05,97.5125,AI/ML,4,Intermediate,3.6,0.0,15,Male,0,2,1,0,2
U00706,3,3,351.7,117.23333333333333,Marketing,2,Advanced,3.6666666666666665,0.5,21,Male,6,0,1,3,1
U00707,3,3,356.11,118.70333333333333,Design,3,Advanced,4.233333333333333,2.0,29,Male,4,0,1,3,3
U00708,3,3,239.13,79.71,Cybersecurity,3,Intermediate,3.5,0.0,29,Female,2,2,0,0,1
U00709,2,2,245.81,122.905,Cybersecurity,2,Advanced,3.1,2.0,23,Female,2,0,0,3,3
U00710,5,5,396.2,79.24,Business,5,Beginner,3.9,0.5,19,Male,1,1,1,1,2
U00711,3,3,495.76,165.25333333333333,Business,3,Beginner,3.866666666666667,0.0,27,Male,1,1,1,0,2
U00712,3,3,94.88000000000001,31.62666666666667,Design,3,Advanced,2.8333333333333335,0.5,27,Female,4,0,0,2,1
U00713,4,4,210.86,52.715,Web Development,3,Advanced,4.725,1.5,17,Female,7,0,0,2,0
U00714,1,1,44.02,44.02,Data Science,1,Beginner,2.9,0.0,25,Male,3,1,1,2,1
U00715,4,4,338.12,84.53,Marketing,3,Intermediate,3.9000000000000004,0.5,25,Female,6,2,0,0,0
U00716,5,5,491.24,98.248,Data Science,4,Advanced,3.84,1.5,29,Male,3,0,1,3,2
U00717,6,6,602.4,100.39999999999999,Design,5,Beginner,3.8833333333333333,0.25,34,Female,4,1,0,1,0
U00718,5,5,401.5,80.3,AI/ML,3,Advanced,3.56,1.5,27,Female,0,0,0,3,0
U00719,3,3,362.5,120.83333333333333,Design,2,Intermediate,3.5,0.0,25,Female,4,2,0,0,0
U00720,3,3,374.09000000000003,124.69666666666667,Cybersecurity,3,Beginner,3.0,0.0,17,Female,2,1,0,0,0
U00721,5,5,681.86,136.372,Web Development,4,Intermediate,3.18,0.0,20,Female,7,2,0,1,0
U00722,2,2,200.98000000000002,100.49000000000001,Business,2,Advanced,3.45,0.5,16,Female,1,0,0,2,1
U00723,7,7,530.13,75.73285714285714,AI/ML,6,Beginner,4.1000000000000005,0.4,35,Male,0,1,1,1,2
U00724,2,2,273.94,136.97,Design,1,Advanced,3.75,2.0,16,Female,4,0,0,3,1
U00725,5,5,494.01,98.80199999999999,Marketing,4,Advanced,3.94,1.0,28,Female,6,0,0,1,0
U00726,3,3,106.63000000000001,35.54333333333334,Cybersecurity,3,Intermediate,3.9333333333333336,1.0,26,Female,2,2,0,2,1
U00727,6,6,688.83,114.805,Marketing,5,Beginner,3.5833333333333335,0.5,33,Female,6,1,0,1,0
U00728,4,4,445.28,111.32,Data Science,3,Beginner,3.225,0.25,17,Male,3,1,1,0,2
U00729,3,3,316.13,105.37666666666667,Business,3,Advanced,3.6,1.0,30,Male,1,0,1,3,2
U00730,4,4,341.55,85.3875,Business,4,Advanced,4.15,1.0,30,Male,1,0,1,3,2
U00731,2,2,244.92000000000002,122.46000000000001,Web Development,1,Advanced,3.0,2.0,16,Male,7,0,1,3,3
U00732,2,2,150.7,75.35,Design,1,Advanced,2.8,0.5,22,Male,4,0,1,2,1
U00733,4,4,490.53,122.6325,Marketing,3,Intermediate,3.2249999999999996,0.0,28,Female,6,2,0,0,0
U00734,3,3,244.27,81.42333333333333,Cybersecurity,3,Advanced,4.466666666666666,2.0,20,Male,2,0,1,3,2
U00735,5,5,301.65999999999997,60.331999999999994,Data Science,3,Beginner,3.4,0.3333333333333333,17,Male,3,1,1,0,2
U00736,5,5,212.23000000000002,42.446000000000005,Finance,3,Intermediate,3.9,0.5,19,Female,5,2,0,0,0
U00737,2,2,214.17000000000002,107.08500000000001,Cybersecurity,2,Advanced,4.05,1.0,18,Male,2,0,1,2,2
U00738,5,5,601.25,120.25,Web Development,4,Advanced,3.5199999999999996,0.6666666666666666,29,Female,7,0,0,1,0
U00739,4,4,596.58,149.145,Business,4,Beginner,4.1,0.25,25,Female,1,1,0,0,0
U00740,8,8,869.5699999999999,108.69624999999999,Design,5,Advanced,3.5125,1.3333333333333333,34,Female,4,0,0,1,0
U00741,5,5,671.8199999999999,134.36399999999998,Design,4,Beginner,3.7600000000000002,0.3333333333333333,33,Female,4,1,0,1,0
U00742,6,6,733.5,122.25,Web Development,5,Intermediate,3.35,0.3333333333333333,29,Male,7,2,1,1,2
U00743,4,4,309.23,77.3075,Marketing,3,Beginner,4.425,0.0,19,Male,6,1,1,2,2
U00744,5,5,593.34,118.668,Design,4,Advanced,3.2600000000000002,1.0,15,Male,4,0,1,1,2
U00745,2,2,199.29000000000002,99.64500000000001,AI/ML,2,Beginner,4.6,0.0,29,Female,0,1,0,2,1
U00746,3,3,485.72,161.90666666666667,Design,3,Beginner,3.733333333333333,0.0,28,Male,4,1,1,0,2
U00747,3,3,319.84,106.61333333333333,AI/ML,3,Beginner,4.366666666666667,0.0,28,Female,0,1,0,0,0
U00748,2,2,159.76,79.88,AI/ML,2,Beginner,3.35,0.0,30,Female,0,1,0,2,1
U00749,4,4,460.67,115.1675,Business,4,Advanced,3.5749999999999997,1.0,18,Male,1,0,1,3,2
U00750,4,4,328.46000000000004,82.11500000000001,AI/ML,4,Beginner,3.8,0.25,23,Female,0,1,0,0,0
U00751,5,5,375.28000000000003,75.05600000000001,Business,4,Intermediate,3.7399999999999998,0.5,19,Male,1,2,1,0,2
U00752,5,5,759.02,151.804,Web Development,4,Intermediate,3.78,0.5,30,Male,7,2,1,1,2
U00753,4,4,362.59,90.6475,Business,4,Advanced,3.2,0.6666666666666666,28,Male,1,0,1,3,2
U00754,4,4,436.68,109.17,Business,4,Beginner,3.5500000000000003,0.3333333333333333,33,Male,1,1,1,0,2
U00755,2,2,223.07,111.535,Marketing,1,Beginner,3.75,0.0,31,Male,6,1,1,2,2
U00756,5,5,487.90999999999997,97.582,AI/ML,5,Intermediate,3.62,0.0,33,Female,0,2,0,0,0
U00757,4,4,341.24,85.31,Marketing,3,Intermediate,3.75,0.5,22,Female,6,2,0,0,0
U00758,4,4,536.27,134.0675,Business,4,Advanced,3.6750000000000003,1.0,16,Male,1,0,1,3,2
U00759,4,4,304.4,76.1,Web Development,3,Beginner,4.2,0.3333333333333333,22,Male,7,1,1,2,1
U00760,4,4,347.99,86.9975,Marketing,3,Beginner,3.95,0.3333333333333333,21,Female,6,1,0,0,0
U00761,3,3,398.02,132.67333333333332,AI/ML,3,Advanced,3.4,0.5,31,Male,0,0,1,3,2
U00762,4,4,417.86,104.465,AI/ML,3,Intermediate,3.85,1.0,22,Female,0,2,0,0,0
U00763,4,4,223.22,55.805,Design,3,Intermediate,3.75,1.0,16,Male,4,2,1,0,2
U00764,5,5,356.32,71.264,Marketing,3,Advanced,4.12,1.0,18,Male,6,0,1,3,1
U00765,3,3,267.73,89.24333333333334,Business,3,Beginner,4.133333333333334,0.3333333333333333,31,Female,1,1,0,0,1
U00766,2,2,208.82999999999998,104.41499999999999,Cybersecurity,2,Advanced,3.75,2.0,31,Female,2,0,0,3,3
U00767,3,3,228.46,76.15333333333334,Marketing,2,Beginner,3.5,0.0,16,Female,6,1,0,2,0
U00768,4,4,269.28,67.32,Cybersecurity,3,Intermediate,3.475,0.0,19,Male,2,2,1,0,2
U00769,5,5,448.70000000000005,89.74000000000001,AI/ML,5,Beginner,3.3600000000000003,0.25,16,Female,0,1,0,1,0
U00770,7,7,626.41,89.48714285714286,Design,5,Beginner,3.5285714285714285,0.2,29,Male,4,1,1,1,0
U00771,2,2,263.44,131.72,Cybersecurity,2,Advanced,3.25,0.5,18,Male,2,0,1,3,1
U00772,5,5,394.0,78.8,AI/ML,3,Advanced,3.44,1.0,24,Female,0,0,0,3,0
U00773,4,4,361.78999999999996,90.44749999999999,AI/ML,4,Advanced,3.35,4.0,25,Female,0,0,0,3,0
U00774,5,5,581.84,116.36800000000001,AI/ML,5,Beginner,4.1,0.3333333333333333,27,Male,0,1,1,1,2
U00775,7,7,1016.0,145.14285714285714,AI/ML,5,Beginner,3.6999999999999997,0.3333333333333333,29,Female,0,1,0,1,0
U00776,3,3,438.73,146.24333333333334,Marketing,2,Intermediate,2.966666666666667,0.0,26,Female,6,2,0,0,0
U00777,3,3,298.54,99.51333333333334,Cybersecurity,2,Intermediate,3.466666666666667,0.0,29,Male,2,2,1,0,2
U00778,5,5,517.96,103.59200000000001,AI/ML,5,Intermediate,3.16,0.5,33,Male,0,2,1,1,2
U00779,3,3,278.12,92.70666666666666,Marketing,2,Beginner,3.6666666666666665,0.3333333333333333,24,Female,6,1,0,2,0
U00780,4,4,588.5699999999999,147.14249999999998,Data Science,4,Intermediate,3.875,0.5,32,Female,3,2,0,0,0
U00781,6,6,303.75,50.625,Cybersecurity,4,Beginner,3.35,0.25,18,Female,2,1,0,1,0
U00782,2,2,81.16,40.58,Marketing,2,Beginner,3.25,0.0,25,Male,6,1,1,2,1
U00783,4,3,292.65999999999997,73.16499999999999,Marketing,2,Advanced,4.425,3.0,35,Female,6,0,0,3,3
U00784,3,3,175.57999999999998,58.526666666666664,Design,1,Beginner,3.1999999999999997,0.3333333333333333,22,Female,4,1,0,2,1
U00785,5,5,673.0,134.6,Cybersecurity,4,Advanced,3.12,0.6666666666666666,17,Female,2,0,0,1,0
U00786,5,5,261.63,52.326,Data Science,4,Beginner,3.4799999999999995,0.25,32,Female,3,1,0,0,0
U00787,4,4,419.01,104.7525,Business,4,Advanced,4.5,3.0,29,Female,1,0,0,3,3
U00788,5,5,668.5699999999999,133.714,Design,2,Beginner,4.18,0.25,24,Male,4,1,1,0,2
U00789,4,4,296.8,74.2,Cybersecurity,3,Advanced,3.85,2.0,17,Female,2,0,0,3,3
U00790,3,3,333.38,111.12666666666667,Business,3,Intermediate,3.466666666666667,0.0,16,Female,1,2,0,0,0
U00791,3,3,218.99,72.99666666666667,Finance,3,Advanced,3.8333333333333335,3.0,34,Female,5,0,0,3,3
U00792,7,7,274.49,39.212857142857146,Design,6,Intermediate,3.9714285714285715,0.6666666666666666,20,Male,4,2,1,1,2
U00793,4,4,374.12,93.53,Data Science,3,Intermediate,3.625,0.5,19,Male,3,2,1,0,2
U00794,3,3,243.83999999999997,81.27999999999999,AI/ML,3,Advanced,4.033333333333333,1.0,23,Female,0,0,0,3,0
U00795,6,6,518.49,86.415,Design,5,Intermediate,3.8833333333333333,0.3333333333333333,34,Female,4,2,0,1,0
U00796,6,6,936.51,156.085,Design,4,Advanced,3.8333333333333335,1.0,22,Female,4,0,0,1,0
U00797,3,3,421.2,140.4,Data Science,3,Advanced,3.7999999999999994,0.5,20,Male,3,0,1,3,2
U00798,8,8,767.13,95.89125,Cybersecurity,6,Advanced,3.4875,1.0,19,Female,2,0,0,1,0
U00799,3,3,302.94,100.98,AI/ML,3,Advanced,4.266666666666667,0.5,26,Female,0,0,0,3,1
U00800,3,3,432.65,144.21666666666667,Web Development,2,Advanced,3.233333333333333,0.5,29,Female,7,0,0,3,1
U00801,4,4,318.65,79.6625,Cybersecurity,3,Advanced,4.175,1.0,32,Female,2,0,0,3,1
U00802,1,1,146.1,146.1,Design,1,Beginner,4.2,0.0,31,Male,4,1,1,2,1
U00803,3,3,293.44,97.81333333333333,AI/ML,3,Beginner,3.6333333333333333,0.0,26,Male,0,1,1,0,2
U00804,4,4,375.68,93.92,Data Science,4,Beginner,3.525,0.25,24,Female,3,1,0,0,0
U00805,3,3,316.63,105.54333333333334,Cybersecurity,3,Beginner,3.466666666666667,0.0,18,Female,2,1,0,0,0
U00806,6,6,599.73,99.955,AI/ML,6,Intermediate,4.066666666666666,0.3333333333333333,27,Male,0,2,1,1,2
U00807,8,8,851.87,106.48375,Finance,6,Beginner,3.8375,0.6,35,Female,5,1,0,1,0
U00808,2,2,113.08,56.54,Business,2,Beginner,3.75,0.0,27,Female,1,1,0,2,1
U00809,4,4,269.35,67.3375,Design,3,Beginner,3.95,0.0,24,Male,4,1,1,2,2
U00810,1,1,20.51,20.51,Data Science,1,Beginner,4.1,0.0,28,Male,3,1,1,2,1
U00811,6,6,612.6999999999999,102.11666666666666,Web Development,5,Beginner,3.283333333333333,0.25,25,Female,7,1,0,1,0
U00812,7,7,682.69,97.52714285714286,AI/ML,4,Beginner,4.285714285714286,0.5,24,Female,0,1,0,1,0
U00813,3,3,395.7,131.9,AI/ML,3,Advanced,4.2,3.0,33,Male,0,0,1,3,2
U00814,5,5,584.5,116.9,Business,4,Advanced,4.0600000000000005,1.5,21,Female,1,0,0,1,0
U00815,2,2,237.52,118.76,Design,2,Advanced,3.2,1.0,17,Male,4,0,1,3,1
U00816,3,3,375.8,125.26666666666667,AI/ML,3,Beginner,3.866666666666667,0.3333333333333333,34,Male,0,1,1,0,2
U00817,4,4,561.44,140.36,AI/ML,4,Advanced,3.325,1.0,35,Female,0,0,0,3,0
U00818,3,3,478.12,159.37333333333333,Design,3,Beginner,3.466666666666667,0.3333333333333333,20,Female,4,1,0,0,0
U00819,3,3,271.69,90.56333333333333,Cybersecurity,3,Advanced,3.5666666666666664,1.0,28,Female,2,0,0,3,0
U00820,5,5,278.13,55.626,Marketing,3,Advanced,3.7,1.0,31,Female,6,0,0,3,1
U00821,5,5,436.36,87.272,Cybersecurity,4,Advanced,3.9200000000000004,1.0,23,Male,2,0,1,3,2
U00822,4,4,426.32000000000005,106.58000000000001,Business,4,Intermediate,4.15,0.0,35,Female,1,2,0,0,0
U00823,1,1,100.66,100.66,Finance,1,Beginner,4.0,0.0,22,Male,5,1,1,2,2
U00824,1,1,189.65,189.65,Design,1,Advanced,2.9,1.0,27,Male,4,0,1,3,1
U00825,4,4,598.29,149.5725,AI/ML,4,Advanced,3.0,2.0,26,Male,0,0,1,3,2
U00826,7,7,834.98,119.28285714285714,Marketing,4,Intermediate,3.342857142857143,0.3333333333333333,16,Male,6,2,1,1,2
U00827,2,2,78.15,39.075,Data Science,2,Advanced,4.7,2.0,26,Female,3,0,0,2,1
U00828,3,3,284.65,94.88333333333333,Data Science,3,Advanced,4.166666666666667,0.5,25,Male,3,0,1,2,1
U00829,1,1,195.33,195.33,Web Development,1,Intermediate,4.1,0.0,22,Male,7,2,1,0,1
U00830,4,4,270.72,67.68,Cybersecurity,4,Intermediate,3.7,0.5,26,Female,2,2,0,0,0
U00831,3,3,226.99,75.66333333333334,Design,2,Beginner,3.3333333333333335,0.0,18,Male,4,1,1,2,1
U00832,5,5,735.85,147.17000000000002,Cybersecurity,4,Advanced,3.4799999999999995,1.0,20,Female,2,0,0,1,0
U00833,3,3,455.71000000000004,151.90333333333334,Finance,2,Beginner,4.166666666666667,0.0,32,Female,5,1,0,0,0
U00834,5,5,403.15,80.63,Business,5,Advanced,3.8600000000000003,3.0,30,Male,1,0,1,3,3
U00835,8,8,732.78,91.5975,Design,4,Advanced,3.9625,2.5,33,Female,4,0,0,1,0
U00836,4,4,467.28000000000003,116.82000000000001,Cybersecurity,4,Advanced,3.65,1.0,29,Female,2,0,0,3,0
U00837,6,5,369.85,61.64166666666667,Marketing,5,Advanced,4.1499999999999995,1.5,28,Male,6,0,1,1,2
U00838,4,4,385.65000000000003,96.41250000000001,Design,4,Intermediate,4.225,0.5,25,Female,4,2,0,0,0
U00839,4,4,480.89,120.2225,AI/ML,4,Advanced,4.4,1.0,33,Male,0,0,1,3,2
U00840,8,8,786.39,98.29875,Design,6,Beginner,3.5875,0.6,18,Male,4,1,1,1,0
U00841,7,7,749.1400000000001,107.02000000000001,Design,4,Advanced,3.057142857142857,2.5,29,Female,4,0,0,1,0
U00842,3,3,303.96000000000004,101.32000000000001,Design,3,Beginner,3.8333333333333335,0.0,21,Female,4,1,0,0,0
U00843,2,2,260.35,130.175,Design,2,Beginner,2.7,0.0,21,Male,4,1,1,0,1
U00844,1,1,15.56,15.56,Business,1,Advanced,4.5,1.0,26,Male,1,0,1,2,1
U00845,4,4,520.86,130.215,Business,3,Intermediate,3.3,0.5,25,Female,1,2,0,0,0
U00846,4,4,516.7099999999999,129.17749999999998,Web Development,3,Advanced,3.85,1.0,16,Male,7,0,1,3,2
U00847,5,5,737.94,147.58800000000002,Cybersecurity,4,Intermediate,3.5199999999999996,0.0,23,Male,2,2,1,1,2
U00848,1,1,163.81,163.81,Marketing,1,Beginner,3.3,0.0,28,Male,6,1,1,0,2
U00849,2,2,153.25,76.625,AI/ML,2,Advanced,4.0,1.0,20,Male,0,0,1,2,2
U00850,4,4,235.98000000000002,58.995000000000005,Data Science,3,Advanced,4.025,0.6666666666666666,26,Male,3,0,1,2,1
U00851,5,5,485.07,97.014,Finance,4,Beginner,3.28,0.3333333333333333,21,Male,5,1,1,1,2
U00852,5,5,441.59,88.318,AI/ML,5,Beginner,4.08,0.3333333333333333,23,Male,0,1,1,1,2
U00853,4,4,355.45000000000005,88.86250000000001,Business,4,Beginner,3.975,0.0,24,Male,1,1,1,0,2
U00854,6,6,624.69,104.11500000000001,Data Science,4,Advanced,3.5833333333333335,1.5,28,Male,3,0,1,1,0
U00855,8,8,674.88,84.36,Cybersecurity,5,Intermediate,3.4875,1.5,15,Female,2,2,0,1,0
U00856,5,5,374.43,74.886,Cybersecurity,4,Advanced,3.2,0.6666666666666666,21,Female,2,0,0,3,0
U00857,8,8,786.99,98.37375,Cybersecurity,6,Beginner,3.525,0.5,15,Male,2,1,1,1,0
U00858,8,8,728.15,91.01875,Marketing,5,Advanced,4.0875,0.8,20,Male,6,0,1,1,0
U00859,6,6,783.73,130.62166666666667,Finance,5,Beginner,3.8000000000000003,0.0,22,Male,5,1,1,1,2
U00860,2,2,145.76,72.88,Cybersecurity,2,Beginner,4.35,0.0,23,Female,2,1,0,2,1
U00861,4,4,449.88,112.47,Design,4,Advanced,4.525,1.0,22,Female,4,0,0,3,1
U00862,3,3,287.69,95.89666666666666,Business,3,Intermediate,4.033333333333334,0.0,18,Female,1,2,0,0,1
U00863,7,7,629.78,89.96857142857142,Cybersecurity,4,Beginner,2.9857142857142853,0.5,23,Female,2,1,0,1,0
U00864,3,3,461.08000000000004,153.69333333333336,Data Science,3,Intermediate,3.533333333333333,1.0,22,Female,3,2,0,0,0
U00865,3,3,283.46000000000004,94.48666666666668,AI/ML,3,Beginner,4.3999999999999995,0.3333333333333333,27,Male,0,1,1,2,2
U00866,5,5,365.27,73.054,Design,4,Advanced,3.6799999999999997,0.6666666666666666,30,Male,4,0,1,1,2
U00867,4,4,463.61,115.9025,Business,4,Advanced,3.325,1.0,30,Male,1,0,1,3,2
U00868,5,5,537.32,107.46400000000001,AI/ML,4,Intermediate,3.5199999999999996,0.5,16,Female,0,2,0,0,0
U00869,2,2,233.51,116.755,Data Science,2,Beginner,4.699999999999999,0.0,19,Male,3,1,1,2,2
U00870,3,3,247.88,82.62666666666667,Design,2,Advanced,3.6666666666666665,3.0,22,Male,4,0,1,3,3
U00871,1,1,13.89,13.89,AI/ML,1,Intermediate,4.3,0.0,26,Male,0,2,1,2,1
U00872,2,2,135.0,67.5,Data Science,2,Beginner,3.05,0.0,27,Male,3,1,1,2,1
U00873,4,4,520.4100000000001,130.10250000000002,AI/ML,4,Beginner,3.15,0.0,28,Male,0,1,1,0,2
U00874,7,6,1035.11,147.87285714285713,Web Development,6,Beginner,3.542857142857143,0.4,25,Male,7,1,1,1,0
U00875,1,1,15.01,15.01,Design,1,Beginner,4.6,0.0,23,Male,4,1,1,2,1
U00876,3,3,176.01999999999998,58.673333333333325,Cybersecurity,3,Intermediate,3.1999999999999997,1.0,27,Male,2,2,1,0,2
U00877,6,6,580.74,96.79,AI/ML,6,Intermediate,3.716666666666667,0.5,35,Male,0,2,1,1,2
U00878,5,5,456.65,91.33,Business,4,Intermediate,3.78,0.5,31,Male,1,2,1,0,2
U00879,2,2,254.89,127.445,Cybersecurity,2,Advanced,3.95,2.0,18,Female,2,0,0,3,1
U00880,3,3,142.01,47.336666666666666,Design,1,Advanced,4.3999999999999995,0.5,15,Male,4,0,1,2,1
U00881,4,4,313.32000000000005,78.33000000000001,AI/ML,4,Intermediate,3.5,0.5,34,Female,0,2,0,0,0
U00882,2,2,85.52,42.76,Data Science,2,Advanced,4.2,0.5,34,Female,3,0,0,2,1
U00883,1,1,90.53,90.53,Marketing,1,Beginner,4.6,0.0,27,Female,6,1,0,2,1
U00884,3,3,209.6,69.86666666666666,Design,2,Advanced,3.466666666666667,0.5,19,Male,4,0,1,2,1
U00885,3,3,195.83,65.27666666666667,AI/ML,3,Beginner,4.266666666666667,0.0,28,Female,0,1,0,2,1
U00886,4,4,374.04,93.51,AI/ML,4,Intermediate,3.45,0.0,22,Female,0,2,0,0,1
U00887,4,4,307.55,76.8875,AI/ML,4,Intermediate,3.225,1.0,17,Male,0,2,1,0,2
U00888,5,4,518.92,103.78399999999999,Data Science,4,Beginner,3.94,0.0,15,Male,3,1,1,1,2
U00889,5,5,504.84,100.96799999999999,AI/ML,5,Beginner,3.2600000000000002,0.3333333333333333,31,Female,0,1,0,1,0
U00890,8,8,878.18,109.7725,Design,6,Beginner,3.875,0.6,31,Female,4,1,0,1,0
U00891,5,5,668.03,133.606,Business,4,Beginner,4.24,0.0,28,Female,1,1,0,1,0
U00892,6,6,783.97,130.66166666666666,Marketing,5,Intermediate,3.8333333333333335,1.0,35,Male,6,2,1,1,2
U00893,3,3,412.16,137.38666666666668,AI/ML,3,Beginner,4.066666666666666,0.0,15,Male,0,1,1,0,2
U00894,6,6,502.16,83.69333333333334,Cybersecurity,6,Advanced,4.083333333333333,0.6666666666666666,28,Female,2,0,0,1,0
U00895,5,5,274.41,54.882000000000005,Marketing,4,Beginner,3.6799999999999997,0.2,15,Male,6,1,1,0,2
U00896,5,5,236.32,47.263999999999996,Design,4,Advanced,4.04,2.0,29,Female,4,0,0,3,3
U00897,3,3,372.83,124.27666666666666,Business,3,Intermediate,3.1666666666666665,1.0,20,Male,1,2,1,0,2
U00898,2,2,230.36,115.18,AI/ML,2,Advanced,3.65,0.5,24,Female,0,0,0,3,1
U00899,3,3,377.84000000000003,125.94666666666667,AI/ML,3,Advanced,3.7000000000000006,0.5,19,Male,0,0,1,3,2
U00900,2,2,297.53999999999996,148.76999999999998,Design,2,Beginner,3.25,0.0,26,Female,4,1,0,0,0
U00901,2,2,57.019999999999996,28.509999999999998,Data Science,2,Beginner,3.05,0.0,23,Female,3,1,0,2,1
U00902,4,4,364.83,91.2075,Finance,3,Intermediate,4.025,0.5,29,Male,5,2,1,0,2
U00903,4,4,199.33,49.8325,Design,3,Beginner,4.050000000000001,0.3333333333333333,29,Female,4,1,0,2,0
U00904,2,2,226.62,113.31,Business,2,Advanced,3.1500000000000004,2.0,16,Female,1,0,0,3,3
U00905,6,6,317.03,52.83833333333333,AI/ML,4,Advanced,3.283333333333333,1.5,15,Male,0,0,1,3,2
U00906,3,3,299.48,99.82666666666667,Design,3,Intermediate,3.966666666666667,0.0,34,Female,4,2,0,0,0
U00907,4,4,636.23,159.0575,Cybersecurity,3,Beginner,3.575,0.3333333333333333,23,Female,2,1,0,0,0
U00908,4,4,270.51,67.6275,Business,4,Beginner,3.5500000000000003,0.3333333333333333,16,Female,1,1,0,0,1
U00909,4,4,449.1,112.275,Marketing,3,Intermediate,3.575,0.0,35,Female,6,2,0,0,0
U00910,6,6,342.89000000000004,57.14833333333334,Cybersecurity,4,Beginner,3.783333333333333,0.2,20,Female,2,1,0,1,0
U00911,4,4,353.37,88.3425,Marketing,3,Intermediate,3.75,0.0,15,Female,6,2,0,0,0
U00912,4,4,628.24,157.06,Web Development,3,Advanced,3.3,1.0,28,Male,7,0,1,3,2
U00913,4,4,231.27,57.8175,Data Science,4,Beginner,3.5,0.0,35,Female,3,1,0,0,0
U00914,4,4,221.8,55.45,Design,2,Beginner,3.5250000000000004,0.0,22,Male,4,1,1,2,2
U00915,5,5,456.58,91.316,Marketing,4,Intermediate,4.1,0.0,24,Female,6,2,0,0,0
U00916,4,4,359.13,89.7825,Cybersecurity,3,Advanced,3.0,0.6666666666666666,20,Male,2,0,1,3,2
U00917,5,5,553.81,110.76199999999999,Marketing,4,Advanced,3.9200000000000004,1.5,28,Female,6,0,0,1,0
U00918,3,3,211.82,70.60666666666667,Cybersecurity,2,Advanced,3.6,1.0,35,Male,2,0,1,2,1
U00919,2,2,176.01000000000002,88.00500000000001,Business,2,Advanced,3.1,0.5,28,Male,1,0,1,2,1
U00920,2,2,308.39,154.195,Data Science,2,Beginner,3.35,0.0,18,Female,3,1,0,0,0
U00921,2,2,185.57,92.785,Cybersecurity,2,Advanced,3.45,2.0,26,Male,2,0,1,3,3
U00922,6,6,634.4300000000001,105.73833333333334,Cybersecurity,4,Beginner,3.9,0.5,31,Female,2,1,0,1,0
U00923,4,4,284.2,71.05,Data Science,3,Advanced,3.475,1.0,29,Female,3,0,0,3,1
U00924,5,5,745.64,149.128,Design,4,Advanced,3.78,0.6666666666666666,34,Male,4,0,1,1,2
U00925,3,3,314.81,104.93666666666667,Cybersecurity,3,Beginner,3.4333333333333336,0.0,31,Male,2,1,1,0,2
U00926,3,3,408.14,136.04666666666665,AI/ML,3,Advanced,3.8000000000000003,1.0,32,Male,0,0,1,3,2
U00927,2,2,347.86,173.93,Cybersecurity,2,Intermediate,2.95,0.0,26,Male,2,2,1,0,1
U00928,5,5,458.05,91.61,Data Science,4,Intermediate,3.96,0.0,33,Female,3,2,0,0,0
U00929,4,4,584.2,146.05,Finance,3,Advanced,3.5500000000000003,0.6666666666666666,25,Female,5,0,0,3,0
U00930,5,5,527.02,105.404,Data Science,4,Beginner,3.8,0.3333333333333333,34,Male,3,1,1,1,2
U00931,3,3,247.95999999999998,82.65333333333332,Cybersecurity,3,Beginner,3.6,0.3333333333333333,31,Male,2,1,1,0,2
U00932,5,5,403.84000000000003,80.768,AI/ML,5,Advanced,3.5,1.5,21,Male,0,0,1,3,2
U00933,3,3,277.1,92.36666666666667,Web Development,2,Intermediate,3.6666666666666665,0.0,27,Female,7,2,0,0,0
U00934,4,4,384.38,96.095,Design,3,Intermediate,4.125,0.5,15,Female,4,2,0,0,0
U00935,6,6,696.83,116.13833333333334,Web Development,5,Intermediate,3.6666666666666665,0.3333333333333333,16,Female,7,2,0,1,0
U00936,3,3,378.45000000000005,126.15000000000002,Data Science,2,Advanced,3.9,1.0,30,Female,3,0,0,3,1
U00937,1,1,76.84,76.84,Design,1,Intermediate,2.9,0.0,35,Male,4,2,1,2,1
U00938,5,5,268.98,53.79600000000001,Design,4,Advanced,3.3200000000000003,3.0,30,Male,4,0,1,3,3
U00939,4,4,571.91,142.9775,Web Development,3,Advanced,3.7,0.6666666666666666,18,Male,7,0,1,3,2
U00940,1,1,86.82,86.82,Finance,1,Beginner,3.1,0.0,15,Female,5,1,0,2,1
U00941,3,3,296.58,98.86,Design,3,Beginner,4.266666666666667,0.0,20,Female,4,1,0,0,0
U00942,8,8,736.52,92.065,AI/ML,7,Advanced,3.725,2.0,21,Male,0,0,1,1,0
U00943,4,4,445.40999999999997,111.35249999999999,AI/ML,4,Intermediate,3.95,0.5,21,Female,0,2,0,0,0
U00944,5,5,318.21000000000004,63.64200000000001,Design,3,Beginner,3.9,0.3333333333333333,28,Female,4,1,0,0,0
U00945,4,4,265.45,66.3625,Design,3,Intermediate,3.8,0.5,27,Female,4,2,0,0,0
U00946,6,6,670.9000000000001,111.81666666666668,Design,3,Beginner,4.016666666666667,0.4,20,Female,4,1,0,1,0
U00947,6,6,440.26,73.37666666666667,Web Development,5,Advanced,3.8000000000000003,0.6666666666666666,31,Female,7,0,0,1,0
U00948,4,4,551.97,137.9925,Cybersecurity,3,Beginner,3.65,0.3333333333333333,34,Male,2,1,1,0,2
U00949,2,2,203.62,101.81,Cybersecurity,2,Advanced,2.95,1.0,16,Male,2,0,1,3,1
U00950,3,3,301.27,100.42333333333333,AI/ML,2,Beginner,2.8666666666666667,0.0,33,Female,0,1,0,0,1
U00951,4,4,446.56,111.64,AI/ML,4,Beginner,3.95,0.3333333333333333,15,Male,0,1,1,0,2
U00952,5,5,376.73,75.346,Marketing,4,Intermediate,3.22,0.0,22,Female,6,2,0,0,0
U00953,5,5,652.57,130.514,AI/ML,4,Advanced,3.66,1.0,31,Male,0,0,1,1,2
U00954,4,4,589.12,147.28,Cybersecurity,4,Beginner,3.725,0.0,21,Female,2,1,0,0,0
U00955,4,4,399.28,99.82,Cybersecurity,3,Intermediate,3.625,0.5,35,Female,2,2,0,0,0
U00956,2,2,86.03,43.015,Design,2,Advanced,4.15,1.0,21,Female,4,0,0,2,1
U00957,4,4,514.98,128.745,AI/ML,4,Intermediate,3.725,0.5,22,Male,0,2,1,0,2
U00958,6,5,582.75,97.125,Business,4,Advanced,3.3166666666666664,1.5,28,Female,1,0,0,1,0
U00959,6,6,738.28,123.04666666666667,Design,4,Beginner,3.6833333333333336,0.5,22,Male,4,1,1,1,2
U00960,4,4,274.07,68.5175,AI/ML,4,Advanced,3.25,1.0,17,Male,0,0,1,3,2
U00961,4,4,503.33,125.8325,AI/ML,4,Beginner,3.25,0.3333333333333333,31,Male,0,1,1,0,2
U00962,3,3,202.31,67.43666666666667,AI/ML,2,Intermediate,3.0666666666666664,0.0,20,Male,0,2,1,0,2
U00963,6,6,667.3,111.21666666666665,Data Science,5,Advanced,3.6333333333333333,0.6666666666666666,20,Female,3,0,0,1,0
U00964,2,2,125.93,62.965,Business,2,Beginner,3.25,0.0,16,Female,1,1,0,2,1
U00965,3,3,330.78,110.25999999999999,Design,2,Advanced,3.766666666666667,1.0,34,Female,4,0,0,3,1
U00966,2,2,184.01999999999998,92.00999999999999,Design,2,Advanced,3.3,1.0,23,Female,4,0,0,2,1
U00967,5,5,647.42,129.48399999999998,Cybersecurity,4,Beginner,3.4799999999999995,0.3333333333333333,15,Male,2,1,1,1,2
U00968,1,1,158.84,158.84,AI/ML,1,Intermediate,3.5,0.0,21,Male,0,2,1,0,1
U00969,3,3,308.7,102.89999999999999,Web Development,2,Advanced,4.1000000000000005,0.5,29,Male,7,0,1,2,1
U00970,6,6,635.19,105.86500000000001,Data Science,5,Intermediate,4.0,1.0,18,Male,3,2,1,1,2
U00971,4,4,412.45,103.1125,Cybersecurity,4,Advanced,3.525,3.0,19,Female,2,0,0,3,3
U00972,7,7,586.47,83.78142857142858,Data Science,5,Intermediate,3.542857142857143,0.6666666666666666,27,Female,3,2,0,1,0
U00973,3,3,429.19,143.06333333333333,Business,3,Beginner,4.066666666666666,0.0,22,Male,1,1,1,0,2
U00974,4,4,324.69,81.1725,Cybersecurity,2,Intermediate,3.8249999999999997,0.0,31,Male,2,2,1,0,2
U00975,5,5,486.04999999999995,97.21,Web Development,4,Intermediate,3.5200000000000005,2.0,35,Female,7,2,0,1,2
U00976,5,5,619.66,123.93199999999999,Cybersecurity,5,Intermediate,3.6,0.0,30,Male,2,2,1,1,2
U00977,1,1,107.09,107.09,Web Development,1,Advanced,5.0,1.0,33,Female,7,0,0,2,1
U00978,8,8,769.71,96.21375,Design,6,Beginner,3.7125,0.5,18,Male,4,1,1,1,0
U00979,3,3,467.12,155.70666666666668,Marketing,2,Advanced,3.4,0.5,16,Female,6,0,0,3,0
U00980,2,2,156.51,78.255,Cybersecurity,2,Beginner,4.05,0.0,17,Male,2,1,1,2,2
U00981,5,5,644.66,128.932,Web Development,4,Advanced,4.18,0.6666666666666666,34,Male,7,0,1,1,2
U00982,4,4,263.01,65.7525,Design,3,Intermediate,4.275,0.5,27,Female,4,2,0,0,1
U00983,5,5,546.91,109.38199999999999,Cybersecurity,4,Advanced,3.96,1.0,26,Female,2,0,0,1,0
U00984,4,4,341.24,85.31,AI/ML,4,Advanced,4.4,0.6666666666666666,27,Male,0,0,1,3,2
U00985,2,2,256.8,128.4,AI/ML,2,Advanced,2.9,1.0,21,Male,0,0,1,3,1
U00986,2,2,229.15,114.575,Cybersecurity,2,Advanced,2.7,1.0,25,Male,2,0,1,3,1
U00987,1,1,119.75,119.75,Web Development,1,Intermediate,2.7,0.0,27,Female,7,2,0,0,1
U00988,6,6,723.9399999999999,120.65666666666665,Web Development,4,Advanced,3.733333333333333,1.5,21,Female,7,0,0,1,0
U00989,3,3,196.91,65.63666666666667,Design,2,Advanced,3.466666666666667,1.0,26,Male,4,0,1,2,1
U00990,3,3,170.95,56.98333333333333,Data Science,2,Advanced,3.966666666666667,1.0,20,Male,3,0,1,2,1
U00991,3,3,412.45,137.48333333333332,Design,3,Beginner,3.8666666666666667,0.0,30,Male,4,1,1,0,2
U00992,2,2,264.44,132.22,Data Science,1,Advanced,3.3499999999999996,1.0,22,Female,3,0,0,3,1
U00993,3,3,70.66,23.55333333333333,Design,3,Intermediate,4.5,1.0,17,Male,4,2,1,2,2
U00994,4,4,361.64,90.41,AI/ML,4,Advanced,3.6,1.0,29,Female,0,0,0,3,0
U00995,2,2,254.57,127.285,Cybersecurity,2,Advanced,3.6,0.5,27,Female,2,0,0,3,1
U00996,3,3,368.51,122.83666666666666,Cybersecurity,3,Advanced,4.166666666666667,1.0,24,Male,2,0,1,3,2
U00997,4,4,457.08000000000004,114.27000000000001,Design,3,Advanced,4.175,1.0,34,Female,4,0,0,3,1
U00998,3,3,231.01,77.00333333333333,Cybersecurity,3,Advanced,3.6333333333333333,3.0,18,Male,2,0,1,3,3
U00999,1,1,18.27,18.27,Data Science,1,Advanced,3.3,1.0,33,Female,3,0,0,2,1
U01000,5,5,345.45,69.09,Web Development,4,Advanced,3.56,1.0,16,Female,7,0,0,1,0
U01001,3,3,266.99,88.99666666666667,Design,3,Intermediate,3.3666666666666667,0.0,18,Male,4,2,1,0,2
U01002,2,2,331.37,165.685,Data Science,2,Beginner,3.75,0.0,19,Male,3,1,1,0,2
U01003,5,5,399.8,79.96000000000001,Business,5,Advanced,3.88,0.6666666666666666,35,Male,1,0,1,1,2
U01004,3,3,219.21,73.07000000000001,Cybersecurity,1,Intermediate,3.5666666666666664,1.0,16,Female,2,2,0,2,1
U01005,1,1,18.82,18.82,Business,1,Beginner,4.4,0.0,19,Male,1,1,1,2,1
U01006,3,3,189.26,63.086666666666666,Design,2,Advanced,3.0666666666666664,2.0,19,Male,4,0,1,3,1
U01007,8,8,870.2,108.775,Cybersecurity,6,Advanced,3.575,1.3333333333333333,30,Male,2,0,1,1,0
U01008,2,2,101.15,50.575,Cybersecurity,2,Advanced,4.2,1.0,18,Male,2,0,1,2,1
U01009,2,2,197.55,98.775,Data Science,2,Beginner,3.5,0.0,15,Female,3,1,0,2,1
U01010,4,4,356.41999999999996,89.10499999999999,Data Science,3,Intermediate,4.125,0.5,35,Female,3,2,0,0,0
U01011,5,5,342.09000000000003,68.418,Business,5,Advanced,4.0200000000000005,1.5,18,Male,1,0,1,3,2
U01012,4,4,108.47999999999999,27.119999999999997,AI/ML,4,Advanced,4.525,1.5,35,Female,0,0,0,2,3
U01013,4,4,333.86,83.465,Business,4,Beginner,3.925,0.25,22,Male,1,1,1,0,2
U01014,6,6,359.64,59.94,AI/ML,6,Intermediate,4.05,0.5,17,Male,0,2,1,1,2
U01015,3,3,275.31,91.77,Marketing,2,Advanced,4.066666666666666,0.5,29,Male,6,0,1,2,1
U01016,5,5,603.41,120.68199999999999,Data Science,3,Advanced,3.5,1.5,27,Female,3,0,0,3,0
U01017,7,7,490.21,70.03,Marketing,5,Beginner,3.8714285714285714,0.4,21,Female,6,1,0,1,0
U01018,6,6,447.45,74.575,Design,5,Advanced,3.6500000000000004,0.75,23,Female,4,0,0,1,0
U01019,4,4,401.12,100.28,Design,3,Advanced,3.6,0.6666666666666666,27,Male,4,0,1,3,2
U01020,3,3,393.62,131.20666666666668,Data Science,2,Advanced,3.5,2.0,28,Male,3,0,1,3,3
U01021,2,2,232.74,116.37,Design,2,Beginner,3.75,0.0,29,Female,4,1,0,0,0
U01022,8,8,495.07,61.88375,Business,6,Beginner,4.2625,0.16666666666666666,17,Male,1,1,1,1,2
U01023,4,4,452.36,113.09,Finance,3,Advanced,3.575,3.0,18,Male,5,0,1,3,3
U01024,5,5,588.71,117.742,Data Science,4,Advanced,3.4,2.0,17,Female,3,0,0,3,0
U01025,4,4,215.13,53.7825,Business,4,Beginner,3.775,0.0,34,Male,1,1,1,2,2
U01026,1,1,182.92,182.92,Finance,1,Intermediate,4.6,0.0,33,Female,5,2,0,0,1
U01027,4,4,221.28,55.32,Cybersecurity,3,Advanced,3.75,3.0,32,Male,2,0,1,3,3
U01028,3,3,265.35,88.45,Cybersecurity,2,Intermediate,3.8000000000000003,1.0,23,Female,2,2,0,0,1
U01029,2,2,291.88,145.94,Data Science,2,Intermediate,2.8,0.0,15,Male,3,2,1,0,1
U01030,1,1,114.94,114.94,Business,1,Intermediate,4.0,0.0,23,Female,1,2,0,2,0
U01031,3,3,337.06,112.35333333333334,Web Development,2,Beginner,3.1666666666666665,0.3333333333333333,15,Male,7,1,1,0,1
U01032,3,3,437.15999999999997,145.72,Business,3,Beginner,4.233333333333333,0.0,16,Male,1,1,1,0,2
U01033,2,2,167.92,83.96,Design,2,Advanced,2.8499999999999996,2.0,30,Male,4,0,1,3,1
U01034,1,1,51.57,51.57,Marketing,1,Advanced,4.9,1.0,18,Female,6,0,0,2,1
U01035,4,4,387.14,96.785,Design,3,Beginner,3.4,0.3333333333333333,33,Male,4,1,1,0,2
U01036,4,4,324.07,81.0175,Design,3,Advanced,3.35,1.5,35,Male,4,0,1,3,1
U01037,3,3,227.43,75.81,Business,3,Advanced,3.5,1.0,32,Female,1,0,0,3,0
U01038,2,2,305.12,152.56,Business,2,Advanced,3.0999999999999996,2.0,33,Male,1,0,1,3,3
U01039,3,3,312.88,104.29333333333334,Data Science,3,Intermediate,3.6666666666666665,0.0,21,Female,3,2,0,0,1
U01040,3,3,306.43,102.14333333333333,Business,3,Advanced,3.6333333333333333,0.5,21,Female,1,0,0,3,0
U01041,4,4,694.79,173.6975,Marketing,3,Advanced,3.55,1.5,23,Female,6,0,0,3,0
U01042,5,5,482.54999999999995,96.50999999999999,AI/ML,3,Advanced,3.3200000000000003,1.0,26,Male,0,0,1,3,2
U01043,4,4,261.31,65.3275,Data Science,3,Intermediate,3.475,0.0,19,Female,3,2,0,0,1
U01044,3,3,228.41,76.13666666666667,Data Science,3,Intermediate,4.5,0.0,31,Female,3,2,0,0,1
U01045,5,5,438.81,87.762,Marketing,4,Intermediate,3.18,0.0,32,Female,6,2,0,0,0
U01046,3,3,247.0,82.33333333333333,AI/ML,3,Advanced,4.533333333333334,0.5,28,Female,0,0,0,2,1
U01047,3,3,307.46999999999997,102.49,AI/ML,3,Advanced,3.533333333333333,1.0,29,Female,0,0,0,3,0
U01048,5,4,366.61,73.322,Finance,4,Beginner,3.7399999999999998,0.25,16,Female,5,1,0,0,0
U01049,5,5,352.82,70.564,Marketing,4,Beginner,3.9799999999999995,0.25,34,Male,6,1,1,1,2
U01050,2,2,263.38,131.69,Finance,2,Advanced,3.0,1.0,25,Female,5,0,0,3,1
U01051,3,3,366.89,122.29666666666667,Finance,2,Intermediate,4.3,0.0,18,Female,5,2,0,0,0
U01052,7,7,858.9300000000001,122.70428571428572,Data Science,6,Intermediate,3.057142857142857,0.5,22,Female,3,2,0,1,0
U01053,4,4,199.20000000000002,49.800000000000004,Web Development,3,Intermediate,3.425,1.0,26,Female,7,2,0,0,0
U01054,4,4,561.79,140.4475,AI/ML,3,Intermediate,3.4,0.5,20,Female,0,2,0,0,0
U01055,7,7,801.87,114.55285714285715,Data Science,5,Beginner,3.7857142857142856,0.0,22,Female,3,1,0,1,0
U01056,4,4,539.39,134.8475,Business,4,Intermediate,3.7,0.5,15,Male,1,2,1,0,2
U01057,5,5,510.15999999999997,102.032,Design,4,Advanced,3.2600000000000002,1.0,33,Male,4,0,1,1,2
U01058,5,5,588.32,117.66400000000002,Cybersecurity,4,Advanced,3.6399999999999997,1.0,34,Female,2,0,0,1,0
U01059,3,3,446.71000000000004,148.90333333333334,Business,3,Advanced,4.266666666666667,1.0,30,Male,1,0,1,3,2
U01060,3,3,340.42,113.47333333333334,Business,2,Beginner,3.766666666666666,0.0,34,Female,1,1,0,0,0
U01061,2,2,210.46,105.23,Business,2,Advanced,4.2,0.5,22,Female,1,0,0,2,1
U01062,3,3,311.68,103.89333333333333,AI/ML,3,Advanced,3.8000000000000003,0.5,22,Female,0,0,0,3,0
U01063,1,1,72.54,72.54,Cybersecurity,1,Beginner,4.7,0.0,31,Female,2,1,0,2,1
U01064,3,3,179.81,59.93666666666667,Cybersecurity,3,Advanced,3.5666666666666664,1.0,26,Female,2,0,0,2,1
U01065,5,5,504.76,100.952,Web Development,2,Advanced,3.46,3.0,15,Male,7,0,1,3,3
U01066,5,5,706.72,141.344,AI/ML,4,Advanced,4.0600000000000005,1.0,19,Female,0,0,0,1,0
U01067,6,6,623.86,103.97666666666667,Cybersecurity,4,Intermediate,3.6333333333333333,2.0,17,Male,2,2,1,1,2
U01068,6,6,582.32,97.05333333333334,Finance,4,Advanced,3.65,0.6666666666666666,32,Female,5,0,0,1,0
U01069,8,8,882.18,110.2725,Cybersecurity,5,Advanced,3.9125,0.75,35,Male,2,0,1,1,0
U01070,2,2,197.86,98.93,Data Science,2,Advanced,3.8499999999999996,2.0,32,Male,3,0,1,3,3
U01071,4,4,241.57,60.3925,AI/ML,3,Intermediate,3.55,0.0,19,Female,0,2,0,0,1
U01072,3,3,415.82,138.60666666666665,Data Science,3,Advanced,4.033333333333333,0.5,32,Male,3,0,1,3,2
U01073,2,2,349.36,174.68,Cybersecurity,2,Beginner,3.1,0.0,23,Male,2,1,1,0,1
U01074,4,4,389.59,97.3975,Design,3,Advanced,3.575,2.0,26,Female,4,0,0,3,0
U01075,3,3,364.2,121.39999999999999,Business,3,Advanced,3.6333333333333333,0.5,17,Male,1,0,1,3,2
U01076,4,4,495.87,123.9675,Design,3,Intermediate,3.05,0.5,20,Male,4,2,1,0,2
U01077,2,2,103.72,51.86,Cybersecurity,2,Advanced,3.75,2.0,24,Female,2,0,0,2,1
U01078,5,5,635.22,127.04400000000001,Finance,3,Intermediate,3.8600000000000003,1.0,27,Male,5,2,1,0,2
U01079,3,3,297.89,99.29666666666667,AI/ML,3,Advanced,4.1000000000000005,0.5,21,Male,0,0,1,3,2
U01080,6,6,451.36,75.22666666666667,Marketing,5,Beginner,4.2,0.4,30,Female,6,1,0,1,0
U01081,5,5,375.21000000000004,75.042,Design,4,Advanced,4.24,1.5,26,Female,4,0,0,3,3
U01082,5,5,518.51,103.702,Marketing,4,Intermediate,4.24,0.5,25,Male,6,2,1,1,2
U01083,3,3,283.61,94.53666666666668,Design,3,Beginner,4.333333333333333,0.3333333333333333,29,Male,4,1,1,2,2
U01084,3,3,263.28999999999996,87.76333333333332,AI/ML,3,Advanced,4.133333333333333,0.5,24,Male,0,0,1,2,2
U01085,5,5,486.34000000000003,97.268,AI/ML,4,Intermediate,3.78,2.0,26,Female,0,2,0,1,2
U01086,4,4,515.11,128.7775,AI/ML,4,Advanced,3.475,1.5,29,Female,0,0,0,3,0
U01087,4,4,355.57,88.8925,AI/ML,3,Beginner,4.0,0.0,19,Male,0,1,1,0,2
U01088,3,3,344.73,114.91000000000001,Design,3,Beginner,3.633333333333333,0.0,21,Male,4,1,1,0,2
U01089,1,1,158.03,158.03,Cybersecurity,1,Intermediate,4.6,0.0,17,Female,2,2,0,0,0
U01090,4,4,470.08,117.52,Design,3,Beginner,3.85,0.25,25,Female,4,1,0,0,0
U01091,2,2,352.01,176.005,AI/ML,2,Beginner,3.5,0.0,29,Female,0,1,0,0,0
U01092,3,3,234.38,78.12666666666667,AI/ML,3,Beginner,4.5,0.0,34,Female,0,1,0,2,1
U01093,4,4,307.94,76.985,Cybersecurity,4,Beginner,4.35,0.0,23,Female,2,1,0,0,0
U01094,2,2,245.11,122.555,AI/ML,2,Advanced,3.65,1.0,30,Male,0,0,1,3,1
U01095,4,4,212.31,53.0775,Design,3,Advanced,3.575,1.0,21,Female,4,0,0,2,0
U01096,5,5,751.79,150.358,Web Development,4,Beginner,3.6399999999999997,0.5,18,Male,7,1,1,1,2
U01097,3,3,105.78,35.26,Cybersecurity,3,Advanced,3.3666666666666667,0.5,29,Female,2,0,0,2,1
U01098,3,3,237.95000000000002,79.31666666666668,Cybersecurity,3,Beginner,3.3666666666666667,0.3333333333333333,17,Female,2,1,0,0,1
U01099,4,4,405.16999999999996,101.29249999999999,AI/ML,3,Beginner,3.65,0.3333333333333333,35,Female,0,1,0,0,0
U01100,3,3,241.48999999999998,80.49666666666666,AI/ML,3,Intermediate,4.566666666666666,0.0,24,Female,0,2,0,0,1
U01101,5,5,329.06,65.812,AI/ML,4,Intermediate,3.9,0.5,33,Male,0,2,1,0,2
U01102,7,7,454.07,64.86714285714285,AI/ML,7,Beginner,3.6571428571428575,0.4,23,Female,0,1,0,1,0
U01103,2,2,184.70999999999998,92.35499999999999,AI/ML,2,Advanced,3.95,1.0,22,Male,0,0,1,2,2
U01104,6,6,601.35,100.22500000000001,Marketing,5,Beginner,3.6166666666666667,0.16666666666666666,29,Male,6,1,1,1,2
U01105,1,1,144.5,144.5,Marketing,1,Beginner,4.0,0.0,27,Male,6,1,1,2,2
U01106,2,2,263.42,131.71,AI/ML,2,Advanced,3.75,1.0,31,Male,0,0,1,3,1
U01107,2,2,259.31,129.655,Finance,2,Advanced,3.55,1.0,30,Female,5,0,0,3,1
U01108,6,6,509.15999999999997,84.86,AI/ML,6,Advanced,3.9166666666666665,0.6666666666666666,16,Male,0,0,1,1,2
U01109,5,5,467.94,93.588,AI/ML,5,Beginner,3.8600000000000003,0.25,24,Female,0,1,0,1,0
U01110,5,5,694.62,138.924,Data Science,4,Intermediate,3.6399999999999997,2.0,23,Female,3,2,0,1,2
U01111,6,6,364.71000000000004,60.785000000000004,Design,5,Advanced,3.8666666666666667,0.6666666666666666,31,Male,4,0,1,1,2
U01112,6,6,684.78,114.13,Design,5,Advanced,3.866666666666667,1.3333333333333333,24,Female,4,0,0,1,0
U01113,4,4,349.74,87.435,Data Science,3,Advanced,3.2,3.0,22,Female,3,0,0,3,3
U01114,8,8,657.79,82.22375,Marketing,5,Beginner,3.6625,0.5,32,Male,6,1,1,1,0
U01115,4,4,319.1,79.775,AI/ML,4,Beginner,4.25,0.0,18,Male,0,1,1,0,2
U01116,6,6,673.05,112.175,AI/ML,3,Beginner,3.5833333333333335,0.25,21,Female,0,1,0,1,0
U01117,3,3,437.03000000000003,145.67666666666668,Design,2,Advanced,3.9,1.0,23,Female,4,0,0,3,0
U01118,2,2,181.67999999999998,90.83999999999999,AI/ML,2,Advanced,3.5,1.0,31,Male,0,0,1,3,1
U01119,5,5,383.19,76.638,Cybersecurity,4,Intermediate,3.3800000000000003,2.0,17,Female,2,2,0,0,2
U01120,5,5,301.57,60.314,Web Development,4,Advanced,4.340000000000001,0.6666666666666666,35,Female,7,0,0,1,3
U01121,3,3,354.37,118.12333333333333,Marketing,2,Advanced,4.266666666666667,0.5,20,Male,6,0,1,2,1
U01122,7,7,867.97,123.99571428571429,AI/ML,4,Advanced,3.8142857142857145,0.75,29,Female,0,0,0,1,0
U01123,5,5,605.41,121.082,Cybersecurity,2,Intermediate,3.4799999999999995,0.5,29,Female,2,2,0,0,0
U01124,3,3,235.45,78.48333333333333,Design,1,Advanced,4.066666666666666,1.0,30,Female,4,0,0,2,1
U01125,3,3,386.38,128.79333333333332,Cybersecurity,3,Advanced,3.8666666666666667,2.0,32,Female,2,0,0,3,3
U01126,6,6,651.82,108.63666666666667,Cybersecurity,4,Advanced,3.716666666666667,1.5,15,Male,2,0,1,1,2
U01127,1,1,170.45,170.45,AI/ML,1,Intermediate,4.3,0.0,28,Female,0,2,0,0,0
U01128,4,4,201.61,50.4025,Data Science,3,Advanced,3.425,4.0,31,Female,3,0,0,3,3
U01129,6,6,584.51,97.41833333333334,Design,4,Beginner,3.6166666666666667,0.5,28,Female,4,1,0,1,0
U01130,5,5,562.84,112.56800000000001,AI/ML,5,Beginner,3.5799999999999996,0.25,28,Male,0,1,1,1,2
U01131,3,3,230.91,76.97,AI/ML,3,Beginner,4.033333333333334,0.0,25,Male,0,1,1,2,2
U01132,6,5,618.36,103.06,AI/ML,4,Beginner,3.8333333333333335,0.5,27,Female,0,1,0,1,0
U01133,3,3,281.98,93.99333333333334,Cybersecurity,3,Beginner,3.2999999999999994,0.0,35,Female,2,1,0,0,1
U01134,3,3,222.76,74.25333333333333,Cybersecurity,2,Advanced,3.6333333333333333,0.5,19,Female,2,0,0,2,1
U01135,8,8,725.98,90.7475,AI/ML,6,Intermediate,3.4125,0.6666666666666666,22,Male,0,2,1,1,2
U01136,3,3,268.48,89.49333333333334,Data Science,1,Beginner,3.5,0.3333333333333333,35,Male,3,1,1,2,1
U01137,6,6,345.56,57.593333333333334,Marketing,4,Intermediate,4.116666666666666,1.0,28,Female,6,2,0,1,0
U01138,2,2,268.52,134.26,Cybersecurity,2,Advanced,4.75,1.0,22,Female,2,0,0,3,1
U01139,4,4,579.44,144.86,Web Development,2,Beginner,3.625,0.25,22,Female,7,1,0,0,0
U01140,4,4,226.11,56.5275,Design,3,Beginner,3.75,0.0,29,Female,4,1,0,2,0
U01141,4,4,615.6,153.9,Data Science,4,Intermediate,3.95,0.5,17,Female,3,2,0,0,0
U01142,3,3,370.69,123.56333333333333,Business,2,Beginner,3.966666666666667,0.0,27,Male,1,1,1,0,2
U01143,2,2,257.07,128.535,Finance,2,Beginner,3.9000000000000004,0.0,31,Male,5,1,1,0,2
U01144,2,2,146.71,73.355,AI/ML,2,Advanced,3.6500000000000004,0.5,29,Female,0,0,0,2,1
U01145,4,4,638.72,159.68,Marketing,3,Beginner,3.45,0.0,15,Female,6,1,0,0,0
U01146,3,3,490.07,163.35666666666665,AI/ML,2,Advanced,2.9,3.0,15,Male,0,0,1,3,2
U01147,2,2,203.69,101.845,Cybersecurity,2,Advanced,4.6,1.0,15,Male,2,0,1,2,2
U01148,6,6,764.22,127.37,AI/ML,6,Advanced,3.9,0.6666666666666666,28,Male,0,0,1,1,0
U01149,2,2,2.87,1.435,Marketing,2,Advanced,3.9000000000000004,2.0,26,Female,6,0,0,2,1
U01150,3,3,393.40999999999997,131.13666666666666,Cybersecurity,3,Beginner,3.6333333333333333,0.3333333333333333,20,Male,2,1,1,0,2
U01151,4,4,604.8299999999999,151.20749999999998,AI/ML,4,Beginner,3.8,0.3333333333333333,28,Female,0,1,0,0,0
U01152,5,5,723.34,144.668,Cybersecurity,4,Advanced,4.4,1.0,34,Male,2,0,1,1,2
U01153,2,2,304.7,152.35,AI/ML,1,Advanced,4.2,1.0,15,Female,0,0,0,3,1
U01154,7,7,628.97,89.85285714285715,Data Science,3,Beginner,3.557142857142857,0.0,24,Male,3,1,1,1,2
U01155,5,5,594.42,118.88399999999999,AI/ML,5,Beginner,4.16,0.25,32,Female,0,1,0,1,0
U01156,3,3,195.57999999999998,65.19333333333333,Web Development,2,Advanced,3.233333333333333,0.5,30,Male,7,0,1,2,1
U01157,3,3,264.71,88.23666666666666,Data Science,3,Intermediate,3.6999999999999997,0.0,31,Female,3,2,0,0,1
U01158,5,5,509.15,101.83,Marketing,4,Intermediate,3.72,0.0,35,Male,6,2,1,0,2
U01159,7,7,572.5,81.78571428571429,Data Science,5,Intermediate,3.2714285714285714,0.6666666666666666,26,Female,3,2,0,1,0
U01160,1,1,180.06,180.06,Cybersecurity,1,Intermediate,4.0,0.0,15,Female,2,2,0,0,0
U01161,2,2,328.79999999999995,164.39999999999998,Design,2,Advanced,3.0,1.0,33,Male,4,0,1,3,1
U01162,8,8,892.2700000000001,111.53375000000001,Design,5,Advanced,4.1125,0.75,19,Female,4,0,0,1,0
U01163,5,5,226.92000000000002,45.384,Cybersecurity,4,Advanced,3.38,1.0,24,Male,2,0,1,3,2
U01164,2,2,296.09,148.045,Business,2,Beginner,3.3,0.0,25,Female,1,1,0,0,0
U01165,3,3,166.2,55.4,Data Science,3,Beginner,3.6,0.0,24,Male,3,1,1,2,2
U01166,5,5,324.83000000000004,64.96600000000001,AI/ML,4,Advanced,4.34,1.0,21,Male,0,0,1,3,2
U01167,4,4,461.96000000000004,115.49000000000001,Design,3,Beginner,2.85,0.3333333333333333,16,Female,4,1,0,0,0
U01168,2,2,198.47,99.235,Finance,2,Advanced,4.05,0.5,27,Female,5,0,0,2,1
U01169,3,3,82.04,27.346666666666668,Cybersecurity,3,Advanced,3.466666666666667,1.0,31,Female,2,0,0,2,1
U01170,3,3,357.38,119.12666666666667,Design,2,Intermediate,3.5666666666666664,0.0,27,Female,4,2,0,0,0
U01171,2,2,86.23,43.115,Business,2,Advanced,3.65,0.5,19,Male,1,0,1,2,1
U01172,7,7,733.06,104.72285714285714,AI/ML,5,Intermediate,3.6142857142857143,0.5,30,Male,0,2,1,1,2
U01173,5,5,626.75,125.35,Data Science,4,Advanced,3.38,4.0,26,Female,3,0,0,3,3
U01174,3,3,409.54999999999995,136.51666666666665,Data Science,3,Intermediate,4.0,1.0,15,Female,3,2,0,0,0
U01175,6,6,708.63,118.105,AI/ML,3,Intermediate,3.983333333333333,0.5,20,Female,0,2,0,1,0
U01176,4,4,386.0,96.5,Marketing,3,Advanced,4.0,0.6666666666666666,20,Male,6,0,1,3,1
U01177,4,4,365.12,91.28,Business,4,Beginner,3.625,0.3333333333333333,16,Male,1,1,1,0,2
U01178,2,2,182.32,91.16,Business,2,Beginner,4.25,0.0,21,Female,1,1,0,2,1
U01179,5,5,322.76,64.55199999999999,Marketing,4,Advanced,3.8600000000000003,1.0,31,Female,6,0,0,3,1
U01180,4,4,152.49,38.1225,AI/ML,4,Advanced,3.925,1.0,18,Male,0,0,1,2,2
U01181,8,8,665.02,83.1275,Cybersecurity,6,Advanced,3.75,2.0,27,Female,2,0,0,1,0
U01182,1,1,170.52,170.52,Web Development,1,Intermediate,3.6,0.0,25,Female,7,2,0,0,0
U01183,3,3,484.38,161.46,Design,3,Beginner,3.6333333333333333,0.0,21,Female,4,1,0,0,0
U01184,3,3,87.3,29.099999999999998,Business,3,Advanced,3.1666666666666665,0.5,31,Male,1,0,1,2,1
U01185,6,6,747.94,124.65666666666668,Marketing,5,Intermediate,3.9166666666666665,1.0,28,Male,6,2,1,1,2
U01186,1,1,75.87,75.87,Cybersecurity,1,Intermediate,4.0,0.0,34,Male,2,2,1,2,1
U01187,2,2,383.74,191.87,Data Science,2,Beginner,3.5,0.0,35,Female,3,1,0,0,0
U01188,4,4,449.51,112.3775,Business,4,Beginner,3.925,0.0,24,Male,1,1,1,0,2
U01189,4,4,296.83,74.2075,AI/ML,4,Beginner,3.3000000000000003,0.3333333333333333,28,Male,0,1,1,0,2
U01190,6,6,602.12,100.35333333333334,Data Science,4,Beginner,3.5500000000000003,0.5,31,Male,3,1,1,1,2
U01191,3,3,24.46,8.153333333333334,Business,3,Beginner,4.166666666666667,0.3333333333333333,28,Female,1,1,0,2,1
U01192,4,4,447.72,111.93,Finance,3,Intermediate,3.75,1.0,20,Female,5,2,0,0,0
U01193,6,6,728.27,121.37833333333333,Design,5,Advanced,4.3500000000000005,2.0,20,Female,4,0,0,1,0
U01194,1,1,48.59,48.59,Business,1,Advanced,3.3,1.0,32,Female,1,0,0,2,1
U01195,2,2,333.03,166.515,Design,1,Intermediate,4.2,0.0,23,Male,4,2,1,0,1
U01196,1,1,174.03,174.03,Design,1,Advanced,4.0,1.0,21,Female,4,0,0,3,1
U01197,4,4,246.98000000000002,61.745000000000005,Cybersecurity,4,Advanced,4.05,1.0,28,Male,2,0,1,3,2
U01198,5,5,547.12,109.424,Web Development,4,Beginner,3.56,0.2,33,Female,7,1,0,1,0
U01199,5,5,603.91,120.782,Finance,4,Beginner,4.16,0.3333333333333333,17,Female,5,1,0,1,0
U01200,3,3,213.7,71.23333333333333,Cybersecurity,3,Advanced,4.166666666666667,0.5,15,Female,2,0,0,2,1
U01201,3,3,333.73,111.24333333333334,Cybersecurity,2,Advanced,3.5666666666666664,1.0,28,Male,2,0,1,3,2
U01202,5,5,302.0,60.4,Design,3,Advanced,3.54,0.6666666666666666,29,Female,4,0,0,3,1
U01203,5,5,542.94,108.58800000000001,Design,4,Advanced,3.8,0.6666666666666666,15,Male,4,0,1,1,2
U01204,5,5,263.67,52.734,AI/ML,5,Advanced,4.04,1.5,17,Female,0,0,0,3,0
U01205,5,5,367.55,73.51,AI/ML,5,Beginner,4.0600000000000005,0.3333333333333333,27,Male,0,1,1,1,2
U01206,5,5,341.04999999999995,68.21,Cybersecurity,4,Advanced,3.8200000000000003,1.0,15,Female,2,0,0,3,0
U01207,7,7,512.18,73.16857142857143,Finance,5,Beginner,3.1571428571428575,0.0,30,Female,5,1,0,1,0
U01208,4,4,400.46,100.115,Business,4,Beginner,3.8,0.3333333333333333,27,Female,1,1,0,0,0
U01209,2,2,235.32999999999998,117.66499999999999,Cybersecurity,2,Advanced,4.6,2.0,20,Male,2,0,1,3,2
U01210,8,8,987.8,123.475,Design,4,Intermediate,3.8875,0.25,22,Female,4,2,0,1,0
U01211,4,4,370.09,92.5225,Business,4,Beginner,3.9000000000000004,0.0,32,Female,1,1,0,0,0
U01212,4,4,562.1700000000001,140.54250000000002,Business,4,Beginner,3.95,0.0,18,Female,1,1,0,0,0
U01213,3,3,350.19,116.73,Cybersecurity,3,Advanced,3.466666666666667,0.5,20,Female,2,0,0,3,1
U01214,3,3,459.25,153.08333333333334,AI/ML,2,Intermediate,3.466666666666667,0.0,31,Female,0,2,0,0,0
U01215,5,5,331.28,66.256,Data Science,4,Advanced,4.220000000000001,0.6666666666666666,15,Female,3,0,0,1,0
U01216,2,2,200.39,100.195,AI/ML,2,Beginner,3.9000000000000004,0.0,15,Male,0,1,1,2,2
U01217,4,4,273.64,68.41,AI/ML,4,Advanced,4.175,1.0,25,Female,0,0,0,3,0
U01218,1,1,110.52,110.52,Web Development,1,Intermediate,3.6,0.0,34,Male,7,2,1,2,2
U01219,3,3,169.96,56.653333333333336,AI/ML,3,Beginner,3.4,0.0,16,Male,0,1,1,2,2
U01220,4,4,158.54000000000002,39.635000000000005,Cybersecurity,3,Advanced,4.025,4.0,29,Female,2,0,0,3,3
U01221,2,2,208.47,104.235,Design,2,Advanced,3.4000000000000004,0.5,32,Male,4,0,1,2,2
U01222,3,3,246.51,82.17,AI/ML,2,Advanced,4.0,0.5,19,Female,0,0,0,2,1
U01223,2,2,303.49,151.745,Cybersecurity,2,Advanced,3.4,1.0,23,Female,2,0,0,3,1
U01224,5,5,248.58999999999997,49.717999999999996,Cybersecurity,4,Advanced,3.62,1.0,23,Female,2,0,0,3,0
U01225,5,5,471.15,94.22999999999999,Business,4,Intermediate,3.56,0.5,30,Female,1,2,0,0,0
U01226,2,2,140.06,70.03,Data Science,2,Intermediate,2.9,0.0,31,Female,3,2,0,0,1
U01227,3,3,366.40999999999997,122.13666666666666,AI/ML,3,Beginner,3.9,0.0,15,Male,0,1,1,0,2
U01228,6,6,589.1600000000001,98.19333333333334,Marketing,2,Advanced,4.383333333333334,1.5,28,Male,6,0,1,3,2
U01229,3,3,197.81,65.93666666666667,AI/ML,3,Intermediate,3.0666666666666664,0.0,27,Female,0,2,0,0,1
U01230,6,6,737.79,122.96499999999999,Marketing,5,Intermediate,4.166666666666667,2.0,23,Female,6,2,0,1,2
U01231,1,1,165.92,165.92,Design,1,Advanced,4.0,1.0,21,Female,4,0,0,3,1
U01232,6,6,762.6899999999999,127.115,Data Science,5,Beginner,3.733333333333333,0.2,27,Female,3,1,0,1,0
U01233,2,2,199.37,99.685,Cybersecurity,2,Advanced,3.3,0.5,28,Male,2,0,1,2,1
U01234,7,7,620.5899999999999,88.65571428571427,Cybersecurity,4,Advanced,3.8857142857142857,2.0,27,Male,2,0,1,1,0
U01235,3,3,210.69,70.23,Finance,2,Beginner,3.8666666666666667,0.3333333333333333,27,Female,5,1,0,2,1
U01236,3,3,312.95,104.31666666666666,Web Development,2,Intermediate,4.166666666666667,0.0,20,Female,7,2,0,0,0
U01237,2,2,174.97,87.485,Cybersecurity,2,Advanced,4.0,1.0,24,Male,2,0,1,2,2
U01238,5,5,392.64,78.52799999999999,Cybersecurity,3,Advanced,3.62,4.0,35,Male,2,0,1,3,3
U01239,2,2,373.87,186.935,Design,2,Intermediate,3.1,0.0,20,Male,4,2,1,0,1
U01240,5,5,554.19,110.83800000000001,AI/ML,5,Advanced,3.38,1.0,16,Male,0,0,1,1,2
U01241,5,5,538.3199999999999,107.66399999999999,Business,4,Beginner,4.1,0.3333333333333333,25,Male,1,1,1,1,2
U01242,4,4,466.82000000000005,116.70500000000001,AI/ML,3,Beginner,4.425000000000001,0.3333333333333333,22,Male,0,1,1,0,2
U01243,6,6,614.14,102.35666666666667,Cybersecurity,5,Advanced,3.9,2.0,31,Female,2,0,0,1,0
U01244,3,3,237.65,79.21666666666667,Data Science,2,Beginner,3.266666666666667,0.0,30,Female,3,1,0,2,1
U01245,2,2,180.92,90.46,Data Science,2,Beginner,3.0,0.0,35,Male,3,1,1,2,1
U01246,5,5,479.98,95.99600000000001,Data Science,4,Advanced,4.14,1.0,27,Male,3,0,1,1,2
U01247,5,5,455.36,91.072,Cybersecurity,3,Beginner,3.6799999999999997,0.3333333333333333,19,Male,2,1,1,0,2
U01248,2,2,47.64,23.82,Cybersecurity,1,Beginner,3.35,0.0,16,Male,2,1,1,2,1
U01249,5,5,466.58,93.316,Design,4,Beginner,3.3600000000000003,0.3333333333333333,25,Male,4,1,1,1,2
U01250,3,3,316.94,105.64666666666666,Finance,2,Advanced,3.0666666666666664,0.5,27,Female,5,0,0,3,1
U01251,3,3,359.17,119.72333333333334,AI/ML,3,Advanced,3.6,1.0,29,Male,0,0,1,3,2
U01252,3,3,254.51,84.83666666666666,Business,3,Beginner,3.1,0.0,19,Female,1,1,0,0,1
U01253,4,4,315.58,78.895,Business,4,Advanced,3.175,0.6666666666666666,17,Male,1,0,1,3,2
U01254,3,3,243.49,81.16333333333334,Finance,2,Advanced,4.266666666666667,0.5,23,Male,5,0,1,2,1
U01255,4,4,466.68,116.67,Cybersecurity,3,Beginner,3.95,0.0,29,Female,2,1,0,0,0
U01256,1,1,139.64,139.64,Cybersecurity,1,Advanced,4.1,1.0,32,Male,2,0,1,2,1
U01257,4,4,375.68,93.92,Design,3,Beginner,3.7750000000000004,0.25,29,Female,4,1,0,0,0
U01258,4,4,351.24,87.81,Data Science,4,Beginner,3.425,0.3333333333333333,25,Male,3,1,1,0,2
U01259,4,4,392.74,98.185,Web Development,3,Advanced,4.025,1.0,18,Female,7,0,0,3,0
U01260,5,5,419.92,83.98400000000001,Data Science,3,Beginner,4.279999999999999,0.5,31,Female,3,1,0,0,0
U01261,3,3,306.94,102.31333333333333,Marketing,2,Advanced,3.4000000000000004,0.5,25,Male,6,0,1,2,1
U01262,2,2,238.60000000000002,119.30000000000001,AI/ML,2,Advanced,3.55,0.5,29,Female,0,0,0,3,1
U01263,3,3,106.72,35.57333333333333,Design,3,Advanced,3.6999999999999997,0.5,17,Female,4,0,0,2,1
U01264,2,2,90.14,45.07,Marketing,1,Beginner,3.45,0.0,15,Male,6,1,1,2,1
U01265,5,5,371.19,74.238,Marketing,4,Advanced,3.5799999999999996,1.0,23,Male,6,0,1,1,2
U01266,3,3,326.2,108.73333333333333,Data Science,2,Beginner,3.233333333333333,0.3333333333333333,18,Female,3,1,0,0,0
U01267,2,2,215.91000000000003,107.95500000000001,Design,2,Advanced,3.8499999999999996,0.5,30,Female,4,0,0,2,1
U01268,3,3,277.38,92.46,Business,3,Advanced,3.8000000000000003,0.5,33,Male,1,0,1,3,2
U01269,3,3,390.73,130.24333333333334,Cybersecurity,2,Beginner,3.8333333333333335,0.3333333333333333,25,Female,2,1,0,0,0
U01270,3,3,383.58,127.86,Business,3,Advanced,3.1666666666666665,2.0,19,Male,1,0,1,3,2
U01271,4,4,428.7,107.175,Marketing,3,Advanced,3.95,0.6666666666666666,23,Female,6,0,0,3,0
U01272,1,1,56.17,56.17,Design,1,Intermediate,2.9,0.0,16,Female,4,2,0,2,1
U01273,4,4,555.55,138.8875,AI/ML,4,Advanced,4.0,1.0,31,Female,0,0,0,3,0
U01274,4,4,344.1,86.025,Finance,2,Beginner,4.3,0.0,32,Female,5,1,0,0,0
U01275,4,4,401.19,100.2975,Design,2,Advanced,3.525,3.0,35,Male,4,0,1,3,3
U01276,8,8,910.05,113.75625,AI/ML,6,Intermediate,4.1375,0.0,27,Female,0,2,0,1,0
U01277,2,2,207.4,103.7,Finance,2,Beginner,3.1500000000000004,0.0,26,Female,5,1,0,0,1
U01278,5,5,492.31,98.462,AI/ML,4,Advanced,4.26,3.0,16,Female,0,0,0,3,3
U01279,7,7,860.01,122.85857142857142,Cybersecurity,4,Beginner,3.2285714285714286,0.25,29,Female,2,1,0,1,0
U01280,3,3,88.25999999999999,29.419999999999998,AI/ML,3,Advanced,3.733333333333333,1.0,26,Female,0,0,0,2,1
U01281,4,4,342.40999999999997,85.60249999999999,Web Development,3,Advanced,3.5,1.0,23,Female,7,0,0,3,0
U01282,4,4,511.93,127.9825,Marketing,3,Advanced,4.025,1.0,26,Male,6,0,1,3,2
U01283,2,2,313.61,156.805,Cybersecurity,2,Advanced,3.4499999999999997,0.5,15,Male,2,0,1,3,1
U01284,5,5,535.22,107.04400000000001,Design,4,Beginner,3.5799999999999996,0.0,34,Female,4,1,0,1,0
U01285,4,4,323.74,80.935,Design,3,Intermediate,2.8,0.5,35,Female,4,2,0,0,0
U01286,3,3,263.24,87.74666666666667,AI/ML,2,Advanced,3.5333333333333337,1.0,27,Male,0,0,1,3,2
U01287,5,5,515.35,103.07000000000001,Data Science,4,Beginner,3.6399999999999997,0.5,33,Female,3,1,0,1,0
U01288,4,4,341.52,85.38,Marketing,3,Beginner,3.75,0.0,18,Male,6,1,1,0,2
U01289,3,3,221.77,73.92333333333333,Cybersecurity,3,Intermediate,3.4,0.0,35,Female,2,2,0,0,1
U01290,3,3,367.5,122.5,AI/ML,3,Intermediate,4.3999999999999995,0.0,16,Male,0,2,1,0,2
U01291,3,3,305.78,101.92666666666666,Cybersecurity,3,Intermediate,3.7999999999999994,1.0,34,Female,2,2,0,0,0
U01292,4,4,422.59999999999997,105.64999999999999,Cybersecurity,3,Advanced,3.4,1.0,29,Male,2,0,1,3,2
U01293,3,3,160.15,53.38333333333333,Business,3,Beginner,4.066666666666666,0.3333333333333333,33,Male,1,1,1,2,2
U01294,3,3,312.76,104.25333333333333,Data Science,2,Advanced,3.4333333333333336,1.0,30,Male,3,0,1,3,2
U01295,4,4,294.61,73.6525,Design,2,Advanced,3.5,0.6666666666666666,34,Female,4,0,0,3,1
U01296,5,5,536.89,107.378,Finance,4,Beginner,3.6,0.5,21,Female,5,1,0,1,0
U01297,4,4,465.69,116.4225,Design,3,Beginner,2.975,0.0,27,Male,4,1,1,0,2
U01298,4,4,211.43,52.8575,Marketing,3,Advanced,3.75,1.5,22,Female,6,0,0,2,0
U01299,3,3,480.24,160.08,Finance,2,Beginner,3.533333333333333,0.0,28,Female,5,1,0,0,0
U01300,7,7,503.26,71.89428571428572,Design,5,Intermediate,3.4857142857142853,0.6666666666666666,19,Male,4,2,1,1,2
U01301,3,3,387.24,129.08,AI/ML,3,Beginner,2.9333333333333336,0.0,27,Male,0,1,1,0,2
U01302,3,3,212.35999999999999,70.78666666666666,Cybersecurity,3,Advanced,3.766666666666667,2.0,19,Female,2,0,0,3,3
U01303,3,3,260.24,86.74666666666667,Design,2,Advanced,3.466666666666667,1.0,23,Female,4,0,0,3,1
U01304,3,3,352.38,117.46,Business,2,Advanced,3.6666666666666665,2.0,33,Female,1,0,0,3,3
U01305,3,3,355.90999999999997,118.63666666666666,Design,2,Beginner,4.233333333333333,0.0,22,Female,4,1,0,0,0
U01306,6,6,310.59999999999997,51.76666666666666,Design,4,Beginner,3.6833333333333336,0.25,22,Male,4,1,1,1,2
U01307,3,3,192.61,64.20333333333333,Data Science,3,Beginner,3.5666666666666664,0.0,16,Female,3,1,0,2,1
U01308,6,6,709.38,118.23,Data Science,4,Advanced,3.466666666666667,0.75,23,Male,3,0,1,1,2
U01309,2,2,120.83,60.415,Business,2,Beginner,3.7,0.0,35,Male,1,1,1,2,2
U01310,1,1,38.9,38.9,Design,1,Advanced,4.0,1.0,21,Female,4,0,0,2,1
U01311,4,4,136.92000000000002,34.230000000000004,Data Science,3,Advanced,3.6500000000000004,1.0,27,Male,3,0,1,2,2
U01312,4,4,526.06,131.515,Design,3,Beginner,3.25,0.0,16,Male,4,1,1,0,2
U01313,7,7,661.75,94.53571428571429,Design,4,Intermediate,4.057142857142857,0.6666666666666666,31,Male,4,2,1,1,2
U01314,4,4,368.52,92.13,AI/ML,3,Advanced,3.6,1.0,26,Female,0,0,0,3,0
U01315,3,3,362.98,120.99333333333334,AI/ML,3,Intermediate,3.766666666666667,0.0,33,Male,0,2,1,0,2
U01316,3,3,388.17999999999995,129.39333333333332,Business,3,Advanced,3.6333333333333333,1.0,31,Female,1,0,0,3,0
U01317,2,2,149.60000000000002,74.80000000000001,AI/ML,2,Advanced,3.5,0.5,32,Female,0,0,0,2,1
U01318,3,3,389.27,129.75666666666666,Data Science,3,Beginner,3.733333333333333,0.3333333333333333,18,Female,3,1,0,0,0
U01319,3,3,170.66,56.88666666666666,Business,3,Advanced,2.6666666666666665,0.5,25,Male,1,0,1,2,1
U01320,2,2,287.39,143.695,Design,2,Beginner,3.5999999999999996,0.0,20,Male,4,1,1,0,2
U01321,7,7,466.44,66.63428571428571,AI/ML,4,Advanced,3.642857142857143,1.5,35,Male,0,0,1,1,0
U01322,1,1,157.91,157.91,Web Development,1,Advanced,3.2,1.0,26,Female,7,0,0,3,1
U01323,6,6,419.46000000000004,69.91000000000001,Cybersecurity,4,Intermediate,3.5666666666666664,1.0,15,Male,2,2,1,1,2
U01324,4,4,413.14,103.285,Business,4,Intermediate,2.925,0.5,24,Male,1,2,1,0,2
U01325,3,3,79.21,26.403333333333332,Business,3,Advanced,4.033333333333333,0.5,18,Female,1,0,0,2,1
U01326,2,2,229.52,114.76,Business,2,Advanced,4.75,2.0,15,Female,1,0,0,3,3
U01327,2,2,207.72,103.86,AI/ML,2,Advanced,4.15,0.5,23,Male,0,0,1,2,2
U01328,3,3,212.88,70.96,Cybersecurity,3,Advanced,3.266666666666667,0.5,27,Male,2,0,1,2,1
U01329,4,4,245.91,61.4775,Cybersecurity,3,Advanced,3.325,3.0,15,Female,2,0,0,3,3
U01330,7,7,525.21,75.03,Marketing,4,Beginner,3.5142857142857147,0.4,20,Female,6,1,0,1,0
U01331,4,4,277.19,69.2975,Finance,3,Intermediate,3.475,0.0,16,Male,5,2,1,0,2
U01332,1,1,40.34,40.34,Marketing,1,Intermediate,4.7,0.0,20,Male,6,2,1,2,1
U01333,2,2,232.60999999999999,116.30499999999999,Business,2,Beginner,3.8499999999999996,0.0,15,Male,1,1,1,2,2
U01334,8,8,841.76,105.22,Design,6,Advanced,3.1375,0.75,35,Female,4,0,0,1,0
U01335,6,6,621.5,103.58333333333333,Marketing,4,Intermediate,3.8666666666666667,0.5,16,Female,6,2,0,1,0
U01336,1,1,160.48,160.48,Design,1,Beginner,4.6,0.0,33,Male,4,1,1,2,1
U01337,3,3,463.97,154.65666666666667,Data Science,2,Beginner,3.5666666666666664,0.0,32,Female,3,1,0,0,0
U01338,4,4,376.16,94.04,Cybersecurity,4,Beginner,3.65,0.0,15,Male,2,1,1,0,2
U01339,4,4,353.53,88.3825,AI/ML,4,Advanced,3.55,1.0,35,Male,0,0,1,3,2
U01340,3,3,175.01,58.336666666666666,Cybersecurity,3,Beginner,3.5,0.0,32,Female,2,1,0,2,1
U01341,4,4,714.12,178.53,Design,3,Beginner,3.6,0.0,29,Male,4,1,1,0,2
U01342,2,2,193.15,96.575,Business,1,Beginner,3.6500000000000004,0.0,25,Male,1,1,1,2,2
U01343,2,2,314.9,157.45,Cybersecurity,2,Intermediate,2.8,0.0,32,Male,2,2,1,0,1
U01344,3,3,504.36,168.12,Data Science,2,Beginner,3.8666666666666667,0.0,25,Female,3,1,0,0,0
U01345,2,2,201.87,100.935,Cybersecurity,2,Advanced,4.0,0.5,19,Male,2,0,1,2,2
U01346,8,8,845.78,105.7225,Cybersecurity,6,Advanced,4.1,0.8,16,Male,2,0,1,1,0
U01347,4,4,258.69,64.6725,AI/ML,4,Advanced,3.35,0.6666666666666666,20,Male,0,0,1,3,2
U01348,5,5,555.21,111.042,Design,4,Advanced,3.3200000000000003,0.6666666666666666,29,Female,4,0,0,1,0
U01349,3,3,221.43,73.81,AI/ML,3,Advanced,4.1000000000000005,2.0,26,Male,0,0,1,3,3
U01350,2,2,339.04,169.52,Marketing,1,Intermediate,3.8499999999999996,0.0,16,Female,6,2,0,0,0
U01351,3,3,167.3,55.76666666666667,Business,3,Beginner,3.733333333333333,0.0,16,Male,1,1,1,2,2
U01352,8,8,743.64,92.955,Web Development,7,Advanced,3.875,0.75,25,Male,7,0,1,1,0
U01353,6,6,526.01,87.66833333333334,Data Science,4,Beginner,3.4,0.5,20,Female,3,1,0,1,0
U01354,2,2,9.3,4.65,Design,2,Advanced,3.0,0.5,15,Male,4,0,1,2,1
U01355,5,5,507.67,101.534,AI/ML,5,Advanced,4.0600000000000005,1.5,28,Female,0,0,0,1,0
U01356,1,1,25.33,25.33,Finance,1,Beginner,4.7,0.0,26,Female,5,1,0,2,1
U01357,5,5,452.99,90.598,AI/ML,4,Advanced,3.2600000000000002,3.0,28,Female,0,0,0,3,0
U01358,3,3,220.74,73.58,Design,3,Beginner,3.6333333333333333,0.0,31,Male,4,1,1,2,2
U01359,3,3,211.07,70.35666666666667,Cybersecurity,3,Advanced,4.0,0.5,18,Female,2,0,0,2,1
U01360,2,2,231.36,115.68,Design,2,Advanced,2.7,1.0,22,Female,4,0,0,3,1
U01361,7,7,736.76,105.25142857142858,Data Science,6,Advanced,3.642857142857143,1.3333333333333333,31,Male,3,0,1,1,0
U01362,3,3,501.11,167.03666666666666,AI/ML,3,Advanced,4.033333333333333,0.5,26,Male,0,0,1,3,2
U01363,4,4,299.13,74.7825,Finance,3,Beginner,3.875,0.0,25,Male,5,1,1,0,2
U01364,4,4,306.40999999999997,76.60249999999999,Design,2,Beginner,3.6500000000000004,0.3333333333333333,16,Female,4,1,0,2,0
U01365,3,3,143.12,47.70666666666667,Marketing,2,Beginner,3.9333333333333336,0.3333333333333333,25,Male,6,1,1,2,1
U01366,4,4,403.62,100.905,AI/ML,4,Advanced,3.75,1.0,29,Female,0,0,0,3,0
U01367,6,6,548.6800000000001,91.44666666666667,Web Development,5,Advanced,3.5999999999999996,1.0,22,Male,7,0,1,1,2
U01368,3,3,290.1,96.7,AI/ML,3,Advanced,3.466666666666667,0.5,24,Female,0,0,0,3,0
U01369,3,3,443.58000000000004,147.86,Cybersecurity,3,Intermediate,3.266666666666667,0.0,21,Male,2,2,1,0,2
U01370,4,4,385.42,96.355,AI/ML,4,Advanced,3.925,1.0,21,Female,0,0,0,3,0
U01371,3,3,334.78,111.59333333333332,Design,2,Advanced,2.733333333333333,3.0,22,Male,4,0,1,3,3
U01372,7,7,358.53,51.21857142857142,Cybersecurity,5,Intermediate,3.7428571428571433,0.6666666666666666,19,Female,2,2,0,1,0
U01373,6,6,503.25,83.875,AI/ML,6,Beginner,3.8166666666666664,0.0,24,Male,0,1,1,1,2
U01374,3,3,369.13,123.04333333333334,Cybersecurity,3,Intermediate,3.1666666666666665,1.0,32,Female,2,2,0,0,0
U01375,2,2,158.11,79.055,Design,2,Advanced,3.65,1.0,22,Male,4,0,1,2,1
U01376,4,4,488.29999999999995,122.07499999999999,AI/ML,4,Beginner,3.625,0.25,28,Male,0,1,1,0,2
U01377,4,4,576.92,144.23,Design,3,Advanced,3.4250000000000003,1.0,16,Male,4,0,1,3,2
U01378,8,8,642.45,80.30625,Marketing,4,Advanced,3.5375,1.3333333333333333,35,Male,6,0,1,1,0
U01379,3,3,185.55,61.85,Cybersecurity,3,Intermediate,3.233333333333333,1.0,22,Male,2,2,1,0,2
U01380,5,5,372.24,74.44800000000001,Cybersecurity,3,Advanced,3.7,4.0,26,Male,2,0,1,3,3
U01381,6,6,579.11,96.51833333333333,Cybersecurity,4,Advanced,3.783333333333333,1.0,15,Male,2,0,1,1,2
U01382,6,6,944.71,157.45166666666668,Marketing,4,Beginner,3.6333333333333333,0.4,22,Female,6,1,0,1,0
U01383,2,2,126.69999999999999,63.349999999999994,Cybersecurity,2,Advanced,3.9,2.0,32,Male,2,0,1,2,3
U01384,2,2,353.26,176.63,Business,2,Advanced,3.3,2.0,23,Female,1,0,0,3,1
U01385,4,4,318.57,79.6425,Data Science,3,Intermediate,2.95,0.5,33,Female,3,2,0,0,0
U01386,1,1,27.94,27.94,Business,1,Beginner,3.5,0.0,16,Male,1,1,1,2,1
U01387,5,5,396.12,79.224,AI/ML,4,Beginner,4.1,0.25,21,Female,0,1,0,0,0
U01388,5,5,445.31,89.062,Cybersecurity,3,Advanced,2.92,1.0,27,Male,2,0,1,3,2
U01389,2,2,217.31,108.655,Cybersecurity,2,Intermediate,4.2,0.0,30,Male,2,2,1,0,2
U01390,2,2,202.85,101.425,Design,2,Advanced,4.05,1.0,33,Female,4,0,0,2,1
U01391,3,3,219.29,73.09666666666666,Business,3,Advanced,4.8,0.5,30,Male,1,0,1,2,2
U01392,2,2,199.8,99.9,Data Science,2,Advanced,3.5,1.0,29,Female,3,0,0,3,1
U01393,5,5,350.0,70.0,Data Science,4,Advanced,3.16,1.5,30,Male,3,0,1,3,2
U01394,4,4,178.39,44.5975,Business,4,Beginner,3.6,0.25,26,Female,1,1,0,2,1
U01395,3,3,304.18,101.39333333333333,AI/ML,3,Intermediate,3.4333333333333336,0.0,31,Male,0,2,1,0,2
U01396,3,3,288.39,96.13,AI/ML,3,Advanced,3.0,1.0,17,Female,0,0,0,3,1
U01397,6,6,465.85,77.64166666666667,Design,4,Intermediate,3.85,0.3333333333333333,28,Male,4,2,1,1,2
U01398,4,4,384.97,96.2425,Cybersecurity,4,Beginner,3.5,0.3333333333333333,23,Female,2,1,0,0,0
U01399,3,3,74.39,24.796666666666667,Cybersecurity,3,Advanced,3.1666666666666665,0.5,20,Male,2,0,1,2,1
U01400,4,4,323.91,80.9775,Finance,3,Beginner,3.975,0.0,21,Female,5,1,0,0,0
U01401,6,6,596.01,99.335,Web Development,5,Beginner,3.6666666666666665,0.2,19,Female,7,1,0,1,0
U01402,3,3,354.78999999999996,118.26333333333332,AI/ML,3,Advanced,4.0,1.0,19,Female,0,0,0,3,0
U01403,3,3,247.51,82.50333333333333,Data Science,3,Beginner,3.8666666666666667,0.0,27,Male,3,1,1,2,2
U01404,3,3,447.44,149.14666666666668,AI/ML,3,Intermediate,3.1999999999999997,0.0,18,Female,0,2,0,0,0
U01405,5,5,275.44,55.088,Business,5,Beginner,3.38,0.3333333333333333,35,Male,1,1,1,1,2
U01406,3,3,121.59,40.53,AI/ML,3,Intermediate,3.6,0.0,21,Female,0,2,0,2,1
U01407,4,4,416.74,104.185,Marketing,3,Beginner,3.45,0.3333333333333333,34,Female,6,1,0,0,0
U01408,4,4,353.90999999999997,88.47749999999999,Data Science,4,Beginner,3.8,0.0,18,Male,3,1,1,0,2
U01409,3,3,480.57,160.19,AI/ML,1,Advanced,3.6,2.0,31,Male,0,0,1,3,3
U01410,4,4,676.4000000000001,169.10000000000002,Cybersecurity,4,Intermediate,3.425,0.5,17,Male,2,2,1,0,2
U01411,3,3,256.84000000000003,85.61333333333334,Cybersecurity,2,Beginner,3.0666666666666664,0.0,21,Male,2,1,1,0,2
U01412,4,4,382.47,95.6175,Business,4,Advanced,3.35,1.0,16,Male,1,0,1,3,2
U01413,5,5,303.96999999999997,60.794,Data Science,4,Intermediate,3.44,0.5,24,Male,3,2,1,0,2
U01414,4,4,346.62,86.655,Data Science,4,Advanced,4.175000000000001,0.6666666666666666,35,Female,3,0,0,3,1
U01415,8,8,616.84,77.105,Cybersecurity,5,Beginner,4.0,0.16666666666666666,18,Male,2,1,1,1,2
U01416,4,4,298.2,74.55,Cybersecurity,3,Advanced,3.3,1.0,22,Female,2,0,0,3,0
U01417,5,5,452.25,90.45,Data Science,4,Advanced,3.5200000000000005,0.6666666666666666,26,Female,3,0,0,1,0
U01418,3,3,291.73,97.24333333333334,Business,3,Advanced,3.9666666666666663,1.0,20,Female,1,0,0,3,0
U01419,2,2,210.17000000000002,105.08500000000001,AI/ML,2,Advanced,3.85,2.0,34,Female,0,0,0,3,3
U01420,4,4,419.28,104.82,Web Development,3,Advanced,4.4,1.5,34,Female,7,0,0,3,3
U01421,8,8,606.23,75.77875,Data Science,4,Advanced,3.7125,1.3333333333333333,22,Male,3,0,1,1,0
U01422,4,4,539.13,134.7825,Marketing,3,Intermediate,3.6750000000000003,0.5,16,Male,6,2,1,0,2
U01423,3,3,503.46000000000004,167.82000000000002,Finance,2,Advanced,4.2,2.0,25,Male,5,0,1,3,2
U01424,6,6,595.43,99.23833333333333,Business,6,Beginner,4.05,0.4,28,Female,1,1,0,1,0
U01425,7,7,808.54,115.50571428571428,Design,5,Beginner,4.285714285714286,0.5,25,Female,4,1,0,1,0
U01426,4,4,447.01,111.7525,AI/ML,3,Advanced,4.050000000000001,3.0,24,Male,0,0,1,3,3
U01427,1,1,149.86,149.86,Web Development,1,Intermediate,4.7,0.0,25,Male,7,2,1,0,1
U01428,3,3,306.63,102.21,Finance,2,Beginner,3.4,0.3333333333333333,35,Female,5,1,0,0,1
U01429,6,6,689.6,114.93333333333334,AI/ML,6,Advanced,3.766666666666667,1.3333333333333333,31,Female,0,0,0,1,0
U01430,5,5,620.17,124.03399999999999,AI/ML,5,Advanced,3.44,2.0,19,Female,0,0,0,1,0
U01431,2,2,116.03999999999999,58.019999999999996,Design,2,Advanced,4.35,0.5,34,Female,4,0,0,2,1
U01432,5,5,499.01,99.80199999999999,Business,4,Advanced,3.6799999999999997,0.6666666666666666,17,Female,1,0,0,1,0
U01433,5,5,398.92,79.784,AI/ML,3,Advanced,3.22,1.5,16,Female,0,0,0,3,0
U01434,2,2,174.07,87.035,Data Science,1,Advanced,3.2,0.5,24,Male,3,0,1,2,1
U01435,5,5,375.45,75.09,Design,4,Beginner,3.94,0.0,16,Male,4,1,1,0,2
U01436,3,3,331.51,110.50333333333333,Data Science,3,Advanced,3.6666666666666665,3.0,34,Female,3,0,0,3,3
U01437,5,5,485.75,97.15,Design,4,Intermediate,3.2399999999999998,0.5,33,Female,4,2,0,0,0
U01438,3,3,298.05999999999995,99.35333333333331,Business,3,Advanced,4.3,2.0,30,Female,1,0,0,3,3
U01439,5,4,205.96,41.192,Design,3,Advanced,3.44,0.6666666666666666,22,Male,4,0,1,2,2
U01440,4,4,249.82,62.455,AI/ML,3,Beginner,4.15,0.0,20,Female,0,1,0,2,1
U01441,5,5,313.83000000000004,62.766000000000005,Finance,4,Beginner,3.8200000000000003,0.2,24,Female,5,1,0,0,0
U01442,4,4,399.79,99.9475,Marketing,3,Beginner,3.725,0.25,34,Female,6,1,0,0,0
U01443,5,5,628.99,125.798,Web Development,4,Beginner,3.9799999999999995,0.0,17,Female,7,1,0,1,0
U01444,4,4,650.21,162.5525,Cybersecurity,2,Advanced,4.25,2.0,29,Male,2,0,1,3,2
U01445,2,2,282.89,141.445,AI/ML,2,Beginner,3.75,0.0,29,Male,0,1,1,0,2
U01446,2,2,138.2,69.1,Data Science,2,Advanced,3.5,0.5,32,Female,3,0,0,2,1
U01447,4,4,484.46999999999997,121.11749999999999,Business,4,Intermediate,3.425,0.0,17,Female,1,2,0,0,0
U01448,2,2,218.0,109.0,AI/ML,2,Advanced,3.15,0.5,25,Female,0,0,0,3,1
U01449,3,3,302.03,100.67666666666666,AI/ML,3,Beginner,3.8000000000000003,0.3333333333333333,34,Male,0,1,1,0,2
U01450,4,4,403.4,100.85,AI/ML,4,Advanced,3.825,4.0,16,Female,0,0,0,3,3
U01451,1,1,75.22,75.22,Data Science,1,Advanced,2.6,1.0,17,Male,3,0,1,2,1
U01452,2,2,110.36,55.18,Business,2,Beginner,4.55,0.0,23,Male,1,1,1,2,1
U01453,2,2,181.01999999999998,90.50999999999999,Design,2,Beginner,3.3,0.0,17,Male,4,1,1,2,1
U01454,3,3,233.01,77.67,Data Science,3,Intermediate,4.1000000000000005,1.0,18,Female,3,2,0,0,1
U01455,4,4,487.5,121.875,Cybersecurity,3,Advanced,3.9,3.0,22,Female,2,0,0,3,3
U01456,4,4,674.73,168.6825,Business,4,Advanced,3.65,0.6666666666666666,30,Male,1,0,1,1,2
U01457,3,3,356.32,118.77333333333333,Web Development,2,Beginner,3.6666666666666665,0.0,27,Male,7,1,1,0,2
U01458,3,3,233.07,77.69,AI/ML,3,Intermediate,3.5666666666666664,0.0,24,Male,0,2,1,0,2
U01459,4,4,541.5699999999999,135.39249999999998,Data Science,2,Beginner,3.725,0.25,17,Female,3,1,0,0,0
U01460,4,4,578.3399999999999,144.58499999999998,Business,3,Beginner,4.225,0.25,32,Female,1,1,0,0,0
U01461,4,4,530.8,132.7,Cybersecurity,2,Intermediate,3.15,0.0,16,Male,2,2,1,0,2
U01462,5,5,457.98,91.596,AI/ML,5,Intermediate,4.18,0.5,27,Male,0,2,1,1,2
U01463,4,4,582.84,145.71,Cybersecurity,4,Beginner,3.975,0.3333333333333333,30,Female,2,1,0,0,0
U01464,4,4,396.2,99.05,Data Science,2,Advanced,3.4,3.0,33,Male,3,0,1,3,3
U01465,3,3,205.62,68.54,Data Science,3,Intermediate,3.6,1.0,33,Male,3,2,1,0,2
U01466,4,4,617.91,154.4775,Finance,3,Beginner,3.25,0.0,22,Male,5,1,1,0,2
U01467,6,6,466.46,77.74333333333333,AI/ML,4,Advanced,3.5666666666666664,2.0,19,Female,0,0,0,3,0
U01468,7,7,503.38,71.91142857142857,Data Science,4,Beginner,3.642857142857143,0.25,28,Female,3,1,0,1,0
U01469,4,4,467.67,116.9175,AI/ML,4,Advanced,3.3,1.0,29,Female,0,0,0,3,0
U01470,6,6,237.26,39.54333333333333,Design,3,Beginner,3.9499999999999997,0.25,28,Male,4,1,1,2,2
U01471,3,3,280.04999999999995,93.34999999999998,Cybersecurity,3,Intermediate,3.5666666666666664,1.0,19,Female,2,2,0,0,1
U01472,4,4,366.1,91.525,Data Science,2,Advanced,3.875,4.0,27,Female,3,0,0,3,3
U01473,4,4,491.66,122.915,Marketing,3,Advanced,4.45,1.5,17,Female,6,0,0,3,0
U01474,4,4,358.25,89.5625,Marketing,2,Advanced,3.875,1.0,20,Male,6,0,1,3,1
U01475,6,6,552.47,92.07833333333333,Web Development,3,Advanced,3.966666666666667,0.6666666666666666,20,Male,7,0,1,1,2
U01476,5,5,585.27,117.054,AI/ML,5,Intermediate,3.18,0.0,35,Female,0,2,0,1,0
U01477,4,4,298.39,74.5975,Cybersecurity,4,Advanced,3.85,3.0,17,Female,2,0,0,3,3
U01478,3,3,495.9,165.29999999999998,AI/ML,3,Intermediate,3.4,0.0,35,Female,0,2,0,0,0
U01479,5,5,445.75,89.15,Business,4,Beginner,4.0,0.3333333333333333,25,Female,1,1,0,1,0
U01480,3,3,229.41,76.47,Data Science,2,Advanced,4.0,3.0,20,Female,3,0,0,3,3
U01481,7,7,744.52,106.36,Design,4,Intermediate,3.414285714285714,1.0,20,Male,4,2,1,1,2
U01482,5,5,218.21,43.642,Data Science,4,Advanced,4.279999999999999,1.5,17,Male,3,0,1,3,2
U01483,2,2,156.4,78.2,Web Development,1,Beginner,3.55,0.0,18,Male,7,1,1,2,1
U01484,2,2,102.00999999999999,51.004999999999995,Data Science,2,Beginner,2.8499999999999996,0.0,17,Male,3,1,1,2,1
U01485,4,4,457.58,114.395,AI/ML,3,Intermediate,4.425,0.5,16,Male,0,2,1,0,2
U01486,3,3,292.7,97.56666666666666,Web Development,2,Intermediate,4.1000000000000005,1.0,17,Male,7,2,1,0,2
U01487,2,2,187.24,93.62,Data Science,2,Intermediate,3.0,0.0,17,Female,3,2,0,0,1
U01488,5,5,602.0699999999999,120.41399999999999,Web Development,4,Intermediate,3.34,0.0,27,Male,7,2,1,0,2
U01489,4,4,552.24,138.06,Cybersecurity,3,Beginner,3.75,0.0,27,Male,2,1,1,0,2
U01490,5,5,439.4,87.88,Cybersecurity,4,Beginner,3.94,0.3333333333333333,19,Female,2,1,0,1,0
U01491,6,6,506.08000000000004,84.34666666666668,Web Development,4,Beginner,3.9333333333333336,0.0,17,Female,7,1,0,1,0
U01492,4,4,358.78,89.695,Finance,3,Intermediate,3.45,0.5,23,Female,5,2,0,0,0
U01493,3,3,409.17,136.39000000000001,Design,2,Intermediate,3.733333333333333,0.0,18,Female,4,2,0,0,0
U01494,5,5,421.97,84.394,Business,5,Advanced,3.6,0.6666666666666666,32,Male,1,0,1,1,2
U01495,3,3,366.55999999999995,122.18666666666665,Finance,3,Beginner,3.6333333333333333,0.0,31,Female,5,1,0,0,0
U01496,4,4,556.94,139.235,AI/ML,2,Intermediate,3.625,0.0,22,Female,0,2,0,0,0
U01497,4,4,474.61,118.6525,Design,3,Beginner,4.325,0.3333333333333333,35,Female,4,1,0,0,0
U01498,3,3,248.47,82.82333333333334,AI/ML,2,Beginner,3.766666666666667,0.0,15,Male,0,1,1,2,2
U01499,5,5,465.67,93.134,AI/ML,5,Beginner,3.9799999999999995,0.5,30,Female,0,1,0,1,0
U01500,3,3,387.87,129.29,AI/ML,3,Intermediate,3.6999999999999997,0.0,15,Male,0,2,1,0,2
U01501,4,4,300.55,75.1375,AI/ML,4,Advanced,3.9,3.0,23,Male,0,0,1,3,3
U01502,2,2,109.94999999999999,54.974999999999994,AI/ML,2,Advanced,3.15,1.0,28,Female,0,0,0,2,1
U01503,2,2,94.37,47.185,Marketing,1,Advanced,3.6500000000000004,0.5,30,Female,6,0,0,2,1
U01504,2,2,212.8,106.4,AI/ML,2,Advanced,3.85,1.0,31,Male,0,0,1,3,1
U01505,5,5,302.28999999999996,60.45799999999999,Marketing,4,Beginner,4.14,0.5,35,Male,6,1,1,1,2
U01506,4,4,275.1,68.775,Marketing,3,Advanced,3.5749999999999997,1.0,34,Male,6,0,1,3,1
U01507,5,5,578.1,115.62,Web Development,4,Advanced,3.7600000000000002,4.0,18,Female,7,0,0,3,3
U01508,4,4,473.4,118.35,Web Development,3,Advanced,3.8499999999999996,0.6666666666666666,34,Male,7,0,1,3,2
U01509,4,4,476.74,119.185,Business,4,Advanced,3.775,0.6666666666666666,15,Female,1,0,0,3,0
U01510,2,2,169.32,84.66,Data Science,2,Beginner,3.6,0.0,16,Female,3,1,0,2,1
U01511,6,6,371.75,61.958333333333336,Cybersecurity,4,Beginner,3.3333333333333335,0.2,15,Male,2,1,1,1,2
U01512,4,4,221.93,55.4825,Web Development,3,Advanced,4.075,1.0,19,Male,7,0,1,2,1
U01513,7,7,621.81,88.83,Cybersecurity,4,Advanced,3.942857142857143,4.0,23,Male,2,0,1,3,3
U01514,4,4,452.68,113.17,Marketing,3,Advanced,3.95,0.6666666666666666,25,Male,6,0,1,3,2
U01515,7,7,545.84,77.97714285714287,Design,4,Advanced,3.442857142857143,2.5,35,Female,4,0,0,1,0
U01516,2,2,111.89,55.945,Design,1,Advanced,3.0999999999999996,0.5,19,Male,4,0,1,2,1
U01517,5,5,333.92,66.784,Data Science,4,Advanced,3.8600000000000003,3.0,26,Male,3,0,1,3,3
U01518,2,2,239.6,119.8,Finance,2,Intermediate,3.8,0.0,21,Male,5,2,1,0,2
U01519,5,5,297.03000000000003,59.406000000000006,Marketing,4,Beginner,3.8600000000000003,0.0,16,Male,6,1,1,0,2
U01520,6,6,636.72,106.12,Design,4,Advanced,4.083333333333333,1.5,26,Female,4,0,0,1,0
U01521,6,6,587.76,97.96,Design,3,Beginner,3.6166666666666667,0.5,34,Female,4,1,0,1,0
U01522,2,2,164.01000000000002,82.00500000000001,Design,2,Advanced,4.0,1.0,31,Female,4,0,0,2,1
U01523,2,2,100.94,50.47,Data Science,2,Beginner,2.95,0.0,16,Male,3,1,1,2,1
U01524,5,5,455.95,91.19,Data Science,4,Advanced,4.38,1.5,30,Female,3,0,0,3,3
U01525,8,8,982.11,122.76375,Cybersecurity,7,Intermediate,3.2625,1.0,32,Female,2,2,0,1,0
U01526,2,2,131.72,65.86,Cybersecurity,2,Intermediate,3.5,0.0,20,Male,2,2,1,2,2
U01527,6,6,646.28,107.71333333333332,AI/ML,5,Beginner,3.9166666666666665,0.2,29,Female,0,1,0,1,0
U01528,3,3,336.73,112.24333333333334,Business,3,Advanced,3.9000000000000004,0.5,16,Male,1,0,1,3,2
U01529,3,3,354.45,118.14999999999999,Cybersecurity,3,Beginner,3.766666666666667,0.3333333333333333,19,Female,2,1,0,0,0
U01530,2,2,137.64000000000001,68.82000000000001,Business,2,Intermediate,3.65,0.0,16,Male,1,2,1,2,2
U01531,5,5,593.37,118.674,Web Development,4,Advanced,3.6,1.5,30,Female,7,0,0,1,0
U01532,2,2,293.23,146.615,Design,2,Advanced,3.6,0.5,28,Female,4,0,0,3,1
U01533,4,4,631.52,157.88,AI/ML,4,Beginner,3.55,0.0,16,Female,0,1,0,0,0
U01534,4,4,504.07,126.0175,Design,3,Beginner,4.05,0.3333333333333333,28,Male,4,1,1,0,2
U01535,2,2,73.4,36.7,Cybersecurity,1,Beginner,3.25,0.0,20,Male,2,1,1,2,1
U01536,4,4,313.99,78.4975,Cybersecurity,3,Intermediate,3.75,0.0,33,Female,2,2,0,0,1
U01537,4,3,416.53999999999996,104.13499999999999,Cybersecurity,4,Advanced,3.3,1.0,27,Female,2,0,0,3,0
U01538,4,4,275.03,68.7575,Cybersecurity,4,Beginner,3.65,0.3333333333333333,27,Female,2,1,0,0,0
U01539,3,3,280.89,93.63,Cybersecurity,2,Advanced,3.1,0.5,24,Female,2,0,0,3,1
U01540,3,3,406.03,135.34333333333333,Design,3,Beginner,3.5,0.0,30,Female,4,1,0,0,0
U01541,3,3,388.44,129.48,AI/ML,3,Intermediate,3.366666666666667,1.0,29,Female,0,2,0,0,0
U01542,4,4,316.57,79.1425,Web Development,3,Intermediate,3.775,0.5,18,Female,7,2,0,0,0
U01543,2,2,281.1,140.55,Cybersecurity,2,Advanced,3.8499999999999996,0.5,25,Female,2,0,0,3,1
U01544,3,3,345.71999999999997,115.24,Business,3,Beginner,3.9333333333333336,0.3333333333333333,31,Female,1,1,0,0,0
U01545,3,3,114.75,38.25,Data Science,3,Beginner,2.8333333333333335,0.0,15,Female,3,1,0,2,1
U01546,2,2,205.37,102.685,Data Science,2,Advanced,3.8,0.5,34,Male,3,0,1,2,1
U01547,4,4,516.61,129.1525,AI/ML,4,Intermediate,4.1,0.0,17,Male,0,2,1,0,2
U01548,2,2,116.61,58.305,Finance,2,Advanced,3.3,0.5,35,Female,5,0,0,2,1
U01549,3,3,91.88,30.626666666666665,Cybersecurity,3,Advanced,4.0,1.0,34,Female,2,0,0,2,1
U01550,3,3,360.32,120.10666666666667,AI/ML,3,Beginner,3.466666666666667,0.3333333333333333,16,Male,0,1,1,0,2
U01551,2,2,269.46000000000004,134.73000000000002,Web Development,1,Advanced,3.55,2.0,16,Male,7,0,1,3,3
U01552,3,3,427.80999999999995,142.60333333333332,Data Science,2,Advanced,3.5666666666666664,2.0,32,Male,3,0,1,3,3
U01553,2,2,240.75,120.375,Business,2,Advanced,4.0,1.0,27,Male,1,0,1,3,2
U01554,4,4,285.21,71.3025,Marketing,3,Advanced,3.725,1.0,20,Male,6,0,1,3,1
U01555,5,5,621.71,124.34200000000001,Design,3,Advanced,3.84,0.6666666666666666,23,Female,4,0,0,1,0
U01556,4,4,340.9,85.225,Cybersecurity,3,Intermediate,4.4,0.5,23,Female,2,2,0,0,1
U01557,1,1,26.95,26.95,Marketing,1,Beginner,3.4,0.0,17,Male,6,1,1,2,1
U01558,4,4,586.4200000000001,146.60500000000002,Cybersecurity,3,Intermediate,3.375,1.0,32,Male,2,2,1,0,2
U01559,2,2,312.14,156.07,AI/ML,2,Advanced,3.05,0.5,19,Male,0,0,1,3,1
U01560,4,4,399.04999999999995,99.76249999999999,Web Development,3,Advanced,4.35,3.0,24,Male,7,0,1,3,3
U01561,3,3,234.84,78.28,Cybersecurity,2,Intermediate,4.0,0.0,32,Male,2,2,1,0,2
U01562,5,5,653.61,130.722,Finance,4,Advanced,3.46,1.0,18,Female,5,0,0,1,0
U01563,2,2,65.82000000000001,32.910000000000004,Design,2,Beginner,3.7,0.0,35,Female,4,1,0,2,1
U01564,6,6,699.6700000000001,116.61166666666668,AI/ML,4,Advanced,3.75,0.6666666666666666,28,Female,0,0,0,1,0
U01565,3,3,115.01,38.336666666666666,AI/ML,3,Intermediate,3.8333333333333335,1.0,32,Male,0,2,1,2,2
U01566,3,3,132.70999999999998,44.23666666666666,AI/ML,3,Beginner,4.133333333333334,0.0,29,Male,0,1,1,2,2
U01567,6,6,473.51,78.91833333333334,AI/ML,6,Advanced,3.9333333333333336,2.0,22,Male,0,0,1,1,0
U01568,2,2,237.56,118.78,AI/ML,2,Advanced,4.2,1.0,26,Female,0,0,0,3,1
U01569,3,3,121.98,40.660000000000004,AI/ML,2,Intermediate,4.266666666666667,0.0,35,Male,0,2,1,2,1
U01570,8,8,968.6999999999999,121.08749999999999,Cybersecurity,5,Advanced,3.375,1.3333333333333333,31,Male,2,0,1,1,0
U01571,2,2,215.51000000000002,107.75500000000001,Design,2,Advanced,2.95,0.5,19,Male,4,0,1,2,1
U01572,3,3,252.97,84.32333333333334,Marketing,2,Beginner,3.266666666666667,0.0,29,Female,6,1,0,0,1
U01573,5,5,319.61,63.922000000000004,Cybersecurity,4,Beginner,4.18,0.25,18,Female,2,1,0,0,0
U01574,4,4,321.0,80.25,Cybersecurity,4,Beginner,4.025,0.25,17,Male,2,1,1,0,2
U01575,7,7,885.1600000000001,126.45142857142858,Design,5,Intermediate,3.4857142857142853,1.0,15,Female,4,2,0,1,0
U01576,1,1,75.9,75.9,Web Development,1,Intermediate,4.2,0.0,35,Male,7,2,1,2,2
U01577,2,2,251.42000000000002,125.71000000000001,Data Science,2,Advanced,3.1500000000000004,1.0,30,Male,3,0,1,3,1
U01578,5,5,392.05,78.41,Design,4,Beginner,3.62,0.25,26,Male,4,1,1,1,2
U01579,2,2,171.91000000000003,85.95500000000001,Finance,2,Advanced,4.050000000000001,0.5,31,Male,5,0,1,2,1
U01580,6,6,753.64,125.60666666666667,AI/ML,4,Beginner,3.75,0.4,15,Female,0,1,0,1,0
U01581,3,3,422.13,140.71,Web Development,2,Intermediate,3.6999999999999997,1.0,30,Male,7,2,1,0,2
U01582,3,3,343.59000000000003,114.53000000000002,Data Science,2,Advanced,4.166666666666667,1.0,16,Male,3,0,1,3,2
U01583,4,4,553.97,138.4925,AI/ML,4,Advanced,3.75,1.0,30,Female,0,0,0,3,0
U01584,8,8,824.0899999999999,103.01124999999999,Finance,6,Intermediate,3.6375,0.6666666666666666,32,Male,5,2,1,1,2
U01585,7,7,541.06,77.2942857142857,Web Development,6,Advanced,3.9,1.5,27,Male,7,0,1,1,0
U01586,5,5,556.5600000000001,111.31200000000001,AI/ML,4,Advanced,4.12,1.5,27,Male,0,0,1,3,2
U01587,2,2,230.59000000000003,115.29500000000002,Design,2,Advanced,3.4000000000000004,0.5,27,Male,4,0,1,2,2
U01588,3,3,399.45,133.15,Cybersecurity,2,Advanced,3.033333333333333,0.5,32,Male,2,0,1,3,2
U01589,3,3,209.58,69.86,Data Science,3,Beginner,3.1999999999999997,0.3333333333333333,16,Female,3,1,0,2,1
U01590,5,5,660.51,132.102,Business,4,Intermediate,3.16,0.5,33,Male,1,2,1,1,2
U01591,2,2,221.3,110.65,AI/ML,2,Advanced,4.4,0.5,32,Female,0,0,0,2,1
U01592,1,1,91.41,91.41,Cybersecurity,1,Beginner,3.0,0.0,33,Male,2,1,1,2,1
U01593,5,5,423.82,84.764,Design,4,Intermediate,3.96,0.5,34,Male,4,2,1,0,2
U01594,3,3,374.78999999999996,124.92999999999999,AI/ML,3,Intermediate,3.8333333333333335,1.0,35,Male,0,2,1,0,2
U01595,5,5,454.40000000000003,90.88000000000001,Web Development,4,Advanced,3.7600000000000002,1.0,15,Male,7,0,1,1,2
U01596,3,3,218.36,72.78666666666668,Cybersecurity,3,Advanced,4.033333333333333,1.0,22,Male,2,0,1,2,1
U01597,5,5,501.26,100.252,AI/ML,5,Advanced,3.5799999999999996,1.5,21,Female,0,0,0,1,0
U01598,4,4,265.19,66.2975,Cybersecurity,4,Beginner,3.725,0.3333333333333333,30,Female,2,1,0,0,0
U01599,2,2,163.94,81.97,Design,2,Advanced,3.9,0.5,29,Female,4,0,0,2,1
U01600,7,7,892.11,127.44428571428571,Design,4,Advanced,3.9,1.3333333333333333,29,Female,4,0,0,1,0
U01601,4,4,387.14,96.785,Data Science,4,Advanced,3.825,0.6666666666666666,23,Female,3,0,0,3,0
U01602,2,2,128.67000000000002,64.33500000000001,Data Science,2,Advanced,4.65,0.5,31,Female,3,0,0,2,1
U01603,5,5,416.35,83.27000000000001,Web Development,4,Advanced,3.2,1.5,32,Male,7,0,1,3,2
U01604,3,3,297.21,99.07,Data Science,2,Advanced,4.066666666666666,0.5,31,Female,3,0,0,2,1
U01605,5,5,517.28,103.45599999999999,Web Development,4,Advanced,3.7600000000000002,2.0,18,Male,7,0,1,1,2
U01606,3,3,533.36,177.78666666666666,Data Science,2,Beginner,4.0,0.0,17,Female,3,1,0,0,0
U01607,4,4,323.71000000000004,80.92750000000001,Cybersecurity,3,Intermediate,3.275,0.5,25,Male,2,2,1,0,2
U01608,4,4,462.73,115.6825,Business,2,Beginner,3.6000000000000005,0.25,15,Female,1,1,0,0,0
U01609,2,2,157.89,78.945,Cybersecurity,2,Advanced,4.3,0.5,15,Male,2,0,1,2,2
U01610,4,4,447.69000000000005,111.92250000000001,Finance,2,Advanced,3.15,2.0,31,Male,5,0,1,3,3
U01611,3,3,251.13,83.71,Data Science,3,Advanced,4.133333333333334,2.0,27,Male,3,0,1,3,3
U01612,4,4,384.3,96.075,AI/ML,4,Advanced,3.8,1.0,29,Male,0,0,1,3,2
U01613,3,3,377.78,125.92666666666666,AI/ML,3,Advanced,4.2,0.5,25,Male,0,0,1,3,2
U01614,3,3,465.86,155.28666666666666,Business,3,Advanced,4.466666666666667,0.5,17,Male,1,0,1,3,2
U01615,5,5,309.8,61.96,AI/ML,5,Beginner,3.62,0.25,29,Male,0,1,1,1,2
U01616,3,3,283.03,94.34333333333332,AI/ML,3,Beginner,4.0,0.0,20,Male,0,1,1,0,2
U01617,5,5,636.8399999999999,127.36799999999998,AI/ML,5,Advanced,3.6400000000000006,0.6666666666666666,21,Male,0,0,1,1,2
U01618,7,7,938.26,134.03714285714287,Data Science,3,Beginner,3.2285714285714286,0.5,15,Female,3,1,0,1,0
U01619,3,3,84.45,28.150000000000002,AI/ML,3,Intermediate,4.3,0.0,20,Female,0,2,0,2,1
U01620,5,5,669.26,133.852,Business,4,Advanced,4.18,1.0,19,Female,1,0,0,1,0
U01621,2,2,174.73,87.365,AI/ML,2,Advanced,3.75,1.0,16,Female,0,0,0,2,1
U01622,8,8,844.27,105.53375,Design,4,Beginner,4.1625,0.2,15,Female,4,1,0,1,0
U01623,4,4,512.2,128.05,AI/ML,4,Intermediate,3.65,0.5,23,Male,0,2,1,0,2
U01624,2,2,353.86,176.93,Business,2,Beginner,3.05,0.0,34,Female,1,1,0,0,0
U01625,3,3,212.49,70.83,Data Science,2,Intermediate,3.3333333333333335,0.0,33,Female,3,2,0,0,1
U01626,7,7,869.52,124.21714285714286,Cybersecurity,5,Intermediate,3.8428571428571425,2.0,26,Female,2,2,0,1,0
U01627,8,8,628.74,78.5925,Marketing,5,Advanced,3.925,0.8,23,Female,6,0,0,1,0
U01628,4,4,566.37,141.5925,Business,4,Beginner,3.1750000000000003,0.3333333333333333,26,Male,1,1,1,0,2
U01629,4,4,212.13,53.0325,Cybersecurity,3,Advanced,4.2,3.0,28,Female,2,0,0,3,3
U01630,1,1,188.58,188.58,AI/ML,1,Advanced,3.0,1.0,33,Male,0,0,1,3,1
U01631,6,6,661.29,110.21499999999999,Data Science,3,Beginner,3.516666666666666,0.2,18,Female,3,1,0,1,0
U01632,4,4,331.47,82.8675,Marketing,2,Beginner,3.275,0.0,21,Male,6,1,1,0,2
U01633,1,1,69.59,69.59,Design,1,Beginner,3.3,0.0,34,Male,4,1,1,2,1
U01634,1,1,197.07,197.07,Cybersecurity,1,Intermediate,2.7,0.0,35,Male,2,2,1,0,1
U01635,3,3,84.33,28.11,Design,2,Intermediate,3.8333333333333335,0.0,18,Female,4,2,0,2,1
U01636,2,2,105.31,52.655,AI/ML,1,Advanced,3.25,2.0,19,Male,0,0,1,2,1
U01637,6,6,758.72,126.45333333333333,Design,3,Advanced,3.516666666666667,2.0,30,Male,4,0,1,1,2
U01638,3,3,422.93999999999994,140.98,AI/ML,2,Beginner,4.766666666666667,0.3333333333333333,26,Male,0,1,1,0,2
U01639,3,3,352.38,117.46,AI/ML,3,Beginner,4.133333333333334,0.3333333333333333,27,Male,0,1,1,0,2
U01640,6,6,413.95,68.99166666666666,Design,5,Beginner,4.166666666666667,0.5,23,Female,4,1,0,1,0
U01641,2,2,297.16,148.58,Cybersecurity,2,Beginner,4.1,0.0,17,Male,2,1,1,0,2
U01642,1,1,18.17,18.17,Web Development,1,Intermediate,4.7,0.0,26,Male,7,2,1,2,1
U01643,3,3,107.30000000000001,35.76666666666667,AI/ML,3,Advanced,3.1666666666666665,0.5,25,Male,0,0,1,2,1
U01644,5,5,576.23,115.24600000000001,Design,4,Beginner,3.8,0.0,23,Male,4,1,1,1,2
U01645,5,5,541.47,108.29400000000001,Data Science,4,Beginner,3.2,0.3333333333333333,19,Male,3,1,1,1,2
U01646,4,4,421.27,105.3175,Cybersecurity,3,Intermediate,3.925,1.0,28,Female,2,2,0,0,0
U01647,3,3,358.36,119.45333333333333,Data Science,3,Beginner,3.3666666666666667,0.0,17,Female,3,1,0,0,0
U01648,3,3,265.21,88.40333333333332,Business,2,Beginner,4.1000000000000005,0.0,22,Female,1,1,0,2,1
U01649,2,2,183.95999999999998,91.97999999999999,Data Science,1,Beginner,2.8499999999999996,0.0,35,Male,3,1,1,2,1
U01650,5,4,580.62,116.124,Marketing,3,Beginner,4.0,0.25,33,Male,6,1,1,1,2
U01651,2,2,144.15,72.075,AI/ML,2,Advanced,4.550000000000001,1.0,25,Female,0,0,0,2,1
U01652,2,2,67.09,33.545,Design,2,Advanced,4.05,1.0,35,Male,4,0,1,2,1
U01653,2,2,69.92,34.96,Marketing,2,Advanced,2.9,0.5,21,Female,6,0,0,2,1
U01654,3,3,157.7,52.56666666666666,Business,3,Beginner,3.4333333333333336,0.3333333333333333,22,Female,1,1,0,2,1
U01655,3,3,305.17,101.72333333333334,Design,2,Advanced,3.9,1.0,23,Male,4,0,1,3,2
U01656,5,5,498.38,99.676,Design,2,Advanced,3.9,1.0,27,Male,4,0,1,3,2
U01657,4,4,555.51,138.8775,Data Science,3,Intermediate,3.225,0.0,22,Female,3,2,0,0,0
U01658,7,7,613.03,87.57571428571428,Marketing,5,Beginner,4.5,0.16666666666666666,31,Female,6,1,0,1,0
U01659,3,3,172.25,57.416666666666664,Data Science,2,Intermediate,3.1,0.0,27,Female,3,2,0,0,1
U01660,4,4,283.99,70.9975,AI/ML,4,Advanced,3.775,2.0,25,Female,0,0,0,3,0
U01661,2,2,226.83,113.415,Marketing,1,Beginner,3.9499999999999997,0.0,27,Female,6,1,0,2,1
U01662,1,1,75.39,75.39,AI/ML,1,Intermediate,4.3,0.0,28,Male,0,2,1,2,1
U01663,4,4,378.34000000000003,94.58500000000001,Data Science,3,Beginner,3.9,0.3333333333333333,28,Female,3,1,0,0,0
U01664,6,6,884.45,147.40833333333333,Web Development,5,Beginner,3.8666666666666667,0.2,23,Female,7,1,0,1,0
U01665,4,4,360.62,90.155,AI/ML,4,Advanced,4.625,1.5,34,Female,0,0,0,3,3
U01666,3,3,494.48,164.82666666666668,Cybersecurity,3,Intermediate,3.1666666666666665,1.0,28,Female,2,2,0,0,0
U01667,8,8,875.06,109.3825,Cybersecurity,6,Intermediate,3.525,1.5,23,Female,2,2,0,1,0
U01668,3,3,359.14,119.71333333333332,Web Development,2,Intermediate,3.466666666666667,1.0,27,Female,7,2,0,0,0
U01669,5,5,487.84999999999997,97.57,Web Development,4,Beginner,3.8200000000000003,0.25,30,Female,7,1,0,1,0
U01670,3,3,98.37,32.79,Cybersecurity,3,Advanced,4.2,0.5,19,Male,2,0,1,2,1
U01671,4,4,415.18,103.795,AI/ML,3,Beginner,3.75,0.3333333333333333,25,Male,0,1,1,0,2
U01672,3,3,66.39,22.13,Cybersecurity,2,Advanced,4.066666666666666,2.0,15,Male,2,0,1,2,1
U01673,3,3,233.48,77.82666666666667,Data Science,3,Advanced,3.5,0.5,16,Male,3,0,1,2,2
U01674,4,4,475.18,118.795,Marketing,3,Intermediate,4.025,0.5,27,Female,6,2,0,0,0
U01675,3,3,269.93,89.97666666666667,Business,3,Advanced,4.0,0.5,17,Male,1,0,1,2,2
U01676,1,1,146.17,146.17,AI/ML,1,Intermediate,4.3,0.0,22,Male,0,2,1,0,2
U01677,4,4,203.2,50.8,Design,3,Beginner,3.55,0.0,22,Male,4,1,1,2,2
U01678,5,5,542.06,108.41199999999999,Business,5,Beginner,3.7399999999999998,0.25,31,Female,1,1,0,1,0
U01679,4,4,417.94,104.485,AI/ML,4,Beginner,3.625,0.0,16,Female,0,1,0,0,0
U01680,2,2,103.78,51.89,Cybersecurity,2,Advanced,3.85,0.5,30,Male,2,0,1,2,1
U01681,1,1,129.14,129.14,Design,1,Intermediate,2.9,0.0,33,Male,4,2,1,0,1
U01682,1,1,140.05,140.05,Data Science,1,Advanced,2.6,1.0,21,Male,3,0,1,3,1
U01683,5,5,464.11,92.822,Cybersecurity,3,Beginner,3.7600000000000002,0.3333333333333333,19,Female,2,1,0,0,0
U01684,2,2,116.60000000000001,58.300000000000004,Business,2,Beginner,4.25,0.0,26,Female,1,1,0,2,1
U01685,1,1,193.53,193.53,Data Science,1,Advanced,3.6,1.0,26,Female,3,0,0,3,1
U01686,4,4,483.03,120.7575,Business,4,Advanced,3.7,0.6666666666666666,32,Male,1,0,1,3,2
U01687,2,2,296.95000000000005,148.47500000000002,Design,2,Advanced,4.7,0.5,23,Female,4,0,0,2,1
U01688,2,2,274.23,137.115,Cybersecurity,2,Beginner,3.25,0.0,28,Female,2,1,0,0,0
U01689,6,6,543.08,90.51333333333334,Design,5,Beginner,4.016666666666667,0.5,30,Female,4,1,0,1,0
U01690,4,4,491.47999999999996,122.86999999999999,Web Development,3,Advanced,3.1500000000000004,1.0,27,Male,7,0,1,3,2
U01691,3,3,470.61,156.87,AI/ML,3,Beginner,4.733333333333333,0.0,22,Male,0,1,1,0,2
U01692,1,1,121.43,121.43,Design,1,Beginner,4.1,0.0,26,Male,4,1,1,2,2
U01693,5,5,358.69,71.738,Cybersecurity,4,Advanced,3.72,3.0,21,Male,2,0,1,3,3
U01694,7,7,780.44,111.49142857142859,Finance,4,Advanced,4.2,1.0,35,Male,5,0,1,1,0
U01695,3,3,313.36,104.45333333333333,Design,3,Intermediate,4.133333333333334,0.0,32,Male,4,2,1,0,2
U01696,4,4,572.6800000000001,143.17000000000002,Design,2,Advanced,4.05,1.0,31,Female,4,0,0,3,0
U01697,2,2,273.99,136.995,AI/ML,2,Advanced,3.0999999999999996,1.0,35,Male,0,0,1,3,3
U01698,3,3,379.41999999999996,126.47333333333331,Design,2,Beginner,4.633333333333334,0.3333333333333333,28,Female,4,1,0,0,0
U01699,3,3,233.82,77.94,AI/ML,3,Intermediate,4.166666666666667,0.0,23,Female,0,2,0,0,1
U01700,3,3,438.12,146.04,AI/ML,3,Beginner,2.8000000000000003,0.0,25,Female,0,1,0,0,0
U01701,2,2,235.20999999999998,117.60499999999999,Business,2,Beginner,3.75,0.0,22,Male,1,1,1,0,2
U01702,2,2,177.22,88.61,Marketing,1,Beginner,3.9,0.0,21,Female,6,1,0,2,1
U01703,3,3,219.16000000000003,73.05333333333334,Marketing,2,Intermediate,3.4,0.0,21,Male,6,2,1,0,2
U01704,7,7,676.86,96.69428571428571,Web Development,5,Beginner,4.128571428571428,0.16666666666666666,30,Female,7,1,0,1,0
U01705,4,4,384.57,96.1425,Design,3,Advanced,4.325,0.6666666666666666,28,Male,4,0,1,3,2
U01706,2,2,45.150000000000006,22.575000000000003,AI/ML,2,Advanced,4.0,1.0,17,Female,0,0,0,2,1
U01707,3,3,375.21,125.07,AI/ML,3,Advanced,2.9,2.0,32,Male,0,0,1,3,3
U01708,4,4,356.23,89.0575,Data Science,3,Advanced,3.15,3.0,22,Male,3,0,1,3,3
U01709,2,2,227.07,113.535,Design,2,Advanced,3.8499999999999996,1.0,35,Female,4,0,0,3,1
U01710,3,3,347.23,115.74333333333334,Cybersecurity,3,Advanced,3.6333333333333333,0.5,32,Male,2,0,1,3,2
U01711,7,7,846.06,120.86571428571428,Data Science,6,Beginner,3.542857142857143,0.5,15,Female,3,1,0,1,0
U01712,2,2,168.76999999999998,84.38499999999999,Cybersecurity,2,Advanced,4.2,2.0,30,Male,2,0,1,3,3
U01713,4,4,281.37,70.3425,Marketing,2,Advanced,3.575,1.0,15,Male,6,0,1,2,1
U01714,4,4,506.91999999999996,126.72999999999999,Business,4,Beginner,4.1,0.25,24,Female,1,1,0,0,0
U01715,6,6,496.56,82.76,Web Development,5,Advanced,3.8833333333333333,0.6666666666666666,27,Male,7,0,1,1,0
U01716,5,5,553.25,110.65,Web Development,3,Advanced,3.4200000000000004,1.0,22,Female,7,0,0,1,0
U01717,3,3,249.7,83.23333333333333,Cybersecurity,2,Beginner,4.033333333333333,0.3333333333333333,20,Male,2,1,1,2,2
U01718,2,2,282.8,141.4,Business,2,Advanced,4.4,1.0,23,Male,1,0,1,3,2
U01719,6,6,797.87,132.97833333333332,Cybersecurity,4,Advanced,3.783333333333333,3.0,32,Female,2,0,0,1,3
U01720,3,3,258.78,86.25999999999999,Cybersecurity,3,Beginner,3.5666666666666664,0.0,21,Female,2,1,0,0,1
U01721,4,4,437.77,109.4425,Cybersecurity,4,Intermediate,4.25,1.0,15,Female,2,2,0,0,0
U01722,5,5,708.46,141.692,AI/ML,4,Advanced,4.04,1.5,30,Female,0,0,0,1,0
U01723,4,4,458.44,114.61,AI/ML,4,Advanced,3.625,3.0,32,Female,0,0,0,3,0
U01724,2,2,275.64,137.82,Finance,2,Advanced,3.9,2.0,17,Male,5,0,1,3,2
U01725,4,4,413.47,103.3675,Marketing,3,Advanced,3.975,0.6666666666666666,33,Male,6,0,1,3,2
U01726,1,1,113.34,113.34,Data Science,1,Advanced,3.6,1.0,32,Female,3,0,0,2,1
U01727,5,5,270.4,54.08,Finance,4,Intermediate,3.56,0.5,15,Female,5,2,0,0,0
U01728,3,3,330.29999999999995,110.09999999999998,Finance,2,Beginner,4.133333333333334,0.3333333333333333,33,Female,5,1,0,0,0
U01729,4,4,336.5,84.125,Web Development,3,Beginner,3.7,0.3333333333333333,29,Female,7,1,0,0,0
U01730,3,3,331.71000000000004,110.57000000000001,Data Science,2,Advanced,3.4333333333333336,0.5,27,Female,3,0,0,3,1
U01731,3,3,232.24,77.41333333333334,AI/ML,3,Intermediate,4.2,1.0,28,Male,0,2,1,0,2
U01732,4,4,311.69,77.9225,AI/ML,4,Advanced,4.675,2.0,17,Female,0,0,0,3,3
U01733,4,4,524.7,131.175,Cybersecurity,3,Beginner,4.175,0.25,20,Female,2,1,0,0,0
U01734,3,3,390.24,130.08,Design,2,Advanced,4.566666666666666,0.5,29,Male,4,0,1,3,1
U01735,2,2,72.11,36.055,Cybersecurity,2,Intermediate,4.25,0.0,29,Male,2,2,1,2,1
U01736,3,3,430.04,143.34666666666666,Design,2,Beginner,3.9,0.3333333333333333,17,Male,4,1,1,0,2
U01737,2,2,143.85,71.925,Business,2,Beginner,3.45,0.0,23,Male,1,1,1,2,2
U01738,2,2,83.5,41.75,Data Science,2,Advanced,2.95,0.5,16,Female,3,0,0,2,1
U01739,8,8,955.63,119.45375,Finance,6,Beginner,3.3125,0.14285714285714285,19,Male,5,1,1,1,0
U01740,3,3,124.40000000000002,41.466666666666676,AI/ML,3,Beginner,3.8000000000000003,0.0,20,Male,0,1,1,2,2
U01741,6,6,497.23,82.87166666666667,Web Development,5,Intermediate,3.8333333333333335,2.0,30,Male,7,2,1,1,2
U01742,5,5,556.31,111.26199999999999,Design,4,Beginner,3.66,0.5,30,Female,4,1,0,1,0
U01743,3,3,393.82,131.27333333333334,Data Science,3,Beginner,4.1000000000000005,0.0,15,Male,3,1,1,0,2
U01744,5,5,369.98,73.99600000000001,Finance,4,Intermediate,4.5200000000000005,2.0,22,Male,5,2,1,1,2
U01745,2,2,39.129999999999995,19.564999999999998,Cybersecurity,2,Intermediate,4.0,0.0,21,Female,2,2,0,2,1
U01746,7,7,710.29,101.47,Web Development,4,Advanced,3.642857142857143,4.0,24,Male,7,0,1,1,3
U01747,2,2,99.97,49.985,Design,2,Advanced,4.699999999999999,0.5,19,Female,4,0,0,2,1
U01748,4,4,331.74,82.935,Data Science,3,Beginner,3.05,0.0,22,Male,3,1,1,0,2
U01749,1,1,119.65,119.65,Design,1,Advanced,4.3,1.0,31,Female,4,0,0,2,1
U01750,3,3,233.45999999999998,77.82,Data Science,3,Intermediate,3.4,1.0,24,Male,3,2,1,0,2
U01751,2,2,193.75,96.875,Cybersecurity,2,Beginner,3.4,0.0,25,Female,2,1,0,2,1
U01752,4,4,246.42,61.605,AI/ML,4,Beginner,3.85,0.0,34,Female,0,1,0,0,0
U01753,4,4,382.72,95.68,Web Development,3,Beginner,3.95,0.3333333333333333,17,Female,7,1,0,0,0
U01754,5,5,247.35999999999999,49.471999999999994,AI/ML,3,Intermediate,3.7,0.5,22,Male,0,2,1,0,2
U01755,3,3,249.95,83.31666666666666,Cybersecurity,3,Intermediate,4.0,0.0,26,Female,2,2,0,0,1
U01756,3,3,307.14,102.38,AI/ML,3,Advanced,4.2,2.0,21,Male,0,0,1,3,2
U01757,3,3,240.28,80.09333333333333,Business,3,Beginner,4.2,0.0,26,Female,1,1,0,2,1
U01758,1,1,69.86,69.86,AI/ML,1,Beginner,3.2,0.0,16,Female,0,1,0,2,1
U01759,2,2,275.85,137.925,Marketing,1,Beginner,3.8499999999999996,0.0,21,Male,6,1,1,0,2
U01760,2,2,57.94,28.97,Cybersecurity,2,Advanced,3.05,0.5,19,Male,2,0,1,2,1
U01761,2,2,186.75,93.375,AI/ML,2,Beginner,3.35,0.0,31,Male,0,1,1,2,2
U01762,3,3,379.04999999999995,126.34999999999998,Data Science,3,Intermediate,3.6999999999999997,0.0,33,Male,3,2,1,0,2
U01763,2,2,191.74,95.87,Cybersecurity,2,Beginner,4.1,0.0,24,Male,2,1,1,2,1
U01764,1,1,67.93,67.93,Data Science,1,Intermediate,2.6,0.0,30,Male,3,2,1,2,1
U01765,2,2,139.66,69.83,Data Science,2,Advanced,3.9000000000000004,0.5,24,Female,3,0,0,2,1
U01766,4,4,341.87,85.4675,AI/ML,4,Advanced,3.8,2.0,33,Female,0,0,0,3,3
U01767,4,4,634.4,158.6,Marketing,3,Advanced,3.5500000000000003,1.0,15,Female,6,0,0,3,0
U01768,2,2,172.79000000000002,86.39500000000001,Cybersecurity,2,Advanced,3.65,0.5,26,Female,2,0,0,2,1
U01769,3,3,218.83,72.94333333333334,Marketing,2,Beginner,3.466666666666667,0.0,15,Male,6,1,1,2,1
U01770,4,4,570.66,142.665,AI/ML,4,Advanced,3.4250000000000003,3.0,22,Female,0,0,0,3,0
U01771,5,5,401.32,80.264,Business,5,Advanced,3.94,0.6666666666666666,21,Male,1,0,1,1,2
U01772,2,2,131.44,65.72,Marketing,2,Beginner,3.0,0.0,32,Female,6,1,0,2,1
U01773,4,4,605.29,151.3225,Marketing,2,Beginner,3.4,0.3333333333333333,17,Male,6,1,1,0,2
U01774,4,4,311.9,77.975,AI/ML,4,Advanced,4.2,2.0,17,Male,0,0,1,3,2
U01775,4,4,417.07,104.2675,Marketing,3,Beginner,3.75,0.0,31,Female,6,1,0,0,0
U01776,2,2,216.64,108.32,Cybersecurity,2,Beginner,3.8,0.0,30,Female,2,1,0,0,0
U01777,2,2,288.28,144.14,Web Development,1,Advanced,3.05,2.0,27,Male,7,0,1,3,1
U01778,3,3,295.99,98.66333333333334,Data Science,2,Beginner,3.6666666666666665,0.3333333333333333,24,Female,3,1,0,0,1
U01779,5,5,501.37,100.274,Cybersecurity,4,Beginner,3.54,0.3333333333333333,31,Male,2,1,1,1,2
U01780,2,2,256.51,128.255,Finance,2,Beginner,3.9000000000000004,0.0,27,Male,5,1,1,0,2
U01781,6,6,593.2900000000001,98.88166666666667,Marketing,5,Advanced,3.9,0.6666666666666666,30,Male,6,0,1,1,0
U01782,7,7,681.02,97.28857142857143,Cybersecurity,5,Intermediate,4.271428571428571,0.6666666666666666,17,Female,2,2,0,1,0
U01783,2,2,191.54000000000002,95.77000000000001,Cybersecurity,2,Advanced,3.1,1.0,28,Male,2,0,1,3,1
U01784,7,7,804.5699999999999,114.93857142857142,Cybersecurity,4,Advanced,3.142857142857143,4.0,32,Female,2,0,0,1,3
U01785,4,4,373.14,93.285,Data Science,3,Beginner,3.85,0.3333333333333333,34,Female,3,1,0,0,0
U01786,3,3,217.36,72.45333333333333,AI/ML,3,Advanced,4.1000000000000005,2.0,25,Female,0,0,0,3,0
U01787,7,7,687.06,98.15142857142857,Data Science,6,Advanced,3.314285714285714,1.5,30,Female,3,0,0,1,0
U01788,4,4,398.81,99.7025,Data Science,4,Intermediate,4.175,1.0,15,Male,3,2,1,0,2
U01789,3,3,212.48,70.82666666666667,Cybersecurity,3,Advanced,3.3000000000000003,2.0,33,Female,2,0,0,3,1
U01790,5,5,346.0,69.2,Data Science,4,Beginner,3.6,0.3333333333333333,25,Male,3,1,1,0,2
U01791,4,4,367.6,91.9,Business,4,Intermediate,3.825,0.5,31,Female,1,2,0,0,0
U01792,4,4,455.78999999999996,113.94749999999999,Cybersecurity,3,Intermediate,3.8,1.0,15,Male,2,2,1,0,2
U01793,4,4,471.53,117.8825,Cybersecurity,4,Beginner,3.275,0.0,30,Male,2,1,1,0,2
U01794,3,3,306.56,102.18666666666667,Marketing,2,Beginner,4.1,0.3333333333333333,26,Male,6,1,1,2,2
U01795,5,5,615.12,123.024,Web Development,3,Advanced,3.7,1.0,15,Female,7,0,0,1,0
U01796,3,3,243.76999999999998,81.25666666666666,Data Science,2,Beginner,3.733333333333333,0.3333333333333333,15,Male,3,1,1,2,2
U01797,6,6,436.02,72.67,Design,5,Beginner,3.6333333333333333,0.4,33,Male,4,1,1,1,2
U01798,5,5,598.25,119.65,Design,4,Beginner,3.9200000000000004,0.25,18,Male,4,1,1,1,2
U01799,3,3,236.32999999999998,78.77666666666666,Cybersecurity,1,Advanced,3.466666666666667,1.0,33,Female,2,0,0,2,1
U01800,3,3,332.02000000000004,110.67333333333335,Design,2,Advanced,3.5,1.0,25,Female,4,0,0,3,1
U01801,7,7,882.06,126.00857142857141,Marketing,4,Advanced,3.642857142857143,1.6666666666666667,20,Male,6,0,1,1,0
U01802,2,2,176.68,88.34,Web Development,1,Beginner,2.85,0.0,15,Female,7,1,0,2,1
U01803,3,3,293.74,97.91333333333334,Cybersecurity,2,Advanced,3.9333333333333336,0.5,27,Female,2,0,0,2,1
U01804,3,3,341.75,113.91666666666667,AI/ML,3,Intermediate,4.1000000000000005,1.0,20,Female,0,2,0,0,0
U01805,3,3,250.53,83.51,AI/ML,3,Beginner,3.466666666666667,0.3333333333333333,21,Male,0,1,1,0,2
U01806,6,6,678.58,113.09666666666668,Design,4,Advanced,3.8666666666666667,0.6666666666666666,26,Male,4,0,1,1,2
U01807,3,3,358.07,119.35666666666667,AI/ML,3,Advanced,3.3000000000000003,2.0,31,Male,0,0,1,3,3
U01808,3,3,297.96,99.32,Cybersecurity,3,Intermediate,4.1000000000000005,0.0,15,Male,2,2,1,0,2
U01809,6,6,581.09,96.84833333333334,AI/ML,4,Intermediate,3.3666666666666667,0.3333333333333333,24,Female,0,2,0,1,0
U01810,3,3,255.41,85.13666666666667,Finance,3,Intermediate,3.9333333333333336,0.0,15,Female,5,2,0,0,0
U01811,6,6,513.95,85.65833333333335,Marketing,3,Beginner,3.783333333333333,0.25,28,Female,6,1,0,1,0
U01812,4,4,521.1,130.275,Data Science,3,Beginner,3.2,0.0,17,Male,3,1,1,0,2
U01813,4,4,382.45,95.6125,Finance,3,Advanced,4.025,2.0,24,Female,5,0,0,3,0
U01814,4,4,296.63,74.1575,Web Development,3,Beginner,3.15,0.0,17,Female,7,1,0,0,0
U01815,5,4,345.67,69.134,Marketing,4,Intermediate,3.6,0.0,30,Male,6,2,1,0,2
U01816,3,3,384.73,128.24333333333334,AI/ML,3,Advanced,4.266666666666667,0.5,21,Male,0,0,1,3,2
U01817,2,2,280.26,140.13,AI/ML,2,Beginner,3.8000000000000003,0.0,33,Male,0,1,1,0,2
U01818,4,4,273.09000000000003,68.27250000000001,Marketing,3,Beginner,4.325,0.3333333333333333,15,Male,6,1,1,2,2
U01819,4,4,433.6,108.4,Finance,3,Advanced,3.875,1.5,17,Male,5,0,1,3,2
U01820,2,2,138.45,69.225,AI/ML,2,Advanced,4.45,2.0,24,Male,0,0,1,2,2
U01821,3,3,299.09,99.69666666666666,AI/ML,3,Intermediate,4.266666666666667,0.0,22,Male,0,2,1,0,2
U01822,3,3,205.2,68.39999999999999,Cybersecurity,2,Advanced,4.033333333333333,0.5,22,Male,2,0,1,2,1
U01823,4,4,397.83,99.4575,Cybersecurity,4,Advanced,3.125,1.0,22,Male,2,0,1,3,2
U01824,5,5,514.28,102.856,Web Development,4,Beginner,3.96,0.3333333333333333,20,Male,7,1,1,1,2
U01825,7,7,724.11,103.44428571428571,AI/ML,4,Advanced,4.014285714285714,1.5,25,Male,0,0,1,1,0
U01826,2,2,221.88000000000002,110.94000000000001,Business,2,Advanced,2.6500000000000004,1.0,17,Male,1,0,1,3,1
U01827,6,6,757.39,126.23166666666667,Design,4,Beginner,4.133333333333334,0.25,28,Male,4,1,1,1,2
U01828,4,4,513.46,128.365,AI/ML,4,Advanced,3.975,1.0,21,Male,0,0,1,3,2
U01829,1,1,39.03,39.03,Data Science,1,Intermediate,2.6,0.0,27,Male,3,2,1,2,1
U01830,4,4,347.93,86.9825,Marketing,1,Beginner,3.775,0.0,15,Male,6,1,1,2,2
U01831,4,4,435.62,108.905,Marketing,2,Beginner,3.45,0.3333333333333333,34,Female,6,1,0,0,0
U01832,5,5,506.90999999999997,101.38199999999999,AI/ML,4,Beginner,3.1,0.3333333333333333,24,Male,0,1,1,1,2
U01833,4,4,408.53,102.1325,AI/ML,4,Advanced,3.55,1.0,16,Male,0,0,1,3,2
U01834,3,3,402.72,134.24,Business,3,Intermediate,3.6,1.0,33,Female,1,2,0,0,0
U01835,8,8,798.49,99.81125,Business,6,Beginner,3.875,0.16666666666666666,27,Male,1,1,1,1,2
U01836,4,4,475.32,118.83,AI/ML,4,Intermediate,3.3000000000000003,0.5,32,Female,0,2,0,0,0
U01837,1,1,35.42,35.42,Design,1,Beginner,4.9,0.0,24,Female,4,1,0,2,1
U01838,2,2,143.58,71.79,Cybersecurity,2,Beginner,3.6500000000000004,0.0,24,Male,2,1,1,2,2
U01839,2,2,193.87,96.935,Finance,2,Beginner,3.4,0.0,22,Female,5,1,0,2,1
U01840,6,6,330.01,55.001666666666665,Marketing,3,Advanced,4.216666666666667,1.5,35,Female,6,0,0,3,3
U01841,7,7,740.66,105.80857142857143,Finance,5,Intermediate,3.7285714285714286,0.6666666666666666,18,Female,5,2,0,1,0
U01842,6,6,662.52,110.42,Web Development,3,Advanced,3.8000000000000003,1.0,33,Female,7,0,0,1,0
U01843,5,5,622.35,124.47,Design,4,Intermediate,3.8600000000000003,2.0,19,Female,4,2,0,1,2
U01844,5,5,531.64,106.328,Web Development,3,Advanced,3.2,1.5,18,Female,7,0,0,3,0
U01845,4,4,216.72999999999996,54.18249999999999,AI/ML,4,Beginner,3.25,0.0,17,Female,0,1,0,0,1
U01846,5,5,446.53999999999996,89.30799999999999,Marketing,3,Beginner,4.26,0.5,21,Female,6,1,0,0,0
U01847,2,2,303.51,151.755,AI/ML,2,Advanced,4.0,1.0,18,Female,0,0,0,3,1
U01848,3,3,249.6,83.2,Cybersecurity,3,Advanced,3.266666666666667,2.0,30,Female,2,0,0,3,1
U01849,2,2,266.72,133.36,Cybersecurity,2,Advanced,4.15,1.0,23,Male,2,0,1,3,2
U01850,3,3,257.34999999999997,85.78333333333332,Cybersecurity,3,Advanced,3.6999999999999997,0.5,29,Female,2,0,0,3,0
U01851,4,4,642.75,160.6875,AI/ML,4,Intermediate,3.475,0.5,20,Male,0,2,1,0,2
U01852,5,5,531.84,106.36800000000001,Marketing,4,Beginner,3.84,0.5,19,Female,6,1,0,1,0
U01853,3,3,66.38,22.126666666666665,Data Science,2,Advanced,4.566666666666666,0.5,31,Male,3,0,1,2,1
U01854,2,2,62.86,31.43,Cybersecurity,2,Advanced,3.8,1.0,16,Male,2,0,1,2,1
U01855,4,4,592.13,148.0325,AI/ML,4,Advanced,3.875,1.0,15,Female,0,0,0,3,0
U01856,5,5,501.55,100.31,Data Science,4,Beginner,3.4200000000000004,0.3333333333333333,27,Male,3,1,1,1,2
U01857,1,1,48.68,48.68,Web Development,1,Advanced,2.9,1.0,27,Female,7,0,0,2,1
U01858,3,2,192.01,64.00333333333333,Cybersecurity,3,Advanced,3.266666666666667,0.5,34,Female,2,0,0,2,1
U01859,2,2,221.38,110.69,Business,2,Advanced,4.550000000000001,0.5,24,Female,1,0,0,2,1
U01860,5,5,574.38,114.876,Design,4,Beginner,3.88,0.0,19,Male,4,1,1,1,2
U01861,8,8,390.28000000000003,48.785000000000004,Design,3,Advanced,3.2375,0.8,28,Female,4,0,0,1,1
U01862,6,6,859.56,143.26,Marketing,4,Advanced,3.3166666666666664,1.5,24,Male,6,0,1,1,0
U01863,3,3,269.3,89.76666666666667,AI/ML,3,Advanced,3.1999999999999997,0.5,26,Male,0,0,1,3,2
U01864,4,4,331.48,82.87,Web Development,3,Beginner,3.875,0.0,15,Male,7,1,1,0,2
U01865,1,1,114.99,114.99,Data Science,1,Advanced,4.7,1.0,18,Male,3,0,1,2,1
U01866,2,2,142.25,71.125,AI/ML,2,Intermediate,3.45,0.0,25,Male,0,2,1,2,2
U01867,3,3,297.12,99.04,AI/ML,2,Advanced,3.266666666666667,1.0,24,Female,0,0,0,3,1
U01868,6,6,566.15,94.35833333333333,Data Science,5,Advanced,3.6999999999999997,0.6666666666666666,27,Female,3,0,0,1,0
U01869,2,2,130.45,65.225,Marketing,2,Beginner,3.0,0.0,32,Male,6,1,1,2,1
U01870,4,4,371.57,92.8925,Design,3,Advanced,3.5250000000000004,1.0,28,Female,4,0,0,3,1
U01871,2,2,195.48,97.74,Cybersecurity,2,Beginner,3.1,0.0,21,Male,2,1,1,2,2
U01872,3,3,213.18,71.06,Cybersecurity,2,Advanced,3.8000000000000003,2.0,28,Female,2,0,0,3,1
U01873,2,2,348.27,174.135,Data Science,2,Beginner,3.7,0.0,26,Male,3,1,1,0,2
U01874,4,4,274.47,68.6175,Design,3,Advanced,4.15,0.6666666666666666,15,Female,4,0,0,2,0
U01875,3,3,113.61,37.87,Web Development,2,Advanced,3.3000000000000003,0.5,30,Male,7,0,1,2,1
U01876,4,4,402.91,100.7275,Business,3,Advanced,3.875,1.5,17,Male,1,0,1,3,2
U01877,5,5,477.69,95.538,Data Science,3,Advanced,3.84,4.0,19,Male,3,0,1,3,3
U01878,1,1,60.04,60.04,Marketing,1,Intermediate,2.8,0.0,20,Female,6,2,0,2,1
U01879,8,8,859.51,107.43875,Data Science,6,Advanced,3.2875,1.6666666666666667,32,Female,3,0,0,1,0
U01880,4,4,542.74,135.685,Business,3,Beginner,4.25,0.3333333333333333,26,Female,1,1,0,0,0
U01881,3,3,204.07999999999998,68.02666666666666,Cybersecurity,3,Beginner,3.5,0.0,30,Male,2,1,1,2,2
U01882,5,5,565.6,113.12,Business,3,Intermediate,3.2600000000000002,0.0,30,Female,1,2,0,0,0
U01883,2,2,286.36,143.18,Web Development,1,Advanced,3.25,1.0,30,Female,7,0,0,3,1
U01884,5,5,707.09,141.418,Web Development,4,Advanced,4.220000000000001,1.0,20,Male,7,0,1,1,2
U01885,3,3,410.84,136.94666666666666,Cybersecurity,3,Beginner,3.6333333333333333,0.3333333333333333,25,Female,2,1,0,0,0
U01886,4,4,121.76,30.44,AI/ML,4,Beginner,3.95,0.0,17,Male,0,1,1,2,2
U01887,4,4,312.63,78.1575,Cybersecurity,4,Advanced,3.525,1.5,21,Female,2,0,0,3,0
U01888,4,4,202.74,50.685,Design,3,Beginner,3.475,0.0,15,Female,4,1,0,2,1
U01889,2,2,123.07000000000001,61.535000000000004,AI/ML,2,Advanced,4.300000000000001,2.0,30,Female,0,0,0,2,1
U01890,4,4,257.01,64.2525,AI/ML,4,Beginner,3.775,0.0,18,Female,0,1,0,0,1
U01891,1,1,143.07,143.07,Marketing,1,Intermediate,4.8,0.0,35,Female,6,2,0,0,1
U01892,1,1,87.05,87.05,Design,1,Intermediate,4.6,0.0,16,Male,4,2,1,2,1
U01893,3,3,387.56,129.18666666666667,Marketing,2,Advanced,3.1666666666666665,2.0,23,Female,6,0,0,3,0
U01894,6,6,508.04,84.67333333333333,Cybersecurity,6,Intermediate,3.6166666666666667,1.0,35,Male,2,2,1,1,2
U01895,3,3,444.88,148.29333333333332,Business,3,Advanced,3.6999999999999997,0.5,35,Female,1,0,0,3,0
U01896,2,2,180.73,90.365,Data Science,1,Beginner,3.1,0.0,32,Female,3,1,0,2,1
U01897,5,5,816.35,163.27,Marketing,4,Beginner,3.94,0.5,15,Female,6,1,0,1,0
U01898,5,5,519.01,103.80199999999999,AI/ML,3,Beginner,3.96,0.5,26,Male,0,1,1,0,2
U01899,3,3,259.45,86.48333333333333,Data Science,3,Intermediate,3.6999999999999997,1.0,25,Female,3,2,0,0,1
U01900,3,3,297.83000000000004,99.27666666666669,Cybersecurity,3,Beginner,4.033333333333333,0.0,19,Male,2,1,1,0,2
U01901,3,3,151.14,50.379999999999995,Design,2,Advanced,3.9666666666666663,0.5,23,Male,4,0,1,2,1
U01902,3,3,306.38,102.12666666666667,Marketing,2,Intermediate,3.966666666666667,1.0,30,Female,6,2,0,0,0
U01903,5,5,398.14,79.628,Data Science,4,Beginner,3.6399999999999997,0.2,17,Female,3,1,0,0,0
U01904,6,6,515.0600000000001,85.84333333333335,Finance,4,Intermediate,3.6666666666666665,0.3333333333333333,17,Male,5,2,1,1,2
U01905,2,2,147.75,73.875,Business,2,Beginner,4.550000000000001,0.0,24,Female,1,1,0,2,1
U01906,5,5,563.47,112.694,Marketing,3,Advanced,4.3,1.0,19,Male,6,0,1,1,2
U01907,3,3,331.06,110.35333333333334,Cybersecurity,3,Intermediate,3.233333333333333,0.0,15,Male,2,2,1,0,2
U01908,4,4,232.51,58.1275,AI/ML,3,Beginner,4.35,0.0,19,Male,0,1,1,2,2
U01909,4,4,620.8399999999999,155.20999999999998,AI/ML,3,Intermediate,3.625,0.0,25,Male,0,2,1,0,2
U01910,2,2,339.9,169.95,Data Science,2,Intermediate,3.0999999999999996,0.0,28,Male,3,2,1,0,1
U01911,3,3,343.31,114.43666666666667,AI/ML,3,Intermediate,4.2,1.0,22,Male,0,2,1,0,2
U01912,4,4,414.90000000000003,103.72500000000001,Design,3,Advanced,4.25,0.6666666666666666,24,Female,4,0,0,3,1
U01913,4,3,312.67,78.1675,Web Development,3,Advanced,3.875,1.0,24,Male,7,0,1,3,1
U01914,3,3,222.36,74.12,Cybersecurity,3,Beginner,3.466666666666667,0.3333333333333333,32,Female,2,1,0,0,1
U01915,3,3,400.88,133.62666666666667,Business,3,Advanced,3.9666666666666663,2.0,34,Female,1,0,0,3,3
U01916,4,4,463.03999999999996,115.75999999999999,AI/ML,4,Intermediate,3.375,0.5,29,Male,0,2,1,0,2
U01917,4,4,249.26,62.315,AI/ML,4,Intermediate,3.375,0.5,18,Female,0,2,0,0,1
U01918,3,3,347.81,115.93666666666667,Design,2,Beginner,3.5999999999999996,0.0,23,Male,4,1,1,0,2
U01919,5,5,577.71,115.542,Cybersecurity,3,Intermediate,3.9200000000000004,0.5,16,Female,2,2,0,0,0
U01920,6,6,552.64,92.10666666666667,Marketing,4,Beginner,3.683333333333333,0.2,33,Male,6,1,1,1,2
U01921,7,7,785.53,112.21857142857142,Cybersecurity,4,Advanced,3.657142857142857,2.0,24,Male,2,0,1,1,0
U01922,5,5,657.6,131.52,Design,3,Beginner,3.72,0.25,21,Male,4,1,1,1,2
U01923,4,4,426.71000000000004,106.67750000000001,AI/ML,4,Advanced,2.95,4.0,19,Male,0,0,1,3,3
U01924,3,3,339.69,113.23,Marketing,2,Advanced,4.7,2.0,20,Male,6,0,1,3,1
U01925,6,6,524.54,87.42333333333333,Business,5,Beginner,3.733333333333334,0.0,33,Male,1,1,1,1,2
U01926,4,4,234.64999999999998,58.662499999999994,AI/ML,2,Intermediate,4.375,1.0,26,Female,0,2,0,2,1
U01927,5,5,355.63,71.126,Design,2,Beginner,3.72,0.0,27,Female,4,1,0,0,0
U01928,3,3,334.1,111.36666666666667,Data Science,3,Intermediate,3.3000000000000003,0.0,33,Female,3,2,0,0,1
U01929,4,4,390.65999999999997,97.66499999999999,Finance,2,Beginner,3.475,0.0,19,Male,5,1,1,0,2
U01930,3,3,209.75,69.91666666666667,Data Science,1,Intermediate,3.1,1.0,28,Female,3,2,0,0,1
U01931,2,2,333.3,166.65,Cybersecurity,2,Advanced,3.55,1.0,23,Female,2,0,0,3,1
U01932,6,6,538.05,89.675,Design,5,Intermediate,4.016666666666667,0.5,25,Male,4,2,1,1,2
U01933,3,3,198.72,66.24,Marketing,2,Beginner,3.5666666666666664,0.3333333333333333,27,Female,6,1,0,2,1
U01934,4,4,522.24,130.56,Web Development,3,Intermediate,3.575,0.5,22,Male,7,2,1,0,2
U01935,4,4,470.58,117.645,Data Science,3,Advanced,3.5,1.0,33,Female,3,0,0,3,1
U01936,5,5,547.16,109.43199999999999,Marketing,4,Advanced,3.7600000000000002,4.0,23,Male,6,0,1,3,3
U01937,4,4,356.12,89.03,Business,2,Beginner,3.575,0.0,21,Female,1,1,0,0,1
U01938,2,2,218.16,109.08,Cybersecurity,2,Advanced,4.2,0.5,33,Female,2,0,0,2,1
U01939,5,5,243.48,48.696,AI/ML,5,Advanced,3.9,3.0,35,Male,0,0,1,3,3
U01940,2,2,298.75,149.375,Cybersecurity,2,Beginner,4.35,0.0,16,Female,2,1,0,0,1
U01941,7,7,867.8100000000001,123.97285714285715,Cybersecurity,3,Advanced,3.4714285714285715,1.3333333333333333,26,Female,2,0,0,1,0
U01942,1,1,37.44,37.44,Cybersecurity,1,Advanced,4.1,1.0,27,Male,2,0,1,2,1
U01943,6,6,382.21,63.70166666666666,Data Science,5,Advanced,3.6333333333333333,1.5,17,Male,3,0,1,1,2
U01944,5,5,446.8,89.36,AI/ML,5,Advanced,3.3,0.6666666666666666,19,Female,0,0,0,1,0
U01945,2,2,217.39000000000001,108.69500000000001,Design,2,Beginner,3.45,0.0,29,Female,4,1,0,0,1
U01946,3,3,388.43,129.47666666666666,Web Development,2,Intermediate,3.466666666666667,0.0,19,Female,7,2,0,0,0
U01947,1,1,52.02,52.02,Cybersecurity,1,Advanced,4.6,1.0,27,Female,2,0,0,2,1
U01948,2,2,228.53000000000003,114.26500000000001,Cybersecurity,2,Beginner,3.8,0.0,33,Female,2,1,0,0,0
U01949,4,4,358.71,89.6775,AI/ML,4,Intermediate,3.7249999999999996,0.0,19,Male,0,2,1,0,2
U01950,4,4,391.90999999999997,97.97749999999999,Data Science,3,Beginner,3.5,0.0,29,Male,3,1,1,0,2
U01951,4,4,424.08000000000004,106.02000000000001,Design,3,Intermediate,4.35,0.5,19,Female,4,2,0,0,0
U01952,4,4,470.58,117.645,Marketing,3,Beginner,4.15,0.25,15,Female,6,1,0,0,0
U01953,5,5,593.03,118.606,Data Science,4,Beginner,3.6799999999999997,0.2,19,Male,3,1,1,1,2
U01954,5,5,637.8299999999999,127.56599999999999,Marketing,4,Intermediate,4.08,2.0,35,Male,6,2,1,1,2
U01955,1,1,71.5,71.5,Design,1,Beginner,2.7,0.0,29,Female,4,1,0,2,1
U01956,1,1,161.07,161.07,Marketing,1,Advanced,4.9,1.0,34,Male,6,0,1,2,1
U01957,3,3,443.06,147.68666666666667,Marketing,2,Advanced,4.566666666666666,0.5,30,Male,6,0,1,3,1
U01958,3,3,425.5,141.83333333333334,AI/ML,3,Intermediate,3.733333333333333,1.0,16,Male,0,2,1,0,2
U01959,5,5,700.87,140.174,Design,3,Beginner,3.72,0.2,26,Female,4,1,0,1,0
U01960,3,3,179.87,59.95666666666667,Business,3,Advanced,3.7999999999999994,0.5,19,Female,1,0,0,2,1
U01961,3,3,299.11,99.70333333333333,Finance,2,Intermediate,3.4,0.0,30,Male,5,2,1,0,2
U01962,2,2,87.45,43.725,Business,2,Beginner,4.0,0.0,19,Male,1,1,1,2,1
U01963,1,1,154.97,154.97,Finance,1,Intermediate,4.5,0.0,30,Male,5,2,1,0,1
U01964,3,3,264.66999999999996,88.22333333333331,Business,3,Beginner,3.6,0.0,32,Male,1,1,1,0,2
U01965,2,2,100.10000000000001,50.050000000000004,AI/ML,2,Beginner,3.35,0.0,19,Female,0,1,0,2,1
U01966,3,3,309.84,103.27999999999999,Marketing,2,Intermediate,3.9333333333333336,1.0,25,Female,6,2,0,0,0
U01967,2,2,202.16,101.08,AI/ML,2,Advanced,3.8,0.5,27,Female,0,0,0,2,1
U01968,5,5,640.61,128.122,Cybersecurity,4,Advanced,2.98,1.0,30,Female,2,0,0,1,0
U01969,2,2,89.75,44.875,Finance,2,Beginner,2.95,0.0,26,Male,5,1,1,2,1
U01970,3,3,279.0,93.0,AI/ML,3,Advanced,3.6,2.0,16,Female,0,0,0,3,3
U01971,3,3,385.42999999999995,128.47666666666666,AI/ML,3,Intermediate,3.7000000000000006,1.0,17,Female,0,2,0,0,0
U01972,3,3,432.36,144.12,Business,3,Intermediate,4.7,0.0,18,Male,1,2,1,0,2
U01973,3,3,304.31,101.43666666666667,Cybersecurity,3,Beginner,3.5,0.3333333333333333,30,Male,2,1,1,0,2
U01974,1,1,76.44,76.44,Cybersecurity,1,Intermediate,2.7,0.0,31,Female,2,2,0,2,1
U01975,4,4,464.05,116.0125,Data Science,3,Advanced,4.425,1.5,29,Male,3,0,1,3,2
U01976,2,2,188.09,94.045,AI/ML,2,Beginner,3.6500000000000004,0.0,24,Male,0,1,1,2,2
U01977,6,6,455.93,75.98833333333333,Data Science,4,Beginner,3.8000000000000003,0.25,32,Male,3,1,1,1,2
U01978,4,4,564.24,141.06,Business,3,Advanced,4.225,1.0,26,Male,1,0,1,3,2
U01979,5,5,475.54,95.108,AI/ML,5,Beginner,3.8,0.3333333333333333,25,Female,0,1,0,1,0
U01980,3,3,404.45,134.81666666666666,AI/ML,3,Intermediate,3.7999999999999994,1.0,15,Female,0,2,0,0,0
U01981,4,4,255.51,63.8775,Business,3,Beginner,3.8,0.25,27,Female,1,1,0,2,0
U01982,4,4,385.11,96.2775,Data Science,3,Beginner,4.175,0.0,35,Female,3,1,0,0,0
U01983,3,3,297.96000000000004,99.32000000000001,Design,2,Beginner,3.5666666666666664,0.0,29,Female,4,1,0,0,1
U01984,1,1,114.98,114.98,Web Development,1,Advanced,4.6,1.0,15,Female,7,0,0,2,1
U01985,3,3,113.84,37.946666666666665,AI/ML,3,Intermediate,2.9,1.0,22,Female,0,2,0,2,1
U01986,7,7,681.23,97.31857142857143,Cybersecurity,4,Intermediate,3.4714285714285715,0.6666666666666666,29,Female,2,2,0,1,0
U01987,3,3,236.48,78.82666666666667,Data Science,3,Advanced,4.4,1.0,15,Male,3,0,1,2,2
U01988,2,2,220.75,110.375,Design,2,Advanced,2.95,2.0,17,Female,4,0,0,3,3
U01989,6,6,471.81000000000006,78.635,Business,5,Beginner,3.9166666666666665,0.2,26,Female,1,1,0,1,0
U01990,6,6,635.81,105.96833333333332,Marketing,5,Beginner,3.5500000000000003,0.2,16,Male,6,1,1,1,2
U01991,2,2,227.33,113.665,Cybersecurity,2,Advanced,2.8,1.0,16,Female,2,0,0,3,1
U01992,3,3,361.3,120.43333333333334,AI/ML,3,Advanced,3.533333333333333,0.5,18,Male,0,0,1,3,2
U01993,3,3,189.15,63.050000000000004,AI/ML,3,Advanced,4.166666666666667,0.5,23,Female,0,0,0,2,1
U01994,4,4,527.29,131.8225,Web Development,3,Intermediate,3.825,0.5,20,Female,7,2,0,0,0
U01995,1,1,154.54,154.54,Design,1,Beginner,4.2,0.0,35,Female,4,1,0,2,1
U01996,3,3,185.41,61.803333333333335,AI/ML,3,Advanced,3.9333333333333336,0.5,29,Female,0,0,0,2,1
U01997,2,2,55.660000000000004,27.830000000000002,Design,2,Beginner,2.7,0.0,16,Male,4,1,1,2,1
U01998,7,7,629.11,89.87285714285714,Business,6,Beginner,3.4285714285714284,0.5,23,Male,1,1,1,1,2
U01999,3,3,241.87,80.62333333333333,AI/ML,3,Beginner,3.6999999999999997,0.0,17,Female,0,1,0,0,1
U02000,6,6,717.3,119.55,Data Science,4,Intermediate,4.033333333333333,0.3333333333333333,32,Male,3,2,1,1,2
U02001,3,3,429.65,143.21666666666667,Business,3,Beginner,4.033333333333333,0.0,30,Male,1,1,1,0,2
U02002,4,4,236.72,59.18,Marketing,3,Advanced,4.0,1.5,23,Female,6,0,0,3,0
U02003,4,4,213.74,53.435,Web Development,3,Advanced,3.6,1.0,31,Male,7,0,1,2,1
U02004,6,6,495.65999999999997,82.61,Cybersecurity,4,Advanced,3.1833333333333336,1.0,27,Male,2,0,1,1,2
U02005,6,6,451.36,75.22666666666667,Design,5,Advanced,3.466666666666667,1.5,27,Male,4,0,1,1,2
U02006,5,5,578.62,115.724,Data Science,3,Advanced,3.3200000000000003,1.0,34,Male,3,0,1,3,2
U02007,4,4,303.49,75.8725,Data Science,3,Intermediate,3.65,0.5,25,Female,3,2,0,0,0
U02008,5,5,538.4399999999999,107.68799999999999,Finance,4,Beginner,3.6399999999999997,0.25,25,Male,5,1,1,1,2
U02009,4,4,501.18000000000006,125.29500000000002,Data Science,4,Advanced,3.6,1.0,34,Male,3,0,1,3,2
U02010,7,7,736.29,105.1842857142857,Business,5,Advanced,3.857142857142857,1.0,31,Male,1,0,1,1,0
U02011,3,3,520.15,173.38333333333333,AI/ML,3,Advanced,2.9333333333333336,0.5,27,Male,0,0,1,3,2
U02012,3,3,297.90999999999997,99.30333333333333,Data Science,2,Intermediate,3.1333333333333333,1.0,17,Female,3,2,0,0,1
U02013,4,4,265.34000000000003,66.33500000000001,Cybersecurity,2,Beginner,3.75,0.0,29,Female,2,1,0,2,0
U02014,8,8,752.26,94.0325,Finance,7,Beginner,3.425,0.6,23,Female,5,1,0,1,0
U02015,3,3,428.15000000000003,142.71666666666667,Cybersecurity,3,Advanced,3.7999999999999994,1.0,30,Male,2,0,1,3,2
U02016,5,5,470.01,94.002,Cybersecurity,5,Intermediate,3.62,2.0,25,Male,2,2,1,1,2
U02017,2,2,90.96000000000001,45.480000000000004,Finance,2,Intermediate,4.1,0.0,22,Female,5,2,0,2,1
U02018,6,6,653.21,108.86833333333334,Cybersecurity,5,Beginner,3.733333333333333,0.4,35,Male,2,1,1,1,2
U02019,3,3,325.15999999999997,108.38666666666666,Cybersecurity,3,Intermediate,3.8000000000000003,1.0,25,Female,2,2,0,0,1
U02020,4,4,406.53,101.6325,Business,4,Beginner,3.3999999999999995,0.3333333333333333,18,Male,1,1,1,0,2
U02021,4,4,376.52,94.13,Web Development,3,Beginner,3.575,0.3333333333333333,25,Female,7,1,0,0,0
U02022,1,1,91.26,91.26,Marketing,1,Advanced,4.9,1.0,27,Female,6,0,0,2,1
U02023,4,4,234.41,58.6025,Cybersecurity,2,Advanced,3.7750000000000004,1.0,31,Female,2,0,0,2,1
U02024,3,3,325.5,108.5,Data Science,3,Advanced,3.466666666666667,0.5,24,Female,3,0,0,3,1
U02025,7,7,770.77,110.11,Marketing,6,Beginner,4.357142857142857,0.4,21,Male,6,1,1,1,0
U02026,6,6,360.65999999999997,60.10999999999999,Marketing,4,Advanced,3.883333333333333,0.6666666666666666,19,Female,6,0,0,1,0
U02027,3,3,454.74,151.58,AI/ML,2,Beginner,3.5666666666666664,0.3333333333333333,28,Male,0,1,1,0,2
U02028,8,8,718.46,89.8075,AI/ML,6,Advanced,3.75,2.5,35,Female,0,0,0,1,0
U02029,4,4,462.53,115.6325,AI/ML,4,Advanced,4.05,1.5,28,Male,0,0,1,3,2
U02030,2,2,157.87,78.935,Cybersecurity,2,Beginner,4.4,0.0,28,Female,2,1,0,2,1
U02031,7,7,854.0,122.0,Web Development,5,Advanced,3.4285714285714284,1.5,20,Male,7,0,1,1,0
U02032,5,5,705.63,141.126,Business,5,Beginner,3.6,0.0,17,Male,1,1,1,1,2
U02033,3,3,388.73,129.57666666666668,Data Science,3,Beginner,3.966666666666667,0.3333333333333333,25,Male,3,1,1,0,2
U02034,5,5,351.43,70.286,Finance,4,Beginner,3.34,0.3333333333333333,31,Female,5,1,0,0,0
U02035,1,1,93.28,93.28,Business,1,Beginner,4.3,0.0,32,Male,1,1,1,2,1
U02036,3,3,384.93,128.31,Cybersecurity,3,Intermediate,3.3000000000000003,0.0,26,Male,2,2,1,0,2
U02037,1,1,14.14,14.14,Marketing,1,Advanced,4.5,1.0,18,Female,6,0,0,2,1
U02038,3,3,373.39,124.46333333333332,AI/ML,3,Beginner,4.0,0.0,32,Female,0,1,0,0,0
U02039,1,1,86.96,86.96,Finance,1,Intermediate,2.6,0.0,29,Male,5,2,1,2,1
U02040,3,3,395.79,131.93,Data Science,3,Intermediate,3.466666666666667,1.0,30,Male,3,2,1,0,2
U02041,1,1,129.79,129.79,Marketing,1,Intermediate,4.7,0.0,34,Male,6,2,1,2,1
U02042,2,2,280.38,140.19,Data Science,2,Advanced,3.9,1.0,32,Female,3,0,0,3,1
U02043,4,4,564.15,141.0375,Web Development,3,Advanced,4.225,3.0,23,Female,7,0,0,3,3
U02044,8,8,1045.25,130.65625,Cybersecurity,4,Advanced,3.6625,2.0,24,Female,2,0,0,1,0
U02045,4,4,444.5,111.125,Business,4,Advanced,3.5,1.0,28,Female,1,0,0,3,0
U02046,2,2,143.12,71.56,Data Science,2,Beginner,4.1,0.0,17,Male,3,1,1,2,2
U02047,2,2,227.74,113.87,Business,2,Beginner,3.1,0.0,18,Female,1,1,0,0,1
U02048,8,8,967.15,120.89375,AI/ML,5,Advanced,3.825,1.3333333333333333,19,Female,0,0,0,1,0
U02049,2,2,279.32,139.66,Business,2,Beginner,4.300000000000001,0.0,22,Male,1,1,1,0,2
U02050,1,1,86.25,86.25,Web Development,1,Advanced,3.0,1.0,28,Male,7,0,1,2,1
U02051,3,3,386.01,128.67,Business,3,Intermediate,3.1999999999999997,1.0,31,Female,1,2,0,0,0
U02052,4,4,269.67,67.4175,AI/ML,4,Advanced,3.15,0.6666666666666666,21,Male,0,0,1,3,2
U02053,4,4,211.48,52.87,AI/ML,4,Beginner,3.25,0.3333333333333333,19,Female,0,1,0,0,1
U02054,3,3,262.08,87.36,Data Science,3,Beginner,3.9333333333333336,0.3333333333333333,23,Male,3,1,1,2,2
U02055,5,5,434.6,86.92,Design,3,Intermediate,3.7400000000000007,0.5,33,Female,4,2,0,0,0
U02056,6,6,565.8,94.3,Business,4,Beginner,4.083333333333333,0.5,35,Female,1,1,0,1,0
U02057,3,3,341.72,113.90666666666668,Business,3,Beginner,3.9666666666666663,0.3333333333333333,16,Male,1,1,1,0,2
U02058,4,4,440.08,110.02,Data Science,4,Beginner,3.6500000000000004,0.3333333333333333,16,Male,3,1,1,0,2
U02059,3,3,383.76,127.92,Cybersecurity,3,Advanced,4.333333333333333,0.5,20,Female,2,0,0,3,1
U02060,3,3,350.45,116.81666666666666,Cybersecurity,2,Intermediate,3.3666666666666667,0.0,31,Female,2,2,0,0,1
U02061,4,4,435.32,108.83,Business,4,Advanced,3.625,1.0,25,Female,1,0,0,3,0
U02062,5,5,650.73,130.14600000000002,AI/ML,5,Beginner,3.9799999999999995,0.3333333333333333,35,Male,0,1,1,1,2
U02063,3,3,280.19,93.39666666666666,AI/ML,2,Advanced,3.566666666666667,0.5,26,Male,0,0,1,3,2
U02064,3,3,350.03000000000003,116.67666666666668,Marketing,2,Beginner,4.1000000000000005,0.3333333333333333,35,Male,6,1,1,0,2
U02065,4,4,423.89,105.9725,AI/ML,4,Advanced,3.65,0.6666666666666666,20,Male,0,0,1,3,2
U02066,3,3,534.76,178.25333333333333,Finance,2,Beginner,3.033333333333333,0.3333333333333333,18,Male,5,1,1,0,2
U02067,6,6,710.1899999999999,118.365,Web Development,5,Beginner,3.716666666666667,0.0,26,Female,7,1,0,1,0
U02068,3,3,175.42,58.47333333333333,AI/ML,3,Advanced,3.8000000000000003,0.5,15,Male,0,0,1,2,2
U02069,3,3,189.73,63.24333333333333,Cybersecurity,3,Advanced,3.8000000000000003,0.5,18,Male,2,0,1,2,2
U02070,6,6,379.77,63.294999999999995,Design,4,Intermediate,3.9499999999999997,0.5,31,Female,4,2,0,1,0
U02071,5,5,353.51,70.702,Data Science,3,Advanced,3.84,0.6666666666666666,24,Male,3,0,1,3,2
U02072,1,1,31.62,31.62,Marketing,1,Intermediate,4.8,0.0,16,Male,6,2,1,2,1
U02073,3,3,281.73,93.91000000000001,AI/ML,3,Beginner,3.8000000000000003,0.3333333333333333,19,Female,0,1,0,0,1
U02074,5,5,579.68,115.93599999999999,Design,4,Advanced,3.66,0.6666666666666666,27,Female,4,0,0,1,0
U02075,5,4,605.13,121.026,Cybersecurity,4,Advanced,3.5200000000000005,4.0,26,Male,2,0,1,3,3
U02076,4,4,505.13,126.2825,Business,4,Advanced,3.8,0.6666666666666666,24,Female,1,0,0,3,0
U02077,3,3,312.03,104.00999999999999,AI/ML,3,Advanced,3.033333333333333,1.0,24,Male,0,0,1,3,2
U02078,2,2,22.92,11.46,AI/ML,1,Advanced,3.95,2.0,34,Female,0,0,0,2,1
U02079,3,3,96.22,32.07333333333333,Web Development,2,Beginner,4.166666666666667,0.3333333333333333,29,Female,7,1,0,2,1
U02080,3,3,149.28,49.76,AI/ML,3,Advanced,3.6999999999999997,0.5,33,Male,0,0,1,2,2
U02081,3,3,318.03999999999996,106.01333333333332,Cybersecurity,3,Advanced,3.0666666666666664,0.5,19,Female,2,0,0,3,1
U02082,5,5,311.23,62.246,Design,4,Advanced,3.46,0.6666666666666666,26,Female,4,0,0,3,1
U02083,4,4,509.58,127.395,Marketing,2,Intermediate,4.275,0.5,27,Female,6,2,0,0,0
U02084,3,3,358.71,119.57,AI/ML,3,Beginner,3.3333333333333335,0.3333333333333333,21,Female,0,1,0,0,0
U02085,7,7,715.66,102.23714285714286,Web Development,5,Intermediate,3.6999999999999997,0.6666666666666666,22,Female,7,2,0,1,0
U02086,4,4,535.4300000000001,133.85750000000002,Marketing,3,Advanced,3.525,0.6666666666666666,30,Male,6,0,1,3,2
U02087,5,5,568.1800000000001,113.63600000000001,Design,4,Beginner,3.34,0.0,28,Female,4,1,0,1,0
U02088,3,3,294.69,98.23,Finance,3,Advanced,3.8333333333333335,0.5,18,Female,5,0,0,2,0
U02089,4,4,401.93,100.4825,Business,3,Advanced,2.75,0.6666666666666666,16,Female,1,0,0,3,1
U02090,4,4,338.33,84.5825,Marketing,3,Advanced,4.55,4.0,22,Female,6,0,0,3,3
U02091,4,4,406.51,101.6275,Design,2,Advanced,3.0,2.0,27,Male,4,0,1,3,3
U02092,7,7,584.08,83.44000000000001,Cybersecurity,5,Advanced,3.6714285714285713,1.0,25,Female,2,0,0,1,0
U02093,4,4,398.17999999999995,99.54499999999999,Design,4,Intermediate,3.525,0.5,18,Male,4,2,1,0,2
U02094,2,2,381.3,190.65,Finance,2,Advanced,4.0,1.0,24,Female,5,0,0,3,1
U02095,4,4,694.02,173.505,Finance,3,Beginner,4.2,0.0,32,Female,5,1,0,0,0
U02096,5,5,444.68,88.936,Web Development,2,Advanced,4.1,1.0,31,Male,7,0,1,3,2
U02097,3,3,483.36,161.12,AI/ML,3,Advanced,3.733333333333333,0.5,15,Female,0,0,0,3,1
U02098,3,3,348.26,116.08666666666666,AI/ML,3,Advanced,3.9333333333333336,0.5,25,Male,0,0,1,3,2
U02099,2,2,334.63,167.315,Data Science,2,Advanced,3.7,2.0,21,Female,3,0,0,3,1
U02100,3,3,542.42,180.80666666666664,AI/ML,2,Intermediate,3.1666666666666665,1.0,15,Female,0,2,0,0,0
U02101,5,5,517.22,103.444,Marketing,4,Advanced,3.7600000000000002,1.0,27,Male,6,0,1,1,2
U02102,4,4,434.45,108.6125,Web Development,3,Beginner,3.9250000000000003,0.3333333333333333,20,Female,7,1,0,0,0
U02103,1,1,177.75,177.75,Web Development,1,Beginner,4.5,0.0,33,Male,7,1,1,0,1
U02104,5,5,464.35,92.87,Marketing,4,Advanced,4.220000000000001,2.0,15,Male,6,0,1,3,2
U02105,3,3,309.65,103.21666666666665,AI/ML,3,Intermediate,4.066666666666666,0.0,32,Female,0,2,0,0,0
U02106,2,2,103.25999999999999,51.629999999999995,Design,2,Advanced,4.6,1.0,28,Female,4,0,0,2,1
U02107,1,1,36.49,36.49,AI/ML,1,Advanced,3.5,1.0,31,Male,0,0,1,2,1
U02108,4,4,526.29,131.5725,Web Development,3,Beginner,3.575,0.25,27,Female,7,1,0,0,0
U02109,6,6,680.16,113.36,Cybersecurity,5,Advanced,3.9499999999999997,0.6666666666666666,23,Male,2,0,1,1,2
U02110,3,3,383.52,127.83999999999999,Data Science,3,Beginner,3.466666666666667,0.0,25,Male,3,1,1,0,2
U02111,3,3,291.68,97.22666666666667,Cybersecurity,2,Advanced,4.0,1.0,21,Male,2,0,1,3,2
U02112,5,5,402.84,80.568,Web Development,4,Intermediate,3.6399999999999997,0.5,22,Female,7,2,0,0,0
U02113,3,3,278.39,92.79666666666667,Data Science,3,Beginner,4.5,0.3333333333333333,28,Female,3,1,0,2,1
U02114,1,1,71.27,71.27,Cybersecurity,1,Intermediate,3.6,0.0,32,Male,2,2,1,2,1
U02115,3,3,479.47,159.82333333333335,Business,3,Intermediate,3.9333333333333336,0.0,18,Male,1,2,1,0,2
U02116,3,3,176.28,58.76,Design,3,Beginner,4.266666666666667,0.3333333333333333,32,Female,4,1,0,2,1
U02117,1,1,89.28,89.28,Web Development,1,Advanced,3.0,1.0,31,Male,7,0,1,2,1
U02118,4,4,176.29,44.0725,Data Science,3,Intermediate,3.5250000000000004,0.0,27,Male,3,2,1,0,2
U02119,6,6,488.9,81.48333333333333,Data Science,5,Advanced,3.35,0.6666666666666666,24,Female,3,0,0,1,0
U02120,5,5,553.3199999999999,110.66399999999999,Marketing,4,Beginner,3.8800000000000003,0.25,19,Male,6,1,1,1,2
U02121,3,3,313.22,104.40666666666668,Cybersecurity,2,Advanced,3.4333333333333336,1.0,16,Female,2,0,0,3,1
U02122,8,8,1108.53,138.56625,Data Science,5,Intermediate,3.3249999999999997,0.0,32,Female,3,2,0,1,0
U02123,3,3,226.44,75.48,Data Science,3,Advanced,3.1333333333333333,0.5,32,Male,3,0,1,3,1
U02124,5,5,555.77,111.154,Marketing,4,Beginner,3.8,0.0,15,Female,6,1,0,1,0
U02125,3,3,78.47999999999999,26.159999999999997,Web Development,2,Advanced,3.6999999999999997,1.0,31,Female,7,0,0,2,1
U02126,2,2,190.84,95.42,Cybersecurity,2,Advanced,3.0,2.0,22,Female,2,0,0,3,3
U02127,5,5,278.36,55.672000000000004,Design,4,Beginner,3.54,0.3333333333333333,21,Female,4,1,0,0,0
U02128,3,3,381.52,127.17333333333333,AI/ML,3,Intermediate,3.6999999999999997,1.0,30,Male,0,2,1,0,2
U02129,8,8,1003.31,125.41375,Data Science,5,Advanced,3.2,2.0,20,Female,3,0,0,1,0
U02130,3,3,318.54999999999995,106.18333333333332,AI/ML,3,Intermediate,4.366666666666666,1.0,19,Male,0,2,1,0,2
U02131,5,5,520.52,104.104,Web Development,2,Intermediate,4.24,1.0,27,Female,7,2,0,0,0
U02132,8,8,1023.4000000000001,127.92500000000001,AI/ML,6,Beginner,3.7625,0.3333333333333333,20,Female,0,1,0,1,0
U02133,2,2,182.17,91.085,Data Science,2,Advanced,3.7,1.0,21,Male,3,0,1,2,1
U02134,3,3,379.54,126.51333333333334,AI/ML,3,Advanced,3.4333333333333336,0.5,31,Female,0,0,0,3,0
U02135,5,5,415.85,83.17,AI/ML,5,Intermediate,3.44,1.0,31,Male,0,2,1,1,2
U02136,3,3,313.89,104.63,Cybersecurity,3,Advanced,3.1666666666666665,2.0,33,Male,2,0,1,3,3
U02137,4,4,400.95,100.2375,AI/ML,4,Intermediate,3.975,0.5,30,Male,0,2,1,0,2
U02138,8,8,680.19,85.02375,Data Science,4,Advanced,3.3,1.25,19,Female,3,0,0,1,0
U02139,7,7,864.38,123.48285714285714,AI/ML,4,Beginner,4.214285714285714,0.2,23,Male,0,1,1,1,2
U02140,1,1,183.08,183.08,Business,1,Beginner,3.5,0.0,21,Female,1,1,0,0,0
U02141,3,3,191.68,63.89333333333334,Business,3,Advanced,3.9666666666666663,3.0,17,Male,1,0,1,3,3
U02142,4,4,459.75,114.9375,Data Science,2,Beginner,3.4499999999999997,0.0,26,Female,3,1,0,0,0
U02143,6,6,687.5799999999999,114.59666666666665,Business,4,Advanced,3.033333333333333,1.0,24,Male,1,0,1,1,2
U02144,5,5,572.0799999999999,114.41599999999998,Web Development,4,Advanced,4.32,1.0,15,Male,7,0,1,1,2
U02145,5,5,585.47,117.09400000000001,Design,4,Advanced,3.84,1.0,16,Female,4,0,0,1,0
U02146,3,3,281.67,93.89,AI/ML,3,Beginner,4.033333333333334,0.0,17,Male,0,1,1,0,2
U02147,7,7,835.65,119.37857142857142,Finance,4,Intermediate,3.9714285714285715,0.6666666666666666,33,Male,5,2,1,1,2
U02148,4,4,444.5,111.125,Web Development,3,Intermediate,3.575,0.0,31,Female,7,2,0,0,0
U02149,3,3,492.01,164.00333333333333,Design,2,Advanced,3.9,1.0,21,Female,4,0,0,3,0
U02150,3,3,209.95,69.98333333333333,Marketing,2,Intermediate,4.133333333333334,0.0,16,Female,6,2,0,2,0
U02151,4,4,533.73,133.4325,Marketing,3,Advanced,4.45,1.0,18,Female,6,0,0,3,0
U02152,4,4,476.21000000000004,119.05250000000001,AI/ML,4,Advanced,3.425,2.0,35,Female,0,0,0,3,0
U02153,3,3,96.16,32.053333333333335,Data Science,3,Advanced,4.3999999999999995,1.0,18,Female,3,0,0,2,1
U02154,6,6,608.59,101.43166666666667,Design,4,Beginner,3.9333333333333336,0.5,16,Male,4,1,1,1,2
U02155,5,5,431.99999999999994,86.39999999999999,Marketing,4,Beginner,3.7399999999999998,0.2,16,Female,6,1,0,1,0
U02156,2,2,205.04,102.52,Business,2,Advanced,3.05,0.5,34,Female,1,0,0,3,1
U02157,4,4,558.23,139.5575,Data Science,3,Intermediate,2.9,0.5,29,Male,3,2,1,0,2
U02158,4,4,259.05,64.7625,Cybersecurity,4,Advanced,3.55,1.0,17,Female,2,0,0,3,0
U02159,8,8,1125.99,140.74875,AI/ML,5,Advanced,3.2375,1.0,29,Female,0,0,0,1,0
U02160,2,2,222.61,111.305,Business,2,Beginner,4.2,0.0,21,Female,1,1,0,2,1
U02161,3,3,231.79,77.26333333333334,Web Development,2,Advanced,3.6666666666666665,1.0,23,Female,7,0,0,2,0
U02162,5,5,484.09,96.818,Marketing,4,Beginner,3.02,0.3333333333333333,25,Male,6,1,1,1,2
U02163,4,4,359.28,89.82,Business,4,Advanced,3.5,0.6666666666666666,29,Male,1,0,1,3,2
U02164,1,1,49.06,49.06,Design,1,Beginner,2.7,0.0,25,Female,4,1,0,2,1
U02165,6,6,588.01,98.00166666666667,Data Science,4,Advanced,3.75,0.6666666666666666,18,Male,3,0,1,1,2
U02166,5,5,505.21000000000004,101.042,Cybersecurity,3,Intermediate,3.84,0.5,27,Male,2,2,1,0,2
U02167,3,3,281.93,93.97666666666667,Cybersecurity,2,Beginner,3.466666666666667,0.3333333333333333,25,Female,2,1,0,0,1
U02168,5,5,483.79,96.75800000000001,Web Development,4,Advanced,3.4799999999999995,1.5,34,Male,7,0,1,1,2
U02169,5,5,496.83,99.366,Design,4,Intermediate,3.7600000000000002,2.0,32,Female,4,2,0,1,2
U02170,2,2,223.13,111.565,Data Science,2,Beginner,2.8,0.0,24,Male,3,1,1,0,1
U02171,3,3,210.51,70.17,Design,3,Intermediate,3.0666666666666664,0.0,31,Male,4,2,1,0,2
U02172,4,4,367.24,91.81,AI/ML,4,Advanced,3.2,0.6666666666666666,34,Male,0,0,1,3,2
U02173,7,7,545.44,77.92,Business,4,Beginner,3.8428571428571425,0.5,22,Female,1,1,0,1,0
U02174,4,4,392.40999999999997,98.10249999999999,Business,3,Advanced,3.45,3.0,17,Female,1,0,0,3,3
U02175,3,3,295.2,98.39999999999999,Business,3,Beginner,3.6999999999999997,0.0,15,Female,1,1,0,0,1
U02176,5,5,484.81,96.962,Design,4,Advanced,3.54,1.5,23,Male,4,0,1,3,2
U02177,3,3,120.71000000000001,40.23666666666667,Data Science,3,Beginner,3.9,0.3333333333333333,35,Male,3,1,1,2,2
U02178,2,2,176.04000000000002,88.02000000000001,Cybersecurity,2,Beginner,4.15,0.0,21,Female,2,1,0,2,1
U02179,2,2,69.28999999999999,34.644999999999996,Design,2,Advanced,3.2,2.0,27,Female,4,0,0,2,1
U02180,2,2,52.72,26.36,Design,2,Beginner,3.0,0.0,31,Female,4,1,0,2,1
U02181,8,8,699.96,87.495,Marketing,5,Advanced,3.9625,0.75,27,Female,6,0,0,1,0
U02182,2,2,82.49,41.245,Business,2,Beginner,4.45,0.0,29,Male,1,1,1,2,1
U02183,5,5,474.04,94.808,Business,4,Advanced,4.0600000000000005,0.6666666666666666,19,Male,1,0,1,1,2
U02184,4,4,550.87,137.7175,Web Development,3,Advanced,3.725,1.0,20,Female,7,0,0,3,0
U02185,4,4,409.90000000000003,102.47500000000001,Marketing,3,Advanced,3.75,1.0,16,Male,6,0,1,3,2
U02186,5,5,779.41,155.882,AI/ML,3,Advanced,3.2,1.5,29,Male,0,0,1,3,2
U02187,6,6,742.75,123.79166666666667,Marketing,4,Intermediate,4.05,2.0,21,Male,6,2,1,1,2
U02188,3,3,323.65999999999997,107.88666666666666,Business,3,Intermediate,3.466666666666667,0.0,17,Female,1,2,0,0,0
U02189,3,3,317.81,105.93666666666667,Business,3,Advanced,3.3000000000000003,1.0,18,Male,1,0,1,3,2
U02190,6,6,567.7,94.61666666666667,AI/ML,4,Advanced,3.6333333333333333,2.0,19,Male,0,0,1,1,0
U02191,3,3,231.47,77.15666666666667,Business,3,Beginner,3.4,0.3333333333333333,24,Male,1,1,1,2,2
U02192,4,4,321.18,80.295,AI/ML,4,Intermediate,3.225,0.0,22,Female,0,2,0,0,1
U02193,5,5,554.3499999999999,110.86999999999998,Design,4,Beginner,3.54,0.3333333333333333,20,Male,4,1,1,1,2
U02194,1,1,161.28,161.28,Marketing,1,Beginner,4.2,0.0,18,Male,6,1,1,2,1
U02195,4,4,613.76,153.44,Cybersecurity,4,Intermediate,3.8,1.0,27,Female,2,2,0,0,0
U02196,7,7,799.98,114.28285714285714,Web Development,3,Advanced,3.5714285714285716,1.5,31,Female,7,0,0,1,0
U02197,5,5,419.75,83.95,Data Science,5,Beginner,3.46,0.0,24,Female,3,1,0,1,0
U02198,4,4,173.12,43.28,Cybersecurity,4,Beginner,4.175,0.3333333333333333,17,Female,2,1,0,2,0
U02199,6,6,457.9,76.31666666666666,Data Science,4,Beginner,3.9333333333333336,0.25,27,Male,3,1,1,1,2
U02200,3,3,274.26,91.42,Data Science,3,Beginner,4.333333333333333,0.3333333333333333,23,Male,3,1,1,2,2
U02201,3,3,136.47,45.49,Cybersecurity,2,Advanced,3.9666666666666663,3.0,20,Male,2,0,1,3,3
U02202,6,6,619.91,103.31833333333333,Marketing,5,Intermediate,3.9499999999999997,0.0,28,Male,6,2,1,1,2
U02203,3,3,346.7,115.56666666666666,Data Science,2,Advanced,3.3333333333333335,0.5,31,Female,3,0,0,3,1
U02204,4,4,558.3,139.575,Business,4,Advanced,3.725,0.6666666666666666,16,Female,1,0,0,3,0
U02205,4,4,361.62,90.405,Data Science,3,Advanced,3.675,1.0,34,Female,3,0,0,3,1
U02206,7,7,535.23,76.46142857142857,Data Science,5,Intermediate,3.485714285714286,1.0,31,Male,3,2,1,1,2
U02207,6,6,857.59,142.93166666666667,AI/ML,4,Intermediate,3.6833333333333336,0.3333333333333333,33,Female,0,2,0,1,0
U02208,3,3,322.90999999999997,107.63666666666666,Data Science,3,Intermediate,3.1333333333333333,1.0,30,Male,3,2,1,0,2
U02209,2,2,233.64,116.82,Cybersecurity,2,Intermediate,4.0,0.0,24,Male,2,2,1,0,2
U02210,6,6,679.4,113.23333333333333,Design,4,Beginner,3.1833333333333336,0.2,33,Male,4,1,1,1,2
U02211,4,4,297.86,74.465,Business,4,Beginner,3.525,0.3333333333333333,23,Male,1,1,1,0,2
U02212,3,3,142.23000000000002,47.410000000000004,Design,2,Beginner,4.533333333333333,0.3333333333333333,33,Male,4,1,1,2,1
U02213,4,4,311.47,77.8675,Design,3,Beginner,3.9,0.0,17,Male,4,1,1,0,2
U02214,3,3,403.64,134.54666666666665,Web Development,2,Advanced,3.6666666666666665,1.0,20,Female,7,0,0,3,0
U02215,4,4,442.15999999999997,110.53999999999999,Business,4,Advanced,4.225,1.0,32,Male,1,0,1,3,2
U02216,4,4,617.85,154.4625,Cybersecurity,2,Beginner,4.05,0.3333333333333333,26,Female,2,1,0,0,0
U02217,3,3,358.09000000000003,119.36333333333334,Cybersecurity,2,Advanced,3.733333333333333,2.0,21,Male,2,0,1,3,2
U02218,3,3,228.1,76.03333333333333,Design,3,Beginner,4.033333333333333,0.3333333333333333,17,Male,4,1,1,2,2
U02219,4,4,639.22,159.805,Design,2,Beginner,4.325,0.3333333333333333,29,Male,4,1,1,0,2
U02220,3,3,450.90999999999997,150.3033333333333,AI/ML,2,Advanced,3.9,0.5,30,Male,0,0,1,3,2
U02221,4,4,206.38,51.595,Web Development,3,Advanced,4.0,3.0,19,Female,7,0,0,3,3
U02222,2,2,75.49,37.745,Business,2,Beginner,3.8,0.0,23,Male,1,1,1,2,1
U02223,2,2,172.56,86.28,Design,2,Advanced,4.75,1.0,22,Female,4,0,0,2,1
U02224,2,2,124.6,62.3,Data Science,2,Beginner,3.85,0.0,18,Female,3,1,0,2,1
U02225,3,3,288.71999999999997,96.24,Finance,2,Beginner,3.3000000000000003,0.3333333333333333,33,Female,5,1,0,0,1
U02226,5,5,661.23,132.246,Design,4,Beginner,4.4399999999999995,0.25,20,Female,4,1,0,1,0
U02227,6,6,436.75,72.79166666666667,AI/ML,4,Advanced,3.516666666666667,1.5,21,Female,0,0,0,3,0
U02228,2,2,246.17999999999998,123.08999999999999,Finance,2,Advanced,4.75,1.0,19,Male,5,0,1,2,1
U02229,3,3,495.49,165.16333333333333,AI/ML,3,Beginner,3.8000000000000003,0.0,34,Female,0,1,0,0,0
U02230,3,3,118.41,39.47,AI/ML,3,Intermediate,4.333333333333333,1.0,32,Female,0,2,0,2,1
U02231,4,4,439.89,109.9725,AI/ML,4,Intermediate,3.725,1.0,20,Male,0,2,1,0,2
U02232,3,3,302.02,100.67333333333333,Cybersecurity,3,Advanced,3.966666666666667,2.0,26,Female,2,0,0,3,3
U02233,6,6,663.24,110.54,Business,4,Advanced,3.483333333333333,2.0,28,Male,1,0,1,1,0
U02234,3,3,371.73,123.91000000000001,Design,2,Advanced,4.066666666666666,2.0,31,Female,4,0,0,3,3
U02235,3,3,176.87,58.95666666666667,Data Science,3,Intermediate,4.0,1.0,15,Female,3,2,0,2,1
U02236,3,3,119.63,39.876666666666665,Business,2,Advanced,3.466666666666667,1.0,24,Female,1,0,0,2,1
U02237,3,3,221.6,73.86666666666666,AI/ML,3,Intermediate,3.8000000000000003,0.0,16,Male,0,2,1,0,2
U02238,3,3,347.0,115.66666666666667,AI/ML,3,Beginner,3.533333333333333,0.0,19,Female,0,1,0,0,0
U02239,5,5,559.89,111.978,Data Science,4,Beginner,3.78,0.3333333333333333,25,Female,3,1,0,1,0
U02240,2,2,169.36,84.68,AI/ML,2,Advanced,3.55,0.5,33,Female,0,0,0,2,1
U02241,5,5,692.79,138.558,Marketing,4,Beginner,3.84,0.25,29,Male,6,1,1,1,2
U02242,3,3,154.04000000000002,51.34666666666667,AI/ML,3,Advanced,3.9,0.5,29,Female,0,0,0,2,1
U02243,5,5,558.96,111.792,Business,4,Beginner,3.7,0.0,16,Female,1,1,0,1,0
U02244,3,3,391.43,130.47666666666666,Design,3,Advanced,3.6,0.5,34,Male,4,0,1,3,2
U02245,2,2,179.15,89.575,AI/ML,2,Advanced,3.55,1.0,22,Male,0,0,1,2,2
U02246,5,5,615.16,123.032,AI/ML,4,Advanced,4.0,0.6666666666666666,15,Female,0,0,0,1,0
U02247,3,3,525.9200000000001,175.3066666666667,Cybersecurity,3,Advanced,3.2999999999999994,2.0,15,Female,2,0,0,3,1
U02248,4,4,166.07,41.5175,Cybersecurity,2,Advanced,3.025,2.0,29,Male,2,0,1,3,1
U02249,3,2,154.94,51.64666666666667,Business,3,Advanced,3.5,1.0,25,Female,1,0,0,2,1
U02250,2,2,202.41,101.205,Design,2,Beginner,4.15,0.0,19,Female,4,1,0,2,1
U02251,3,3,139.73000000000002,46.576666666666675,Cybersecurity,3,Beginner,4.266666666666667,0.3333333333333333,35,Male,2,1,1,2,2
U02252,4,4,511.92999999999995,127.98249999999999,Web Development,3,Beginner,3.9000000000000004,0.3333333333333333,29,Female,7,1,0,0,0
U02253,8,8,823.7,102.9625,Marketing,5,Advanced,3.5125,1.0,22,Female,6,0,0,1,0
U02254,4,4,371.33000000000004,92.83250000000001,AI/ML,4,Beginner,3.725,0.3333333333333333,17,Female,0,1,0,0,0
U02255,4,4,506.59,126.6475,Business,4,Advanced,3.65,1.0,18,Female,1,0,0,3,0
U02256,3,3,123.19,41.06333333333333,Data Science,3,Advanced,3.866666666666667,0.5,16,Female,3,0,0,2,1
U02257,4,4,339.59000000000003,84.89750000000001,Web Development,3,Intermediate,3.5250000000000004,0.5,19,Female,7,2,0,0,0
U02258,4,4,584.1700000000001,146.04250000000002,Design,3,Beginner,4.425,0.3333333333333333,21,Male,4,1,1,0,2
U02259,3,3,313.35,104.45,AI/ML,3,Advanced,4.033333333333334,1.0,32,Female,0,0,0,3,1
U02260,3,3,506.78,168.92666666666665,Business,2,Advanced,3.0666666666666664,1.0,16,Female,1,0,0,3,1
U02261,5,5,472.68,94.536,Web Development,4,Beginner,3.6799999999999997,0.3333333333333333,26,Male,7,1,1,1,2
U02262,4,4,432.85,108.2125,Business,3,Beginner,4.0,0.3333333333333333,31,Female,1,1,0,0,0
U02263,6,6,796.89,132.815,AI/ML,4,Advanced,3.466666666666667,4.0,29,Female,0,0,0,3,3
U02264,3,3,205.1,68.36666666666666,Web Development,2,Beginner,3.9,0.0,28,Female,7,1,0,2,1
U02265,5,5,389.06,77.812,AI/ML,5,Advanced,3.46,0.6666666666666666,33,Male,0,0,1,1,2
U02266,5,5,450.59000000000003,90.11800000000001,Marketing,2,Beginner,4.36,0.5,21,Male,6,1,1,0,2
U02267,3,3,465.6,155.20000000000002,Data Science,3,Beginner,4.066666666666666,0.3333333333333333,19,Male,3,1,1,0,2
U02268,2,2,228.60000000000002,114.30000000000001,Data Science,2,Advanced,3.9,0.5,29,Female,3,0,0,2,1
U02269,5,5,372.53,74.506,Data Science,3,Intermediate,3.6,0.5,32,Male,3,2,1,0,2
U02270,4,4,363.19,90.7975,Data Science,3,Intermediate,2.95,0.5,21,Male,3,2,1,0,2
U02271,6,6,590.4,98.39999999999999,Web Development,5,Beginner,3.4333333333333336,0.0,20,Male,7,1,1,1,2
U02272,5,5,378.9,75.78,Data Science,4,Beginner,3.9799999999999995,0.3333333333333333,23,Female,3,1,0,0,0
U02273,3,3,203.97,67.99,Web Development,2,Advanced,3.9333333333333336,3.0,28,Male,7,0,1,3,3
U02274,7,7,530.48,75.78285714285714,Web Development,5,Intermediate,3.8,0.0,16,Male,7,2,1,1,2
U02275,8,8,985.66,123.2075,AI/ML,5,Beginner,4.0625,0.6,23,Female,0,1,0,1,0
U02276,5,5,539.69,107.93800000000002,Business,3,Intermediate,4.08,0.5,34,Female,1,2,0,0,0
U02277,6,6,565.97,94.32833333333333,Design,4,Beginner,3.316666666666667,0.25,28,Male,4,1,1,1,2
U02278,4,4,430.3299999999999,107.58249999999998,Marketing,3,Advanced,3.575,4.0,20,Male,6,0,1,3,3
U02279,2,2,98.34,49.17,Design,2,Beginner,3.8000000000000003,0.0,29,Female,4,1,0,2,1
U02280,3,3,351.68,117.22666666666667,Business,3,Intermediate,4.0,0.0,26,Female,1,2,0,0,0
U02281,4,4,232.87,58.2175,Business,4,Intermediate,4.0,1.0,34,Male,1,2,1,0,2
U02282,6,6,666.6800000000001,111.11333333333334,Data Science,5,Advanced,3.8333333333333335,1.0,25,Female,3,0,0,1,0
U02283,2,2,253.02999999999997,126.51499999999999,AI/ML,2,Advanced,3.6,2.0,16,Male,0,0,1,3,2
U02284,4,4,337.71999999999997,84.42999999999999,Data Science,4,Advanced,3.625,1.0,28,Male,3,0,1,3,2
U02285,8,8,778.46,97.3075,Cybersecurity,4,Beginner,4.1625000000000005,0.6,28,Female,2,1,0,1,0
U02286,4,4,374.04,93.51,AI/ML,3,Advanced,3.5500000000000003,1.0,32,Female,0,0,0,3,0
U02287,3,3,232.44,77.48,Web Development,2,Beginner,4.233333333333333,0.3333333333333333,22,Male,7,1,1,2,1
U02288,2,2,269.3,134.65,Finance,1,Advanced,3.4,1.0,32,Female,5,0,0,3,1
U02289,5,5,359.02,71.804,AI/ML,5,Intermediate,3.6,0.0,15,Male,0,2,1,0,2
U02290,7,7,782.62,111.80285714285715,AI/ML,6,Intermediate,3.6142857142857143,0.3333333333333333,25,Male,0,2,1,1,2
U02291,3,3,152.77,50.92333333333334,Marketing,2,Intermediate,4.0,0.0,31,Female,6,2,0,2,1
U02292,3,3,328.65,109.55,Business,3,Advanced,3.966666666666667,2.0,30,Male,1,0,1,3,3
U02293,4,4,414.76,103.69,Web Development,2,Beginner,4.15,0.0,30,Female,7,1,0,0,0
U02294,5,5,416.67,83.334,Web Development,4,Advanced,4.159999999999999,1.5,26,Male,7,0,1,1,2
U02295,1,1,75.53,75.53,Finance,1,Intermediate,2.6,0.0,33,Male,5,2,1,2,1
U02296,6,6,723.27,120.545,Cybersecurity,5,Beginner,3.3666666666666667,0.25,27,Female,2,1,0,1,0
U02297,7,6,636.02,90.86,Web Development,6,Intermediate,4.114285714285714,0.6666666666666666,28,Male,7,2,1,1,2
U02298,2,2,98.63,49.315,Data Science,2,Advanced,3.65,1.0,22,Female,3,0,0,2,1
U02299,5,5,545.99,109.19800000000001,Cybersecurity,3,Beginner,3.72,0.3333333333333333,35,Female,2,1,0,0,0
U02300,4,4,348.46999999999997,87.11749999999999,Business,4,Beginner,3.325,0.0,35,Male,1,1,1,0,2
U02301,3,3,346.55,115.51666666666667,Business,3,Advanced,3.766666666666667,1.0,18,Female,1,0,0,3,0
U02302,3,3,161.44,53.81333333333333,Business,3,Advanced,3.6999999999999997,1.0,30,Male,1,0,1,2,2
U02303,5,5,622.1,124.42,AI/ML,5,Advanced,3.72,5.0,34,Male,0,0,1,3,3
U02304,3,3,250.72,83.57333333333334,AI/ML,3,Advanced,3.0333333333333337,2.0,21,Male,0,0,1,3,1
U02305,3,3,185.06,61.68666666666667,Marketing,2,Beginner,3.8000000000000003,0.0,19,Female,6,1,0,2,0
U02306,5,5,630.25,126.05,Marketing,4,Intermediate,3.44,0.5,18,Female,6,2,0,1,0
U02307,5,5,563.0699999999999,112.61399999999999,AI/ML,5,Beginner,3.78,0.3333333333333333,22,Male,0,1,1,1,2
U02308,5,5,603.91,120.782,Cybersecurity,3,Advanced,3.4200000000000004,1.5,15,Female,2,0,0,3,0
U02309,4,4,360.74,90.185,Design,4,Beginner,4.3,0.25,23,Female,4,1,0,0,0
U02310,3,3,265.32,88.44,Cybersecurity,2,Advanced,3.9666666666666663,0.5,15,Male,2,0,1,2,2
U02311,3,3,393.27,131.09,Web Development,2,Beginner,4.1,0.3333333333333333,23,Female,7,1,0,0,0
U02312,5,5,528.6700000000001,105.73400000000001,Data Science,4,Beginner,3.62,0.0,28,Male,3,1,1,1,2
U02313,6,6,717.1700000000001,119.52833333333335,Marketing,4,Intermediate,3.6999999999999997,0.5,24,Female,6,2,0,1,0
U02314,5,5,740.0899999999999,148.01799999999997,Finance,3,Advanced,3.6,2.0,29,Male,5,0,1,3,2
U02315,3,3,398.46000000000004,132.82000000000002,Data Science,2,Beginner,4.366666666666666,0.3333333333333333,34,Male,3,1,1,0,2
U02316,3,3,388.3,129.43333333333334,AI/ML,3,Intermediate,3.6333333333333333,0.0,31,Female,0,2,0,0,0
U02317,3,3,246.49,82.16333333333334,Web Development,2,Beginner,2.9333333333333336,0.0,18,Male,7,1,1,2,1
U02318,3,3,512.05,170.6833333333333,Cybersecurity,3,Beginner,3.9666666666666663,0.0,24,Female,2,1,0,0,0
U02319,1,1,116.75,116.75,Web Development,1,Intermediate,3.2,0.0,24,Female,7,2,0,0,1
U02320,5,5,508.48,101.696,AI/ML,5,Beginner,3.2600000000000002,0.3333333333333333,17,Male,0,1,1,1,2
U02321,4,4,402.99,100.7475,Cybersecurity,2,Beginner,4.275,0.0,26,Female,2,1,0,0,0
U02322,3,3,342.67,114.22333333333334,Cybersecurity,3,Advanced,3.6999999999999997,0.5,28,Female,2,0,0,3,1
U02323,7,7,367.85,52.550000000000004,Cybersecurity,5,Beginner,4.014285714285714,0.5,29,Female,2,1,0,1,0
U02324,4,4,374.44,93.61,Business,4,Advanced,3.725,1.0,34,Female,1,0,0,3,0
U02325,1,1,67.98,67.98,Finance,1,Advanced,4.7,1.0,15,Male,5,0,1,2,1
U02326,1,1,78.29,78.29,Cybersecurity,1,Advanced,3.8,1.0,32,Male,2,0,1,2,1
U02327,4,4,444.95000000000005,111.23750000000001,AI/ML,4,Intermediate,3.8,0.5,29,Male,0,2,1,0,2
U02328,2,2,203.69,101.845,Marketing,2,Advanced,4.8,0.5,22,Female,6,0,0,2,1
U02329,6,6,737.85,122.97500000000001,AI/ML,4,Beginner,3.9000000000000004,0.5,35,Male,0,1,1,1,2
U02330,5,5,621.61,124.322,Cybersecurity,2,Beginner,2.94,0.0,29,Female,2,1,0,0,0
U02331,4,4,583.49,145.8725,Cybersecurity,3,Beginner,3.75,0.0,25,Female,2,1,0,0,0
U02332,3,3,387.95,129.31666666666666,Design,2,Intermediate,3.6666666666666665,0.0,23,Male,4,2,1,0,2
U02333,3,3,345.92,115.30666666666667,AI/ML,3,Beginner,3.1333333333333333,0.0,32,Female,0,1,0,0,1
U02334,6,6,512.9,85.48333333333333,Data Science,4,Advanced,3.75,1.0,23,Female,3,0,0,1,0
U02335,4,4,514.3199999999999,128.57999999999998,Web Development,3,Intermediate,3.0,1.0,25,Female,7,2,0,0,0
U02336,3,3,297.06,99.02,Business,3,Beginner,3.7000000000000006,0.3333333333333333,17,Female,1,1,0,0,1
U02337,5,5,328.01,65.602,AI/ML,5,Advanced,3.9,1.0,18,Female,0,0,0,1,0
U02338,6,6,625.76,104.29333333333334,Cybersecurity,4,Advanced,3.65,0.75,29,Female,2,0,0,1,0
U02339,4,4,408.57,102.1425,Cybersecurity,3,Intermediate,3.525,0.5,33,Female,2,2,0,0,0
U02340,1,1,131.59,131.59,Cybersecurity,1,Advanced,4.7,1.0,20,Male,2,0,1,2,1
U02341,7,6,684.9399999999999,97.84857142857142,Web Development,5,Advanced,3.9,1.3333333333333333,17,Male,7,0,1,1,0
U02342,3,3,455.95,151.98333333333332,Design,2,Advanced,3.733333333333334,0.5,21,Male,4,0,1,3,2
U02343,5,5,443.62,88.724,Data Science,4,Advanced,3.7400000000000007,0.6666666666666666,29,Male,3,0,1,1,2
U02344,4,4,502.66,125.665,Web Development,3,Beginner,3.925,0.3333333333333333,26,Male,7,1,1,0,2
U02345,3,3,311.71,103.90333333333332,AI/ML,3,Advanced,3.1,1.0,31,Male,0,0,1,3,2
U02346,4,4,268.54,67.135,Cybersecurity,4,Advanced,3.125,1.0,34,Male,2,0,1,3,2
U02347,3,3,282.23,94.07666666666667,Web Development,2,Advanced,3.8666666666666667,1.0,27,Male,7,0,1,2,1
U02348,5,5,429.21,85.842,Design,4,Advanced,3.6399999999999997,0.6666666666666666,20,Male,4,0,1,1,2
U02349,2,2,101.55,50.775,Data Science,2,Advanced,3.85,1.0,27,Male,3,0,1,2,1
U02350,5,5,707.82,141.56400000000002,Marketing,4,Advanced,4.2,1.0,31,Female,6,0,0,1,0
U02351,4,4,495.44,123.86,Finance,2,Advanced,3.8249999999999997,0.6666666666666666,22,Female,5,0,0,3,0
U02352,3,3,423.38,141.12666666666667,Finance,2,Intermediate,3.6,0.0,30,Female,5,2,0,0,0
U02353,4,4,275.43,68.8575,Cybersecurity,3,Intermediate,3.975,0.5,16,Male,2,2,1,0,2
U02354,3,3,197.63,65.87666666666667,Cybersecurity,3,Beginner,4.6000000000000005,0.0,29,Female,2,1,0,2,1
U02355,4,4,479.83,119.9575,Web Development,3,Beginner,3.45,0.0,32,Female,7,1,0,0,0
U02356,3,3,382.45,127.48333333333333,Design,2,Beginner,4.1000000000000005,0.0,35,Male,4,1,1,0,2
U02357,2,2,45.18,22.59,Cybersecurity,2,Advanced,4.4,1.0,28,Female,2,0,0,2,1
U02358,1,1,116.91,116.91,Business,1,Advanced,4.7,1.0,22,Male,1,0,1,2,1
U02359,7,7,461.76,65.96571428571428,Business,5,Beginner,3.8285714285714287,0.16666666666666666,32,Female,1,1,0,1,0
U02360,2,2,270.81,135.405,Data Science,2,Beginner,3.95,0.0,18,Female,3,1,0,0,0
U02361,3,3,197.35,65.78333333333333,Data Science,3,Beginner,3.3666666666666667,0.0,26,Female,3,1,0,2,1
U02362,4,4,424.12,106.03,Web Development,2,Advanced,3.725,2.0,33,Female,7,0,0,3,0
U02363,3,3,150.45999999999998,50.15333333333333,Web Development,2,Advanced,3.0,0.5,15,Male,7,0,1,2,1
U02364,4,4,414.46000000000004,103.61500000000001,Cybersecurity,4,Beginner,3.1,0.3333333333333333,29,Female,2,1,0,0,0
U02365,1,1,54.44,54.44,Marketing,1,Intermediate,3.1,0.0,34,Female,6,2,0,2,1
U02366,4,4,366.03,91.5075,Web Development,3,Advanced,3.625,0.6666666666666666,19,Female,7,0,0,3,0
U02367,3,3,201.38000000000002,67.12666666666668,Cybersecurity,3,Advanced,3.966666666666667,0.5,25,Male,2,0,1,2,1
U02368,2,2,76.19,38.095,Design,2,Beginner,4.3,0.0,31,Male,4,1,1,2,1
U02369,2,2,76.78,38.39,Business,2,Beginner,4.25,0.0,16,Male,1,1,1,2,1
U02370,4,4,544.87,136.2175,Data Science,3,Advanced,4.35,1.0,24,Male,3,0,1,3,2
U02371,2,2,91.96000000000001,45.980000000000004,AI/ML,2,Advanced,3.5,1.0,34,Female,0,0,0,2,1
U02372,4,4,364.47,91.1175,Marketing,3,Intermediate,3.6,0.0,35,Male,6,2,1,0,2
U02373,3,3,131.35,43.78333333333333,Web Development,2,Advanced,4.0,0.5,22,Male,7,0,1,2,1
U02374,5,5,528.52,105.704,Design,4,Advanced,3.38,1.0,22,Male,4,0,1,1,2
U02375,2,2,250.69,125.345,Data Science,2,Advanced,3.2,0.5,33,Female,3,0,0,3,1
U02376,4,4,253.59,63.3975,Marketing,3,Advanced,4.175,1.0,19,Female,6,0,0,2,0
U02377,3,3,279.70000000000005,93.23333333333335,Business,3,Beginner,4.533333333333333,0.0,35,Male,1,1,1,2,2
U02378,5,5,645.24,129.048,Data Science,3,Intermediate,3.2400000000000007,2.0,23,Male,3,2,1,1,2
U02379,3,3,287.78,95.92666666666666,Cybersecurity,3,Advanced,3.466666666666667,0.5,20,Male,2,0,1,3,2
U02380,4,4,422.84,105.71,Marketing,3,Beginner,3.1,0.3333333333333333,24,Female,6,1,0,0,0
U02381,5,5,367.56,73.512,Cybersecurity,3,Advanced,3.2,1.0,31,Female,2,0,0,3,1
U02382,2,2,124.71000000000001,62.355000000000004,Design,1,Beginner,4.15,0.0,32,Male,4,1,1,2,1
U02383,4,4,268.33,67.0825,Cybersecurity,4,Intermediate,4.1,1.0,21,Male,2,2,1,0,2
U02384,4,4,357.19,89.2975,Marketing,2,Beginner,4.4,0.0,22,Male,6,1,1,2,2
U02385,6,6,674.4,112.39999999999999,Marketing,5,Beginner,3.233333333333334,0.5,30,Male,6,1,1,1,2
U02386,7,7,149.75,21.392857142857142,Design,5,Intermediate,3.4714285714285715,2.0,35,Male,4,2,1,1,2
U02387,4,4,433.72,108.43,Marketing,3,Advanced,3.5,1.0,31,Male,6,0,1,3,1
U02388,5,5,366.4,73.28,Cybersecurity,5,Intermediate,3.6,2.0,23,Male,2,2,1,1,2
U02389,5,5,443.97,88.79400000000001,Design,4,Intermediate,3.9,0.5,33,Male,4,2,1,0,2
U02390,6,6,547.63,91.27166666666666,AI/ML,5,Advanced,3.4166666666666665,1.0,28,Female,0,0,0,1,0
U02391,6,6,756.84,126.14,Data Science,3,Advanced,3.716666666666667,0.6666666666666666,20,Female,3,0,0,1,0
U02392,4,4,325.42,81.355,Design,3,Advanced,4.3,1.5,21,Male,4,0,1,3,2
U02393,6,6,634.5600000000001,105.76,Design,5,Intermediate,3.716666666666667,1.0,18,Male,4,2,1,1,2
U02394,5,5,596.87,119.374,Cybersecurity,3,Intermediate,3.7,0.5,35,Male,2,2,1,0,2
U02395,2,2,35.120000000000005,17.560000000000002,Business,2,Beginner,3.0,0.0,32,Female,1,1,0,2,1
U02396,4,4,635.6700000000001,158.91750000000002,Web Development,3,Beginner,3.85,0.0,16,Female,7,1,0,0,0
U02397,8,8,763.05,95.38125,Cybersecurity,6,Advanced,3.6875,1.0,22,Male,2,0,1,1,0
U02398,5,5,418.84000000000003,83.768,Marketing,4,Advanced,4.24,1.0,26,Female,6,0,0,1,0
U02399,2,2,233.55,116.775,Design,2,Beginner,3.55,0.0,22,Male,4,1,1,0,2
U02400,2,2,192.93,96.465,Data Science,1,Advanced,4.15,0.5,17,Male,3,0,1,2,2
U02401,7,7,838.41,119.77285714285713,Design,6,Beginner,3.5142857142857147,0.25,28,Male,4,1,1,1,0
U02402,2,2,148.08,74.04,Data Science,2,Intermediate,3.9000000000000004,0.0,19,Female,3,2,0,2,1
U02403,4,4,410.53,102.6325,Business,4,Beginner,3.675,0.3333333333333333,18,Female,1,1,0,0,0
U02404,4,4,271.05,67.7625,Web Development,3,Intermediate,3.7,0.0,28,Male,7,2,1,0,2
U02405,4,4,404.94,101.235,AI/ML,4,Advanced,3.325,1.5,25,Female,0,0,0,3,0
U02406,5,5,423.15,84.63,Business,4,Beginner,3.56,0.3333333333333333,23,Female,1,1,0,0,0
U02407,6,6,531.81,88.63499999999999,Business,5,Beginner,3.6500000000000004,0.2,27,Male,1,1,1,1,2
U02408,2,2,172.16,86.08,Business,2,Advanced,3.5,1.0,34,Female,1,0,0,3,1
U02409,2,2,172.38,86.19,Cybersecurity,2,Advanced,3.1500000000000004,0.5,24,Female,2,0,0,2,1
U02410,4,4,197.53,49.3825,Finance,3,Advanced,3.5,2.0,18,Male,5,0,1,3,1
U02411,2,2,288.92,144.46,AI/ML,2,Advanced,3.75,0.5,31,Female,0,0,0,3,0
U02412,5,5,340.56,68.112,Design,3,Advanced,3.6399999999999997,0.6666666666666666,15,Female,4,0,0,3,0
U02413,3,3,252.7,84.23333333333333,AI/ML,2,Intermediate,4.166666666666667,0.0,25,Male,0,2,1,0,2
U02414,7,7,686.34,98.04857142857144,Cybersecurity,5,Intermediate,3.2285714285714286,0.6666666666666666,21,Male,2,2,1,1,2
U02415,3,3,482.92999999999995,160.97666666666666,Design,2,Beginner,4.366666666666667,0.3333333333333333,33,Male,4,1,1,0,2
U02416,8,8,797.3199999999999,99.66499999999999,Web Development,4,Advanced,3.6875,1.6666666666666667,24,Female,7,0,0,1,0
U02417,1,1,68.04,68.04,Cybersecurity,1,Advanced,2.9,1.0,34,Female,2,0,0,2,1
U02418,2,2,334.82,167.41,AI/ML,2,Advanced,3.4,1.0,23,Male,0,0,1,3,1
U02419,4,4,327.08,81.77,Marketing,2,Intermediate,3.8,0.5,17,Female,6,2,0,0,0
U02420,2,2,291.28999999999996,145.64499999999998,AI/ML,2,Advanced,3.65,2.0,20,Female,0,0,0,3,1
U02421,2,2,186.89999999999998,93.44999999999999,Cybersecurity,2,Advanced,4.2,1.0,15,Female,2,0,0,2,1
U02422,5,5,262.01,52.402,Cybersecurity,5,Advanced,3.6399999999999997,1.0,21,Female,2,0,0,3,0
U02423,1,1,98.28,98.28,Web Development,1,Advanced,2.9,1.0,32,Female,7,0,0,2,1
U02424,3,3,204.52,68.17333333333333,Finance,2,Intermediate,3.1,0.0,31,Female,5,2,0,0,1
U02425,4,4,452.28,113.07,Design,3,Intermediate,3.7,0.5,24,Female,4,2,0,0,0
U02426,5,5,716.0,143.2,Cybersecurity,4,Beginner,3.62,0.5,19,Female,2,1,0,1,0
U02427,6,6,956.29,159.38166666666666,Design,4,Intermediate,4.016666666666667,0.5,31,Female,4,2,0,1,0
U02428,3,3,389.94,129.98,Business,3,Intermediate,3.8000000000000003,1.0,30,Male,1,2,1,0,2
U02429,6,6,358.29999999999995,59.71666666666666,Web Development,5,Beginner,3.216666666666667,0.2,30,Female,7,1,0,1,0
U02430,5,5,426.15999999999997,85.232,Web Development,3,Advanced,4.0200000000000005,1.5,29,Male,7,0,1,3,2
U02431,3,3,368.2,122.73333333333333,Business,3,Intermediate,3.5666666666666664,1.0,16,Male,1,2,1,0,2
U02432,3,3,352.15,117.38333333333333,AI/ML,3,Advanced,3.6,2.0,30,Female,0,0,0,3,3
U02433,4,4,363.05,90.7625,Data Science,3,Advanced,3.7,1.0,15,Female,3,0,0,3,0
U02434,6,6,694.36,115.72666666666667,Design,5,Advanced,3.6666666666666665,1.5,31,Male,4,0,1,1,2
U02435,4,4,419.25,104.8125,Marketing,2,Advanced,4.0,2.0,17,Male,6,0,1,3,3
U02436,4,4,547.3199999999999,136.82999999999998,Cybersecurity,4,Intermediate,3.65,0.0,16,Male,2,2,1,0,2
U02437,4,4,248.99,62.2475,Marketing,3,Beginner,4.1,0.3333333333333333,15,Male,6,1,1,2,2
U02438,2,1,142.23,71.115,AI/ML,2,Advanced,3.75,1.0,28,Female,0,0,0,2,1
U02439,4,4,439.16999999999996,109.79249999999999,Cybersecurity,2,Advanced,3.15,1.5,22,Female,2,0,0,3,1
U02440,5,5,756.08,151.216,Business,5,Advanced,3.8600000000000003,1.5,26,Female,1,0,0,1,0
U02441,3,3,375.68,125.22666666666667,Cybersecurity,3,Advanced,3.6333333333333333,2.0,33,Male,2,0,1,3,3
U02442,4,4,448.8,112.2,Design,3,Beginner,3.75,0.3333333333333333,23,Male,4,1,1,0,2
U02443,4,4,632.71,158.1775,Data Science,2,Advanced,3.4749999999999996,2.0,22,Female,3,0,0,3,0
U02444,4,4,422.61,105.6525,Marketing,2,Intermediate,3.875,1.0,28,Female,6,2,0,0,0
U02445,4,4,466.12,116.53,Web Development,3,Intermediate,2.975,0.5,26,Female,7,2,0,0,0
U02446,2,2,223.22,111.61,Cybersecurity,2,Beginner,3.3,0.0,29,Male,2,1,1,0,2
U02447,8,8,870.53,108.81625,Marketing,4,Advanced,3.9000000000000004,1.0,31,Female,6,0,0,1,0
U02448,2,2,54.22,27.11,Design,1,Beginner,4.05,0.0,17,Male,4,1,1,2,1
U02449,2,2,151.88,75.94,Data Science,2,Beginner,3.9,0.0,32,Male,3,1,1,2,1
U02450,3,3,249.72000000000003,83.24000000000001,Business,3,Beginner,3.3666666666666667,0.3333333333333333,30,Female,1,1,0,0,1
U02451,6,6,721.15,120.19166666666666,Cybersecurity,4,Intermediate,3.516666666666667,2.0,31,Male,2,2,1,1,2
U02452,4,4,421.4,105.35,AI/ML,2,Advanced,3.95,1.0,23,Female,0,0,0,3,0
U02453,2,2,254.92,127.46,Design,2,Beginner,3.75,0.0,29,Female,4,1,0,0,0
U02454,8,8,933.09,116.63625,Marketing,6,Advanced,4.025,1.3333333333333333,28,Male,6,0,1,1,0
U02455,2,2,233.96,116.98,Data Science,1,Beginner,3.8,0.0,34,Male,3,1,1,2,1
U02456,8,8,823.68,102.96,Marketing,5,Beginner,4.0125,0.3333333333333333,35,Male,6,1,1,1,0
U02457,2,2,320.78,160.39,Cybersecurity,2,Advanced,3.1,1.0,31,Female,2,0,0,3,1
U02458,6,6,502.86,83.81,Business,6,Advanced,3.5,1.5,26,Female,1,0,0,1,0
U02459,3,3,439.46999999999997,146.48999999999998,Design,2,Beginner,3.966666666666667,0.3333333333333333,33,Male,4,1,1,0,2
U02460,3,3,281.9,93.96666666666665,Cybersecurity,3,Advanced,3.533333333333333,2.0,21,Female,2,0,0,3,3
U02461,2,2,132.73,66.365,Cybersecurity,2,Beginner,3.8,0.0,15,Female,2,1,0,2,1
U02462,5,5,404.46000000000004,80.89200000000001,AI/ML,5,Advanced,4.32,1.5,26,Male,0,0,1,1,2
U02463,2,2,64.4,32.2,AI/ML,2,Advanced,3.7,1.0,29,Male,0,0,1,2,1
U02464,3,3,384.56,128.18666666666667,Marketing,2,Intermediate,3.8333333333333335,1.0,21,Female,6,2,0,0,0
U02465,3,3,350.85,116.95,Business,3,Beginner,3.6666666666666665,0.0,27,Male,1,1,1,0,2
U02466,4,4,512.8,128.2,Marketing,3,Beginner,3.4499999999999997,0.25,23,Male,6,1,1,0,2
U02467,3,3,461.05,153.68333333333334,AI/ML,3,Advanced,4.166666666666667,0.5,19,Male,0,0,1,3,2
U02468,1,1,54.2,54.2,Data Science,1,Beginner,3.5,0.0,29,Female,3,1,0,2,1
U02469,4,4,293.89,73.4725,Marketing,3,Advanced,4.2,0.6666666666666666,21,Male,6,0,1,2,1
U02470,2,2,131.42000000000002,65.71000000000001,Data Science,1,Beginner,3.75,0.0,34,Male,3,1,1,2,1
U02471,2,2,204.43,102.215,AI/ML,2,Advanced,3.5,1.0,16,Female,0,0,0,3,1
U02472,4,4,176.49,44.1225,Cybersecurity,3,Intermediate,3.95,0.5,17,Male,2,2,1,2,2
U02473,5,5,418.42,83.684,Cybersecurity,4,Advanced,3.6799999999999997,0.6666666666666666,31,Female,2,0,0,3,0
U02474,5,5,742.84,148.568,Design,4,Intermediate,4.220000000000001,0.5,27,Male,4,2,1,1,2
U02475,1,1,100.54,100.54,Design,1,Advanced,4.0,1.0,35,Male,4,0,1,2,1
U02476,5,5,476.76,95.352,Design,3,Intermediate,3.4200000000000004,0.0,34,Female,4,2,0,0,0
U02477,4,4,405.53,101.3825,AI/ML,4,Beginner,3.7750000000000004,0.0,17,Male,0,1,1,0,2
U02478,3,3,522.62,174.20666666666668,AI/ML,3,Intermediate,3.6333333333333333,0.0,30,Male,0,2,1,0,2
U02479,8,8,783.73,97.96625,Data Science,5,Intermediate,3.6125,0.0,19,Female,3,2,0,1,0
U02480,8,8,784.98,98.1225,Business,5,Beginner,3.575,0.6,35,Male,1,1,1,1,2
U02481,3,3,190.18,63.39333333333334,AI/ML,3,Intermediate,4.1000000000000005,0.0,29,Male,0,2,1,0,2
U02482,5,5,452.04,90.408,AI/ML,3,Advanced,3.88,1.0,35,Male,0,0,1,3,2
U02483,4,4,515.94,128.985,Cybersecurity,3,Beginner,3.9,0.3333333333333333,25,Male,2,1,1,0,2
U02484,3,3,318.71000000000004,106.23666666666668,AI/ML,2,Beginner,3.033333333333333,0.0,25,Female,0,1,0,0,1
U02485,3,3,298.37,99.45666666666666,Cybersecurity,3,Intermediate,2.9333333333333336,0.0,22,Male,2,2,1,0,2
U02486,8,8,581.52,72.69,AI/ML,5,Advanced,3.6,1.0,29,Male,0,0,1,1,0
U02487,5,5,396.77,79.354,AI/ML,5,Intermediate,4.18,0.5,23,Male,0,2,1,1,2
U02488,4,4,294.88,73.72,Cybersecurity,3,Beginner,3.625,0.3333333333333333,27,Female,2,1,0,0,0
U02489,3,3,336.1,112.03333333333335,AI/ML,3,Advanced,2.8666666666666667,0.5,18,Male,0,0,1,3,1
U02490,1,1,147.28,147.28,Finance,1,Beginner,3.6,0.0,24,Female,5,1,0,0,0
U02491,5,5,604.3399999999999,120.86799999999998,Data Science,3,Advanced,3.6399999999999997,1.0,17,Female,3,0,0,3,0
U02492,3,3,269.98,89.99333333333334,Finance,3,Beginner,4.266666666666667,0.0,19,Male,5,1,1,2,2
U02493,1,1,153.26,153.26,Web Development,1,Advanced,3.5,1.0,22,Female,7,0,0,3,1
U02494,3,3,269.08,89.69333333333333,Design,2,Beginner,4.366666666666666,0.3333333333333333,32,Male,4,1,1,2,2
U02495,3,3,242.51,80.83666666666666,AI/ML,3,Advanced,3.5666666666666664,0.5,28,Male,0,0,1,3,2
U02496,8,8,985.29,123.16125,Cybersecurity,5,Beginner,3.55,0.5,33,Female,2,1,0,1,0
U02497,5,5,483.1,96.62,Marketing,3,Advanced,4.0200000000000005,1.5,26,Female,6,0,0,3,0
U02498,2,2,210.04000000000002,105.02000000000001,Data Science,2,Advanced,3.15,1.0,20,Female,3,0,0,3,1
U02499,7,7,649.55,92.79285714285713,Business,4,Beginner,3.585714285714286,0.2,28,Male,1,1,1,1,2
U02500,4,4,305.09000000000003,76.27250000000001,Marketing,3,Beginner,3.65,0.0,29,Male,6,1,1,0,2
U02501,5,5,275.3,55.06,Web Development,4,Intermediate,3.28,0.5,16,Female,7,2,0,0,0
U02502,3,3,426.27,142.09,Business,3,Beginner,2.8000000000000003,0.3333333333333333,16,Female,1,1,0,0,0
U02503,4,4,327.28,81.82,AI/ML,4,Advanced,4.25,3.0,16,Female,0,0,0,3,3
U02504,3,3,159.94,53.31333333333333,Data Science,3,Advanced,3.6999999999999997,0.5,34,Female,3,0,0,2,1
U02505,5,5,503.74,100.748,AI/ML,5,Intermediate,3.66,0.5,35,Female,0,2,0,1,0
U02506,4,4,272.59000000000003,68.14750000000001,Web Development,3,Beginner,3.5,0.3333333333333333,16,Female,7,1,0,0,0
U02507,2,2,240.39999999999998,120.19999999999999,Design,2,Beginner,3.9,0.0,32,Female,4,1,0,0,0
U02508,4,4,361.03999999999996,90.25999999999999,Business,4,Beginner,3.375,0.3333333333333333,32,Male,1,1,1,0,2
U02509,2,2,88.11999999999999,44.059999999999995,AI/ML,2,Advanced,4.1,0.5,24,Male,0,0,1,2,1
U02510,3,3,243.41,81.13666666666667,AI/ML,3,Intermediate,3.4333333333333336,0.0,23,Male,0,2,1,0,2
U02511,3,3,315.38,105.12666666666667,AI/ML,2,Advanced,3.3333333333333335,0.5,30,Female,0,0,0,3,0
U02512,1,1,149.98,149.98,Finance,1,Intermediate,3.4,0.0,15,Female,5,2,0,0,0
U02513,5,5,484.62,96.924,Data Science,5,Beginner,3.9200000000000004,0.3333333333333333,23,Male,3,1,1,1,2
U02514,3,3,282.21,94.07,AI/ML,3,Intermediate,4.133333333333334,1.0,17,Male,0,2,1,0,2
U02515,4,4,359.34,89.835,Web Development,3,Intermediate,4.075,0.5,15,Male,7,2,1,0,2
U02516,8,8,639.74,79.9675,Business,5,Beginner,3.2875,0.4,32,Male,1,1,1,1,2
U02517,2,2,254.96,127.48,Data Science,2,Beginner,3.8499999999999996,0.0,30,Female,3,1,0,0,0
U02518,1,1,149.94,149.94,Finance,1,Advanced,4.7,1.0,19,Female,5,0,0,2,1
U02519,7,7,484.01,69.14428571428572,AI/ML,6,Advanced,3.5714285714285716,1.3333333333333333,29,Male,0,0,1,1,0
U02520,5,5,745.1700000000001,149.03400000000002,Cybersecurity,5,Advanced,3.8199999999999994,1.5,29,Male,2,0,1,1,2
U02521,4,4,423.03,105.7575,Cybersecurity,3,Advanced,3.35,1.0,25,Male,2,0,1,3,2
U02522,5,5,271.81,54.362,Design,3,Beginner,3.4,0.25,21,Female,4,1,0,0,0
U02523,3,3,415.4,138.46666666666667,AI/ML,2,Advanced,3.6,0.5,31,Male,0,0,1,3,2
U02524,3,3,329.21000000000004,109.73666666666668,Cybersecurity,3,Beginner,4.066666666666666,0.3333333333333333,32,Male,2,1,1,0,2
U02525,5,5,461.97,92.394,Cybersecurity,5,Advanced,3.46,1.5,25,Male,2,0,1,1,2
U02526,7,7,720.35,102.90714285714286,Cybersecurity,5,Advanced,3.7142857142857144,1.3333333333333333,30,Female,2,0,0,1,0
U02527,5,5,740.78,148.156,Cybersecurity,4,Advanced,4.0200000000000005,2.0,32,Female,2,0,0,1,0
U02528,3,3,271.0,90.33333333333333,Design,3,Advanced,3.766666666666667,1.0,35,Male,4,0,1,3,1
U02529,6,6,501.46999999999997,83.57833333333333,Marketing,4,Advanced,3.266666666666667,1.5,17,Female,6,0,0,1,0
U02530,4,4,496.13,124.0325,AI/ML,3,Intermediate,4.0,0.5,21,Male,0,2,1,0,2
U02531,6,6,388.09000000000003,64.68166666666667,AI/ML,4,Intermediate,3.5500000000000003,0.3333333333333333,22,Female,0,2,0,0,0
U02532,2,2,135.46,67.73,Data Science,2,Advanced,4.4,0.5,26,Male,3,0,1,2,1
U02533,5,5,344.38,68.876,Marketing,4,Intermediate,3.56,0.5,18,Female,6,2,0,0,0
U02534,5,5,595.38,119.076,Marketing,4,Advanced,4.16,1.0,25,Female,6,0,0,1,0
U02535,5,5,485.12,97.024,Cybersecurity,4,Advanced,4.459999999999999,0.6666666666666666,26,Female,2,0,0,1,1
U02536,5,5,628.5,125.7,Cybersecurity,4,Beginner,4.12,0.3333333333333333,16,Male,2,1,1,1,2
U02537,3,3,332.56,110.85333333333334,Cybersecurity,3,Advanced,3.366666666666667,3.0,31,Female,2,0,0,3,3
U02538,3,3,262.28999999999996,87.42999999999999,Business,3,Beginner,4.833333333333333,0.3333333333333333,18,Male,1,1,1,2,2
U02539,3,3,505.51,168.50333333333333,AI/ML,2,Intermediate,3.4,1.0,20,Female,0,2,0,0,0
U02540,4,4,646.6500000000001,161.66250000000002,AI/ML,4,Advanced,4.375,0.6666666666666666,33,Female,0,0,0,1,0
U02541,3,3,285.87,95.29,Web Development,2,Advanced,3.3333333333333335,3.0,18,Female,7,0,0,3,3
U02542,5,5,693.35,138.67000000000002,Web Development,4,Beginner,3.6199999999999997,0.2,35,Female,7,1,0,1,0
U02543,1,1,47.86,47.86,AI/ML,1,Intermediate,4.7,0.0,28,Male,0,2,1,2,1
U02544,5,5,417.47999999999996,83.496,Business,3,Advanced,3.44,1.0,29,Male,1,0,1,3,2
U02545,5,5,633.1,126.62,AI/ML,4,Advanced,3.9799999999999995,0.6666666666666666,16,Female,0,0,0,1,0
U02546,3,3,254.7,84.89999999999999,Design,3,Advanced,4.333333333333333,1.0,27,Female,4,0,0,2,1
U02547,2,2,269.03,134.515,Business,2,Beginner,4.2,0.0,30,Female,1,1,0,0,0
U02548,3,3,301.77,100.58999999999999,Data Science,3,Advanced,3.4,0.5,25,Male,3,0,1,3,2
U02549,3,3,205.56,68.52,Design,3,Advanced,3.9,0.5,27,Male,4,0,1,2,1
U02550,5,5,490.8,98.16,Data Science,4,Advanced,3.3600000000000003,1.5,18,Male,3,0,1,3,2
U02551,7,7,799.9,114.27142857142857,Data Science,5,Beginner,3.2714285714285714,0.4,25,Male,3,1,1,1,0
U02552,3,3,288.63,96.21,Cybersecurity,3,Advanced,3.1999999999999997,3.0,27,Male,2,0,1,3,3
U02553,6,6,803.76,133.96,Business,4,Beginner,4.3500000000000005,0.16666666666666666,35,Female,1,1,0,1,0
U02554,5,5,422.65,84.53,Finance,3,Advanced,4.279999999999999,3.0,32,Male,5,0,1,3,3
U02555,4,4,192.01999999999998,48.004999999999995,AI/ML,3,Advanced,3.625,1.0,15,Male,0,0,1,2,2
U02556,3,3,445.34000000000003,148.4466666666667,Web Development,2,Intermediate,3.4333333333333336,0.0,18,Female,7,2,0,0,0
U02557,1,1,144.71,144.71,Design,1,Beginner,2.6,0.0,25,Female,4,1,0,0,1
U02558,5,5,531.4300000000001,106.28600000000002,AI/ML,5,Beginner,3.6,0.3333333333333333,23,Female,0,1,0,1,0
U02559,3,3,242.16000000000003,80.72000000000001,AI/ML,2,Advanced,3.566666666666667,1.0,33,Female,0,0,0,3,1
U02560,4,4,570.0,142.5,Web Development,3,Beginner,4.025,0.3333333333333333,22,Male,7,1,1,0,2
U02561,4,4,370.05,92.5125,Cybersecurity,3,Advanced,3.75,0.6666666666666666,33,Male,2,0,1,3,2
U02562,7,7,951.96,135.99428571428572,Finance,5,Beginner,3.442857142857143,0.25,18,Male,5,1,1,1,0
U02563,4,4,260.18,65.045,Cybersecurity,3,Advanced,4.025,2.0,27,Male,2,0,1,3,3
U02564,5,5,581.66,116.332,Cybersecurity,3,Advanced,3.8600000000000003,1.0,19,Female,2,0,0,3,0
U02565,4,4,463.27000000000004,115.81750000000001,Data Science,3,Advanced,3.325,0.6666666666666666,32,Male,3,0,1,3,2
U02566,3,3,272.65999999999997,90.88666666666666,Data Science,2,Advanced,4.3,2.0,30,Female,3,0,0,3,3
U02567,4,4,391.80999999999995,97.95249999999999,Cybersecurity,3,Beginner,3.9,0.3333333333333333,35,Male,2,1,1,0,2
U02568,6,6,814.56,135.76,Cybersecurity,4,Advanced,3.733333333333334,1.0,33,Female,2,0,0,1,0
U02569,6,5,420.24,70.04,AI/ML,4,Advanced,3.6333333333333333,2.0,35,Female,0,0,0,3,0
U02570,2,2,102.21000000000001,51.105000000000004,Finance,2,Beginner,4.45,0.0,25,Female,5,1,0,2,1
U02571,3,3,422.28,140.76,AI/ML,2,Advanced,3.1666666666666665,3.0,20,Female,0,0,0,3,3
U02572,2,2,147.67,73.835,Cybersecurity,2,Advanced,3.2,1.0,33,Female,2,0,0,2,1
U02573,6,6,533.2,88.86666666666667,Marketing,5,Advanced,4.0,1.5,28,Female,6,0,0,1,0
U02574,1,1,34.22,34.22,AI/ML,1,Intermediate,3.5,0.0,24,Male,0,2,1,2,1
U02575,4,4,531.38,132.845,Design,3,Advanced,3.475,2.0,30,Female,4,0,0,3,0
U02576,3,3,132.57000000000002,44.190000000000005,Cybersecurity,3,Intermediate,4.233333333333333,0.0,17,Female,2,2,0,2,1
U02577,3,3,399.58,133.19333333333333,Cybersecurity,3,Advanced,4.5,0.5,21,Female,2,0,0,3,1
U02578,3,3,240.14999999999998,80.05,Business,3,Advanced,4.233333333333333,0.5,15,Male,1,0,1,2,2
U02579,4,4,446.3,111.575,AI/ML,4,Beginner,3.75,0.0,28,Female,0,1,0,0,0
U02580,8,8,982.44,122.805,Data Science,5,Intermediate,3.6125,0.6666666666666666,17,Female,3,2,0,1,0
U02581,4,4,536.8000000000001,134.20000000000002,Cybersecurity,3,Advanced,3.875,1.0,22,Female,2,0,0,3,0
U02582,3,3,318.04999999999995,106.01666666666665,AI/ML,3,Intermediate,4.533333333333333,0.0,23,Male,0,2,1,0,2
U02583,7,7,487.9,69.7,Marketing,5,Beginner,3.9,0.5,33,Male,6,1,1,1,0
U02584,8,8,814.63,101.82875,Marketing,7,Advanced,4.275,0.75,20,Male,6,0,1,1,0
U02585,2,2,349.15,174.575,AI/ML,2,Advanced,3.4,0.5,32,Male,0,0,1,3,2
U02586,6,6,535.35,89.22500000000001,Cybersecurity,3,Advanced,3.533333333333333,1.5,23,Male,2,0,1,3,0
U02587,1,1,120.28,120.28,Marketing,1,Beginner,3.2,0.0,30,Male,6,1,1,2,2
U02588,3,3,335.23,111.74333333333334,Design,3,Intermediate,3.766666666666667,0.0,18,Male,4,2,1,0,2
U02589,5,5,457.79,91.558,Business,5,Advanced,3.7600000000000002,1.5,26,Female,1,0,0,1,0
U02590,4,4,596.54,149.135,AI/ML,3,Beginner,4.05,0.3333333333333333,20,Male,0,1,1,0,2
U02591,3,3,273.14,91.04666666666667,Business,3,Intermediate,3.466666666666667,0.0,33,Male,1,2,1,0,2
U02592,3,3,244.56,81.52,Finance,2,Intermediate,3.5,0.0,15,Male,5,2,1,0,2
U02593,4,4,462.09000000000003,115.52250000000001,AI/ML,3,Advanced,3.95,2.0,16,Male,0,0,1,3,2
U02594,2,2,37.209999999999994,18.604999999999997,Design,1,Beginner,4.15,0.0,18,Female,4,1,0,2,1
U02595,5,5,261.54,52.30800000000001,AI/ML,5,Beginner,4.0,0.2,17,Male,0,1,1,1,2
U02596,4,4,375.48,93.87,AI/ML,4,Advanced,4.3,1.0,19,Female,0,0,0,3,0
U02597,5,5,450.5,90.1,Business,3,Intermediate,3.6799999999999997,0.0,17,Female,1,2,0,0,0
U02598,3,3,430.49,143.49666666666667,AI/ML,3,Advanced,3.633333333333333,2.0,25,Female,0,0,0,3,3
U02599,4,4,439.34000000000003,109.83500000000001,Business,4,Beginner,4.025,0.0,33,Female,1,1,0,0,0
U02600,4,4,165.17000000000002,41.292500000000004,Design,3,Beginner,4.1,0.25,17,Male,4,1,1,2,2
U02601,6,6,470.51,78.41833333333334,Finance,3,Beginner,4.016666666666667,0.5,19,Female,5,1,0,1,0
U02602,3,3,194.99,64.99666666666667,Business,3,Beginner,3.266666666666667,0.3333333333333333,33,Male,1,1,1,2,2
U02603,5,5,446.17,89.23400000000001,Marketing,4,Beginner,4.2,0.5,31,Female,6,1,0,1,0
U02604,2,2,138.48000000000002,69.24000000000001,AI/ML,2,Intermediate,3.55,0.0,16,Male,0,2,1,2,2
U02605,2,2,245.44,122.72,Cybersecurity,2,Advanced,3.8,1.0,22,Male,2,0,1,3,2
U02606,2,2,203.35,101.675,AI/ML,2,Advanced,3.15,1.0,24,Male,0,0,1,3,1
U02607,2,2,323.78,161.89,Design,2,Beginner,3.85,0.0,22,Male,4,1,1,0,2
U02608,3,3,331.63,110.54333333333334,Business,3,Intermediate,3.233333333333334,0.0,30,Male,1,2,1,0,2
U02609,4,4,426.38,106.595,AI/ML,2,Advanced,3.725,0.6666666666666666,15,Male,0,0,1,3,2
U02610,2,2,27.549999999999997,13.774999999999999,AI/ML,2,Advanced,3.6500000000000004,1.0,19,Male,0,0,1,2,1
U02611,3,3,122.28,40.76,AI/ML,3,Intermediate,3.266666666666667,0.0,17,Female,0,2,0,2,1
U02612,5,5,481.93,96.386,AI/ML,3,Beginner,3.06,0.25,22,Male,0,1,1,0,2
U02613,4,4,159.35000000000002,39.837500000000006,Cybersecurity,4,Beginner,3.4749999999999996,0.0,23,Female,2,1,0,2,1
U02614,1,1,146.55,146.55,Marketing,1,Advanced,4.5,1.0,30,Female,6,0,0,2,1
U02615,5,5,457.08,91.416,Finance,4,Beginner,3.9200000000000004,0.3333333333333333,33,Male,5,1,1,1,2
U02616,3,3,322.93,107.64333333333333,Business,3,Advanced,3.6,2.0,19,Female,1,0,0,3,3
U02617,2,2,384.78999999999996,192.39499999999998,Data Science,2,Intermediate,3.0999999999999996,0.0,23,Female,3,2,0,0,0
U02618,4,4,406.06,101.515,Cybersecurity,3,Beginner,4.05,0.3333333333333333,23,Male,2,1,1,0,2
U02619,4,4,445.46999999999997,111.36749999999999,Web Development,3,Advanced,3.675,1.0,24,Female,7,0,0,3,0
U02620,4,4,248.81,62.2025,Cybersecurity,4,Intermediate,3.9,0.5,30,Female,2,2,0,0,0
U02621,5,5,454.91,90.982,Web Development,4,Advanced,4.4799999999999995,1.0,34,Female,7,0,0,1,3
U02622,6,6,626.0999999999999,104.34999999999998,Data Science,4,Intermediate,3.733333333333333,0.5,32,Female,3,2,0,1,0
U02623,3,3,250.36,83.45333333333333,Cybersecurity,3,Advanced,3.3000000000000003,0.5,32,Female,2,0,0,3,1
U02624,5,5,400.58,80.116,Design,3,Advanced,3.9200000000000004,0.6666666666666666,16,Female,4,0,0,3,0
U02625,5,5,279.14,55.827999999999996,Finance,4,Advanced,3.72,1.5,22,Female,5,0,0,3,0
U02626,5,5,576.36,115.272,Data Science,2,Advanced,4.0200000000000005,1.5,21,Female,3,0,0,3,0
U02627,3,3,418.79,139.59666666666666,Business,2,Beginner,3.3000000000000003,0.0,26,Female,1,1,0,0,0
U02628,5,5,412.44,82.488,Data Science,3,Intermediate,2.86,0.5,33,Female,3,2,0,0,0
U02629,3,3,209.74,69.91333333333334,Design,3,Advanced,3.533333333333333,2.0,35,Female,4,0,0,3,1
U02630,4,4,418.22,104.555,AI/ML,3,Intermediate,3.1750000000000003,0.5,20,Male,0,2,1,0,2
U02631,8,8,506.70000000000005,63.337500000000006,AI/ML,6,Advanced,3.5125,1.0,23,Male,0,0,1,1,0
U02632,2,2,166.76999999999998,83.38499999999999,Data Science,2,Advanced,3.0,0.5,22,Female,3,0,0,2,1
U02633,5,5,663.26,132.652,AI/ML,4,Beginner,4.2,0.25,19,Female,0,1,0,1,0
U02634,1,1,80.51,80.51,Design,1,Beginner,3.1,0.0,29,Female,4,1,0,2,1
U02635,1,1,169.96,169.96,Web Development,1,Beginner,4.4,0.0,16,Male,7,1,1,2,1
U02636,3,3,162.69,54.23,Business,3,Advanced,3.3333333333333335,1.0,20,Male,1,0,1,2,1
U02637,4,4,381.93,95.4825,Data Science,3,Intermediate,3.375,0.5,28,Male,3,2,1,0,2
U02638,2,2,189.03,94.515,Business,2,Advanced,4.15,2.0,31,Female,1,0,0,3,3
U02639,4,4,528.06,132.015,Cybersecurity,4,Intermediate,3.1750000000000003,0.0,22,Female,2,2,0,0,0
U02640,5,4,692.03,138.406,Cybersecurity,3,Beginner,3.5,0.3333333333333333,34,Female,2,1,0,1,0
U02641,3,3,432.16999999999996,144.05666666666664,Cybersecurity,3,Advanced,3.3333333333333335,1.0,30,Male,2,0,1,3,2
U02642,2,2,194.44,97.22,Finance,2,Advanced,4.25,1.0,33,Male,5,0,1,2,1
U02643,3,3,393.34000000000003,131.11333333333334,Finance,2,Beginner,4.266666666666667,0.0,17,Female,5,1,0,0,0
U02644,3,3,158.43,52.81,Cybersecurity,3,Intermediate,2.8666666666666667,1.0,23,Male,2,2,1,0,2
U02645,2,2,246.74,123.37,Cybersecurity,2,Advanced,3.6,0.5,26,Female,2,0,0,3,1
U02646,4,4,385.52,96.38,AI/ML,4,Advanced,3.2,0.6666666666666666,26,Male,0,0,1,3,2
U02647,3,3,384.1,128.03333333333333,Marketing,2,Advanced,3.8000000000000003,0.5,20,Female,6,0,0,3,0
U02648,4,4,252.88,63.22,Data Science,3,Beginner,3.45,0.25,28,Female,3,1,0,0,1
U02649,5,5,526.32,105.26400000000001,Finance,4,Intermediate,4.04,0.0,34,Female,5,2,0,0,0
U02650,4,4,398.34,99.585,Business,4,Advanced,3.95,0.6666666666666666,29,Female,1,0,0,3,0
U02651,2,2,17.54,8.77,AI/ML,2,Advanced,3.55,2.0,16,Female,0,0,0,2,1
U02652,2,2,187.31,93.655,Business,2,Advanced,4.5,0.5,15,Male,1,0,1,2,2
U02653,4,4,340.3,85.075,Business,3,Advanced,3.8499999999999996,0.6666666666666666,34,Male,1,0,1,3,2
U02654,3,3,277.72,92.57333333333334,Business,3,Beginner,2.733333333333333,0.3333333333333333,27,Male,1,1,1,0,2
U02655,3,3,263.0,87.66666666666667,Data Science,3,Advanced,3.8000000000000003,2.0,32,Male,3,0,1,3,3
U02656,5,5,491.68,98.336,AI/ML,4,Advanced,3.28,3.0,34,Female,0,0,0,3,0
U02657,1,1,97.26,97.26,Data Science,1,Intermediate,3.2,0.0,31,Male,3,2,1,2,1
U02658,7,6,723.9599999999999,103.42285714285713,AI/ML,5,Beginner,3.7428571428571433,0.5,30,Male,0,1,1,1,2
U02659,1,1,57.32,57.32,Business,1,Beginner,4.4,0.0,17,Male,1,1,1,2,1
U02660,2,2,130.06,65.03,AI/ML,2,Beginner,4.45,0.0,31,Female,0,1,0,2,1
U02661,3,3,384.73,128.24333333333334,AI/ML,3,Advanced,4.333333333333333,0.5,27,Male,0,0,1,3,2
U02662,2,2,318.94,159.47,Data Science,1,Advanced,4.45,2.0,32,Male,3,0,1,3,2
U02663,5,5,551.88,110.376,AI/ML,4,Advanced,3.4200000000000004,3.0,27,Female,0,0,0,3,0
U02664,7,7,1019.76,145.68,Finance,5,Advanced,4.071428571428571,2.0,22,Female,5,0,0,1,0
U02665,5,5,676.57,135.31400000000002,Marketing,3,Advanced,4.14,0.6666666666666666,21,Female,6,0,0,1,0
U02666,7,7,729.78,104.25428571428571,Marketing,5,Intermediate,3.7,1.0,19,Male,6,2,1,1,2
U02667,2,2,190.1,95.05,Business,2,Beginner,3.0,0.0,22,Female,1,1,0,0,1
U02668,2,2,120.35999999999999,60.17999999999999,Cybersecurity,2,Beginner,4.35,0.0,26,Male,2,1,1,2,1
U02669,4,4,449.68,112.42,Design,3,Advanced,4.125,1.0,25,Male,4,0,1,3,2
U02670,6,6,787.6500000000001,131.275,Data Science,5,Advanced,4.05,0.6666666666666666,25,Female,3,0,0,1,0
U02671,4,4,496.75,124.1875,Cybersecurity,3,Advanced,3.875,1.0,15,Female,2,0,0,3,0
U02672,5,5,518.51,103.702,Data Science,3,Intermediate,3.22,2.0,32,Male,3,2,1,0,2
U02673,2,2,236.92000000000002,118.46000000000001,Data Science,2,Advanced,3.25,2.0,19,Female,3,0,0,3,3
U02674,4,4,477.99,119.4975,Data Science,3,Beginner,3.3,0.3333333333333333,28,Female,3,1,0,0,0
U02675,6,6,780.4300000000001,130.0716666666667,Data Science,4,Advanced,3.716666666666667,1.0,34,Female,3,0,0,1,0
U02676,7,7,824.12,117.73142857142857,Business,5,Intermediate,3.414285714285714,0.6666666666666666,15,Male,1,2,1,1,2
U02677,2,2,203.61,101.805,Design,2,Advanced,3.9,2.0,33,Male,4,0,1,3,3
U02678,3,3,405.47,135.15666666666667,Web Development,2,Advanced,3.7000000000000006,0.5,19,Female,7,0,0,3,0
U02679,4,4,280.06,70.015,Design,3,Intermediate,3.475,0.0,18,Male,4,2,1,0,2
U02680,3,3,373.15,124.38333333333333,Cybersecurity,3,Advanced,3.733333333333333,3.0,19,Female,2,0,0,3,3
U02681,2,2,285.77,142.885,Business,2,Advanced,3.65,0.5,33,Male,1,0,1,3,2
U02682,4,4,428.54999999999995,107.13749999999999,Design,3,Beginner,3.125,0.0,35,Female,4,1,0,0,0
U02683,5,5,353.51,70.702,Web Development,4,Advanced,4.38,1.0,28,Male,7,0,1,1,2
U02684,1,1,95.78,95.78,Cybersecurity,1,Advanced,4.0,1.0,28,Male,2,0,1,2,1
U02685,5,5,702.03,140.406,Business,4,Advanced,4.3,1.5,27,Female,1,0,0,1,0
U02686,4,4,400.74,100.185,Design,3,Beginner,4.225,0.3333333333333333,19,Female,4,1,0,0,0
U02687,3,3,237.93,79.31,Cybersecurity,3,Beginner,3.9666666666666663,0.3333333333333333,34,Male,2,1,1,2,2
U02688,1,1,68.94,68.94,Marketing,1,Advanced,4.9,1.0,26,Female,6,0,0,2,1
U02689,4,4,441.93,110.4825,AI/ML,4,Advanced,3.9250000000000003,0.6666666666666666,27,Male,0,0,1,3,2
U02690,3,3,293.28000000000003,97.76,Business,3,Advanced,3.766666666666667,2.0,24,Male,1,0,1,3,3
U02691,4,4,661.94,165.485,Design,2,Advanced,3.8,1.0,19,Female,4,0,0,3,0
U02692,2,2,99.39,49.695,Design,2,Advanced,3.55,0.5,23,Male,4,0,1,2,1
U02693,1,1,8.59,8.59,Design,1,Advanced,4.0,1.0,19,Male,4,0,1,2,1
U02694,3,3,383.24,127.74666666666667,Cybersecurity,3,Beginner,3.9333333333333336,0.3333333333333333,30,Female,2,1,0,0,0
U02695,4,4,521.23,130.3075,AI/ML,2,Intermediate,3.575,0.5,30,Male,0,2,1,0,2
U02696,2,2,305.27,152.635,Design,2,Advanced,3.9,0.5,25,Female,4,0,0,3,1
U02697,2,2,91.16,45.58,Finance,2,Advanced,3.8000000000000003,1.0,22,Female,5,0,0,2,1
U02698,1,1,108.95,108.95,Design,1,Beginner,4.2,0.0,18,Female,4,1,0,2,1
U02699,3,3,418.31,139.43666666666667,Design,2,Beginner,3.5333333333333337,0.3333333333333333,16,Female,4,1,0,0,0
U02700,3,3,332.53,110.84333333333332,Cybersecurity,2,Intermediate,3.6666666666666665,1.0,18,Female,2,2,0,0,1
U02701,1,1,6.47,6.47,Marketing,1,Advanced,3.8,1.0,23,Female,6,0,0,2,1
U02702,2,2,179.5,89.75,Data Science,2,Advanced,3.1500000000000004,1.0,15,Male,3,0,1,2,1
U02703,3,3,31.65,10.549999999999999,Web Development,2,Advanced,3.6,2.0,30,Male,7,0,1,2,3
U02704,3,3,380.80000000000007,126.93333333333335,Data Science,3,Advanced,3.8333333333333335,0.5,23,Female,3,0,0,3,1
U02705,4,4,507.71,126.9275,AI/ML,4,Intermediate,3.925,0.5,31,Male,0,2,1,0,2
U02706,4,4,428.96000000000004,107.24000000000001,Marketing,3,Intermediate,3.5500000000000003,0.5,21,Female,6,2,0,0,0
U02707,4,4,243.72,60.93,Web Development,3,Beginner,3.575,0.25,19,Female,7,1,0,2,0
U02708,4,4,253.32999999999998,63.332499999999996,Data Science,3,Beginner,3.275,0.3333333333333333,25,Male,3,1,1,0,2
U02709,3,3,170.44,56.81333333333333,Web Development,2,Intermediate,3.933333333333333,0.0,19,Female,7,2,0,2,0
U02710,3,3,399.05,133.01666666666668,Design,2,Beginner,4.0,0.0,23,Female,4,1,0,0,0
U02711,5,5,584.17,116.83399999999999,Design,3,Beginner,3.66,0.25,20,Male,4,1,1,0,2
U02712,3,3,284.04,94.68,Data Science,2,Beginner,3.4333333333333336,0.3333333333333333,34,Female,3,1,0,0,1
U02713,7,7,465.24,66.46285714285715,AI/ML,4,Advanced,3.6571428571428575,2.5,32,Female,0,0,0,3,0
U02714,5,5,239.94,47.988,AI/ML,4,Advanced,3.08,1.5,17,Male,0,0,1,3,2
U02715,4,4,381.51,95.3775,Cybersecurity,4,Advanced,4.25,3.0,22,Male,2,0,1,3,3
U02716,8,8,763.1,95.3875,Data Science,6,Beginner,4.075,0.4,27,Female,3,1,0,1,0
U02717,3,3,247.01,82.33666666666666,Marketing,2,Advanced,4.266666666666667,1.0,31,Male,6,0,1,2,1
U02718,6,6,843.77,140.62833333333333,Data Science,4,Advanced,3.983333333333333,0.75,27,Male,3,0,1,1,2
U02719,5,5,290.93,58.186,Business,5,Advanced,4.0600000000000005,3.0,29,Male,1,0,1,3,3
U02720,6,6,592.36,98.72666666666667,Data Science,5,Intermediate,3.3000000000000003,0.3333333333333333,22,Male,3,2,1,1,2
U02721,2,2,229.26,114.63,Design,2,Beginner,3.65,0.0,26,Male,4,1,1,0,2
U02722,4,4,643.98,160.995,AI/ML,4,Beginner,4.225,0.0,23,Female,0,1,0,0,0
U02723,4,4,479.08000000000004,119.77000000000001,AI/ML,4,Beginner,3.85,0.3333333333333333,25,Female,0,1,0,0,0
U02724,4,4,568.6600000000001,142.16500000000002,AI/ML,4,Advanced,4.075,2.0,35,Male,0,0,1,3,2
U02725,5,5,649.5999999999999,129.92,AI/ML,5,Beginner,3.5200000000000005,0.3333333333333333,23,Male,0,1,1,1,2
U02726,2,2,116.5,58.25,AI/ML,2,Advanced,3.9000000000000004,1.0,25,Female,0,0,0,2,1
U02727,4,4,228.40999999999997,57.10249999999999,Data Science,3,Advanced,3.75,2.0,34,Male,3,0,1,3,3
U02728,4,4,539.95,134.9875,AI/ML,4,Advanced,4.275,2.0,33,Female,0,0,0,3,3
U02729,6,6,451.08,75.17999999999999,AI/ML,4,Advanced,4.183333333333334,1.5,20,Male,0,0,1,1,2
U02730,8,8,507.35999999999996,63.419999999999995,AI/ML,4,Intermediate,3.4125,0.3333333333333333,27,Female,0,2,0,1,0
U02731,6,6,614.9,102.48333333333333,Data Science,5,Intermediate,4.166666666666667,1.0,26,Male,3,2,1,1,2
U02732,4,4,349.61,87.4025,Data Science,3,Beginner,3.6750000000000003,0.3333333333333333,26,Male,3,1,1,0,2
U02733,2,2,154.81,77.405,Business,1,Advanced,3.0,2.0,31,Male,1,0,1,3,1
U02734,5,5,414.47,82.894,Cybersecurity,4,Advanced,3.88,4.0,15,Female,2,0,0,3,3
U02735,3,3,459.96000000000004,153.32000000000002,Business,3,Beginner,3.8333333333333335,0.0,34,Female,1,1,0,0,0
U02736,2,2,232.14999999999998,116.07499999999999,Cybersecurity,2,Advanced,4.15,2.0,15,Male,2,0,1,3,2
U02737,7,7,586.4200000000001,83.77428571428572,Finance,6,Advanced,3.6142857142857143,2.0,23,Male,5,0,1,1,0
U02738,3,3,310.97,103.65666666666668,Cybersecurity,3,Intermediate,4.1000000000000005,0.0,16,Female,2,2,0,0,1
U02739,5,5,411.33,82.26599999999999,Web Development,4,Advanced,4.0200000000000005,1.0,15,Female,7,0,0,1,0
U02740,5,5,437.06,87.412,AI/ML,3,Advanced,3.7600000000000002,1.5,31,Male,0,0,1,3,2
U02741,5,5,520.64,104.128,Marketing,2,Beginner,3.6799999999999997,0.25,18,Male,6,1,1,0,2
U02742,3,3,215.98000000000002,71.99333333333334,Business,3,Beginner,3.6666666666666665,0.0,25,Female,1,1,0,2,1
U02743,4,4,133.17,33.2925,Cybersecurity,4,Beginner,3.8000000000000003,0.25,33,Male,2,1,1,2,2
U02744,3,3,283.88,94.62666666666667,Business,3,Beginner,3.766666666666667,0.3333333333333333,24,Female,1,1,0,0,1
U02745,5,5,392.49,78.498,Data Science,3,Intermediate,3.4200000000000004,0.5,18,Female,3,2,0,0,0
U02746,2,2,198.36,99.18,Cybersecurity,2,Advanced,3.05,1.0,28,Male,2,0,1,3,1
U02747,2,2,125.25999999999999,62.629999999999995,Data Science,2,Advanced,3.85,0.5,30,Male,3,0,1,2,1
U02748,5,5,545.61,109.122,Marketing,4,Beginner,3.44,0.25,27,Female,6,1,0,1,0
U02749,4,4,438.7,109.675,Marketing,3,Beginner,4.2,0.0,30,Male,6,1,1,0,2
U02750,5,5,648.17,129.634,Web Development,4,Advanced,3.28,1.0,23,Female,7,0,0,1,0
U02751,4,4,411.74,102.935,Cybersecurity,3,Advanced,4.1,1.0,24,Female,2,0,0,3,1
U02752,3,3,276.45,92.14999999999999,Web Development,2,Advanced,3.5666666666666664,0.5,32,Female,7,0,0,2,1
U02753,6,6,720.04,120.00666666666666,AI/ML,5,Beginner,3.4499999999999997,0.0,26,Female,0,1,0,1,0
U02754,4,4,110.89,27.7225,AI/ML,4,Advanced,3.75,3.0,34,Male,0,0,1,3,3
U02755,4,4,485.8,121.45,AI/ML,4,Advanced,3.6500000000000004,0.6666666666666666,30,Female,0,0,0,3,0
U02756,3,3,308.86,102.95333333333333,Cybersecurity,3,Advanced,4.5,0.5,32,Female,2,0,0,3,1
U02757,6,6,667.8699999999999,111.31166666666665,Data Science,3,Intermediate,3.6833333333333336,1.0,16,Male,3,2,1,1,2
U02758,4,4,242.76,60.69,Cybersecurity,4,Intermediate,3.95,0.5,25,Female,2,2,0,0,0
U02759,6,6,406.8,67.8,AI/ML,4,Advanced,4.016666666666667,1.3333333333333333,20,Female,0,0,0,1,0
U02760,4,4,520.86,130.215,AI/ML,3,Intermediate,4.2,0.5,31,Male,0,2,1,0,2
U02761,2,2,104.89,52.445,Finance,2,Intermediate,4.0,0.0,31,Female,5,2,0,2,1
U02762,2,2,182.67,91.335,Design,2,Advanced,4.75,0.5,21,Female,4,0,0,2,1
U02763,2,2,175.79999999999998,87.89999999999999,Data Science,2,Advanced,3.05,2.0,28,Male,3,0,1,3,1
U02764,2,2,253.13,126.565,Cybersecurity,2,Advanced,4.0,2.0,32,Male,2,0,1,3,3
U02765,4,4,480.06,120.015,Marketing,3,Intermediate,4.0249999999999995,0.5,21,Male,6,2,1,0,2
U02766,4,4,458.83,114.7075,Business,3,Beginner,4.2,0.0,19,Male,1,1,1,0,2
U02767,2,2,212.55,106.275,Design,2,Advanced,4.25,2.0,31,Male,4,0,1,3,3
U02768,3,3,219.72,73.24,AI/ML,3,Intermediate,3.266666666666667,1.0,34,Female,0,2,0,0,0
U02769,6,6,806.26,134.37666666666667,AI/ML,6,Advanced,3.766666666666667,1.3333333333333333,19,Male,0,0,1,1,2
U02770,4,4,340.35,85.0875,AI/ML,4,Intermediate,4.075,0.5,31,Male,0,2,1,0,2
U02771,4,4,247.88000000000002,61.970000000000006,Data Science,3,Beginner,2.95,0.3333333333333333,18,Female,3,1,0,0,1
U02772,4,4,305.01,76.2525,Web Development,3,Intermediate,4.075,0.5,31,Male,7,2,1,0,2
U02773,2,2,275.94,137.97,Cybersecurity,2,Beginner,3.95,0.0,26,Male,2,1,1,0,2
U02774,7,7,655.28,93.61142857142856,Design,5,Intermediate,3.1142857142857143,0.6666666666666666,19,Male,4,2,1,1,2
U02775,4,4,536.74,134.185,Marketing,3,Intermediate,3.9,0.0,24,Female,6,2,0,0,0
U02776,3,3,290.82,96.94,Marketing,2,Beginner,3.466666666666667,0.0,20,Female,6,1,0,0,0
U02777,4,4,344.13,86.0325,Data Science,4,Beginner,3.825,0.3333333333333333,27,Male,3,1,1,0,2
U02778,5,5,597.02,119.404,Design,3,Advanced,3.1,1.0,29,Male,4,0,1,3,2
U02779,5,5,387.18,77.436,AI/ML,5,Beginner,4.0600000000000005,0.0,19,Female,0,1,0,1,0
U02780,6,6,792.8399999999999,132.14,Marketing,5,Intermediate,3.85,2.0,26,Female,6,2,0,1,2
U02781,3,3,425.82,141.94,Business,3,Advanced,3.4333333333333336,0.5,24,Female,1,0,0,3,1
U02782,6,6,605.99,100.99833333333333,Design,4,Intermediate,3.6833333333333336,0.3333333333333333,25,Male,4,2,1,1,2
U02783,5,5,645.62,129.124,Finance,3,Beginner,3.6799999999999997,0.2,30,Female,5,1,0,1,0
U02784,3,3,372.42,124.14,AI/ML,3,Advanced,4.3999999999999995,2.0,23,Male,0,0,1,3,2
U02785,3,3,219.97,73.32333333333334,AI/ML,3,Intermediate,3.5,1.0,25,Female,0,2,0,0,1
U02786,2,2,217.02,108.51,Finance,2,Beginner,4.0,0.0,25,Male,5,1,1,2,2
U02787,7,7,670.02,95.71714285714286,Finance,6,Beginner,3.2142857142857144,0.2,21,Male,5,1,1,1,0
U02788,4,4,481.06,120.265,Business,4,Beginner,3.9749999999999996,0.0,20,Female,1,1,0,0,0
U02789,3,3,328.62,109.54,AI/ML,2,Intermediate,3.6666666666666665,0.0,21,Male,0,2,1,0,2
U02790,2,2,275.35,137.675,Cybersecurity,2,Beginner,3.05,0.0,25,Male,2,1,1,0,1
U02791,3,3,409.81,136.60333333333332,Data Science,3,Beginner,4.5,0.0,27,Male,3,1,1,0,2
U02792,3,3,324.78,108.25999999999999,Cybersecurity,3,Advanced,3.266666666666667,0.5,27,Female,2,0,0,3,1
U02793,4,4,391.30999999999995,97.82749999999999,Cybersecurity,3,Beginner,3.65,0.3333333333333333,22,Female,2,1,0,0,0
U02794,2,2,191.64,95.82,Cybersecurity,2,Beginner,3.7,0.0,33,Female,2,1,0,2,0
U02795,5,5,598.36,119.672,Design,4,Beginner,3.72,0.5,31,Male,4,1,1,1,2
U02796,2,2,249.8,124.9,AI/ML,2,Advanced,3.95,0.5,33,Male,0,0,1,3,1
U02797,4,4,484.7,121.175,Web Development,3,Beginner,3.85,0.0,34,Male,7,1,1,0,2
U02798,3,3,135.1,45.03333333333333,AI/ML,3,Beginner,3.233333333333333,0.3333333333333333,28,Female,0,1,0,2,1
U02799,4,4,208.99,52.2475,Finance,3,Advanced,4.0,0.6666666666666666,17,Male,5,0,1,2,1
U02800,5,5,539.41,107.88199999999999,Cybersecurity,3,Beginner,3.56,0.3333333333333333,34,Male,2,1,1,0,2
U02801,4,4,557.38,139.345,Data Science,3,Beginner,3.9,0.25,15,Female,3,1,0,0,0
U02802,8,8,805.68,100.71,Business,7,Beginner,3.85,0.5,15,Female,1,1,0,1,0
U02803,5,5,465.82,93.164,Data Science,3,Advanced,3.5799999999999996,0.6666666666666666,26,Male,3,0,1,3,2
U02804,3,3,344.58,114.86,Finance,3,Advanced,4.0,0.5,24,Male,5,0,1,3,2
U02805,4,4,533.1,133.275,Design,3,Intermediate,3.9,0.0,16,Male,4,2,1,0,2
U02806,3,3,350.36,116.78666666666668,Cybersecurity,2,Advanced,3.233333333333333,1.0,28,Male,2,0,1,3,2
U02807,1,1,64.61,64.61,Web Development,1,Intermediate,4.2,0.0,18,Female,7,2,0,2,1
U02808,2,2,160.26,80.13,Business,2,Advanced,3.0999999999999996,0.5,35,Male,1,0,1,2,1
U02809,1,1,144.27,144.27,Marketing,1,Advanced,4.8,1.0,32,Male,6,0,1,2,1
U02810,4,4,295.31,73.8275,Web Development,3,Beginner,4.275,0.25,18,Female,7,1,0,2,0
U02811,2,2,353.05,176.525,Data Science,2,Advanced,4.65,0.5,21,Male,3,0,1,3,1
U02812,3,3,317.06,105.68666666666667,Cybersecurity,2,Intermediate,2.966666666666667,0.0,17,Male,2,2,1,0,2
U02813,4,4,518.76,129.69,Data Science,3,Intermediate,3.7,0.0,27,Male,3,2,1,0,2
U02814,3,3,495.78,165.26,Cybersecurity,2,Advanced,3.866666666666667,2.0,27,Female,2,0,0,3,3
U02815,3,3,307.97,102.65666666666668,Business,3,Intermediate,2.8333333333333335,1.0,15,Female,1,2,0,0,1
U02816,3,3,295.85,98.61666666666667,Marketing,2,Beginner,3.6999999999999997,0.3333333333333333,25,Male,6,1,1,2,2
U02817,5,5,603.13,120.626,Marketing,3,Advanced,4.08,1.0,33,Male,6,0,1,1,2
U02818,2,2,116.80000000000001,58.400000000000006,Design,2,Advanced,4.6,2.0,32,Male,4,0,1,2,1
U02819,5,5,467.21,93.442,AI/ML,4,Advanced,3.8600000000000003,1.5,20,Female,0,0,0,3,0
U02820,4,4,503.86,125.965,Cybersecurity,2,Intermediate,4.025,0.0,30,Male,2,2,1,0,2
U02821,3,3,253.87,84.62333333333333,AI/ML,3,Advanced,3.733333333333333,2.0,27,Male,0,0,1,3,3
U02822,5,5,497.81,99.562,Design,4,Advanced,3.44,1.0,15,Male,4,0,1,1,2
U02823,5,5,454.04999999999995,90.80999999999999,AI/ML,5,Advanced,3.7,1.5,31,Male,0,0,1,1,2
U02824,2,2,200.6,100.3,Business,2,Beginner,4.25,0.0,28,Female,1,1,0,2,1
U02825,4,4,365.53,91.3825,Marketing,3,Advanced,3.25,1.0,34,Male,6,0,1,3,1
U02826,3,3,322.65999999999997,107.55333333333333,Business,3,Advanced,3.1666666666666665,0.5,25,Male,1,0,1,3,2
U02827,2,2,239.54999999999998,119.77499999999999,AI/ML,2,Beginner,3.9,0.0,17,Male,0,1,1,0,2
U02828,1,1,171.86,171.86,Web Development,1,Intermediate,3.2,0.0,32,Female,7,2,0,0,1
U02829,4,4,414.98,103.745,Marketing,3,Beginner,4.05,0.3333333333333333,19,Female,6,1,0,0,0
U02830,5,5,367.66999999999996,73.53399999999999,Cybersecurity,4,Advanced,3.9800000000000004,1.5,34,Female,2,0,0,3,3
U02831,5,5,788.4200000000001,157.68400000000003,Web Development,4,Advanced,3.6799999999999997,0.6666666666666666,22,Female,7,0,0,1,0
U02832,2,2,128.01999999999998,64.00999999999999,Design,2,Beginner,4.550000000000001,0.0,31,Male,4,1,1,2,1
U02833,2,2,220.74,110.37,Cybersecurity,2,Advanced,3.5999999999999996,1.0,21,Female,2,0,0,3,1
U02834,1,1,156.34,156.34,Business,1,Advanced,2.7,1.0,17,Male,1,0,1,3,1
U02835,1,1,190.54,190.54,Design,1,Beginner,4.9,0.0,31,Male,4,1,1,0,1
U02836,3,3,179.26,59.75333333333333,Cybersecurity,1,Beginner,4.1000000000000005,0.0,17,Female,2,1,0,2,1
U02837,5,5,353.23,70.646,Design,3,Advanced,4.0,0.6666666666666666,31,Male,4,0,1,3,1
U02838,1,1,99.49,99.49,Cybersecurity,1,Beginner,3.0,0.0,35,Male,2,1,1,2,1
U02839,4,4,553.79,138.4475,Marketing,3,Beginner,3.95,0.0,18,Female,6,1,0,0,0
U02840,5,5,461.26,92.252,Finance,4,Advanced,3.3600000000000003,1.0,29,Female,5,0,0,1,0
U02841,7,7,451.01,64.42999999999999,Business,5,Advanced,3.6285714285714286,1.3333333333333333,27,Female,1,0,0,1,0
U02842,1,1,49.93,49.93,Cybersecurity,1,Intermediate,3.6,0.0,20,Female,2,2,0,2,1
U02843,3,3,280.25,93.41666666666667,Finance,2,Beginner,4.033333333333333,0.0,26,Male,5,1,1,2,2
U02844,4,4,511.84000000000003,127.96000000000001,Data Science,1,Beginner,3.6,0.25,21,Female,3,1,0,0,0
U02845,4,4,350.15999999999997,87.53999999999999,Web Development,3,Beginner,3.775,0.3333333333333333,22,Male,7,1,1,0,2
U02846,6,6,759.7,126.61666666666667,Business,5,Advanced,4.1000000000000005,0.6666666666666666,29,Female,1,0,0,1,0
U02847,4,4,384.01,96.0025,Cybersecurity,4,Beginner,3.525,0.3333333333333333,27,Male,2,1,1,0,2
U02848,3,3,311.84999999999997,103.94999999999999,Business,2,Intermediate,3.966666666666667,0.0,23,Male,1,2,1,0,2
U02849,3,3,349.58000000000004,116.52666666666669,AI/ML,3,Advanced,4.6000000000000005,0.5,31,Female,0,0,0,3,1
U02850,4,4,145.43,36.3575,Marketing,2,Advanced,3.6,1.0,25,Female,6,0,0,2,1
U02851,2,2,164.82000000000002,82.41000000000001,Design,2,Advanced,3.6999999999999997,2.0,30,Male,4,0,1,3,3
U02852,5,5,430.53000000000003,86.10600000000001,Data Science,4,Intermediate,3.28,0.0,23,Male,3,2,1,0,2
U02853,5,5,679.44,135.888,Marketing,4,Beginner,4.279999999999999,0.5,25,Male,6,1,1,1,2
U02854,3,3,237.29999999999998,79.1,AI/ML,3,Advanced,3.6666666666666665,3.0,28,Male,0,0,1,3,3
U02855,5,5,527.2,105.44000000000001,Design,4,Advanced,3.1399999999999997,1.0,18,Female,4,0,0,1,0
U02856,7,7,770.08,110.01142857142858,AI/ML,5,Advanced,3.8000000000000003,5.0,19,Female,0,0,0,1,3
U02857,3,3,360.90999999999997,120.30333333333333,Cybersecurity,2,Intermediate,3.4,0.0,35,Male,2,2,1,0,2
U02858,1,1,114.72,114.72,Web Development,1,Beginner,2.9,0.0,16,Female,7,1,0,2,1
U02859,3,3,345.87,115.29,AI/ML,3,Advanced,4.0,0.5,26,Female,0,0,0,3,0
U02860,5,5,486.96,97.392,Business,5,Advanced,3.54,0.6666666666666666,17,Male,1,0,1,1,2
U02861,4,4,261.7,65.425,AI/ML,4,Advanced,3.775,1.0,29,Male,0,0,1,3,2
U02862,4,4,458.65999999999997,114.66499999999999,Design,3,Advanced,4.225,1.0,27,Male,4,0,1,3,2
U02863,3,3,310.14,103.38,Data Science,3,Advanced,3.466666666666667,0.5,29,Male,3,0,1,3,2
U02864,7,7,805.49,115.07000000000001,Design,5,Beginner,3.3857142857142857,0.2,25,Female,4,1,0,1,0
U02865,3,3,345.40000000000003,115.13333333333334,AI/ML,3,Intermediate,3.1333333333333333,0.0,35,Female,0,2,0,0,1
U02866,3,3,260.96000000000004,86.98666666666668,AI/ML,3,Advanced,4.433333333333334,0.5,20,Male,0,0,1,2,2
U02867,3,3,243.32999999999998,81.11,Design,2,Beginner,4.3999999999999995,0.0,19,Male,4,1,1,2,2
U02868,3,3,373.36,124.45333333333333,Marketing,2,Beginner,3.033333333333333,0.3333333333333333,25,Male,6,1,1,0,2
U02869,3,3,320.14,106.71333333333332,AI/ML,3,Advanced,3.9333333333333336,0.5,26,Female,0,0,0,3,0
U02870,6,6,693.11,115.51833333333333,Business,4,Beginner,3.9,0.5,27,Male,1,1,1,1,2
U02871,4,4,405.24,101.31,AI/ML,4,Beginner,3.9000000000000004,0.3333333333333333,19,Female,0,1,0,0,0
U02872,4,4,567.3199999999999,141.82999999999998,Business,4,Beginner,4.2,0.3333333333333333,21,Female,1,1,0,0,0
U02873,6,6,720.55,120.09166666666665,AI/ML,6,Advanced,4.016666666666667,2.0,33,Female,0,0,0,1,0
U02874,2,2,208.48,104.24,AI/ML,2,Advanced,4.2,0.5,32,Male,0,0,1,2,1
U02875,5,5,490.6,98.12,Cybersecurity,4,Beginner,3.34,0.3333333333333333,27,Female,2,1,0,1,0
U02876,4,4,392.85,98.2125,Cybersecurity,4,Beginner,3.55,0.3333333333333333,24,Female,2,1,0,0,0
U02877,3,3,347.77,115.92333333333333,Business,3,Beginner,4.233333333333333,0.3333333333333333,28,Male,1,1,1,0,2
U02878,4,4,505.95,126.4875,AI/ML,3,Intermediate,4.025,0.5,23,Male,0,2,1,0,2
U02879,2,2,334.95,167.475,Finance,2,Beginner,4.050000000000001,0.0,16,Female,5,1,0,0,0
U02880,1,1,97.48,97.48,Cybersecurity,1,Advanced,2.7,1.0,21,Female,2,0,0,2,1
U02881,5,5,488.27,97.654,Finance,4,Beginner,3.56,0.25,27,Male,5,1,1,1,2
U02882,7,7,852.3199999999999,121.75999999999999,Data Science,6,Advanced,4.328571428571428,2.0,33,Female,3,0,0,1,0
U02883,4,4,262.89,65.7225,Cybersecurity,3,Advanced,4.35,2.0,16,Female,2,0,0,3,3
U02884,4,4,479.01,119.7525,AI/ML,4,Advanced,3.55,2.0,31,Female,0,0,0,3,0
U02885,5,5,580.76,116.152,Design,4,Advanced,3.6399999999999997,1.0,22,Male,4,0,1,1,2
U02886,7,7,951.5699999999999,135.9385714285714,Web Development,5,Intermediate,3.3714285714285714,0.6666666666666666,35,Male,7,2,1,1,2
U02887,3,3,262.49,87.49666666666667,Marketing,2,Advanced,3.466666666666667,1.0,30,Male,6,0,1,3,1
U02888,4,4,406.92,101.73,Cybersecurity,3,Advanced,3.375,0.6666666666666666,20,Male,2,0,1,3,2
U02889,4,4,446.84,111.71,Data Science,3,Intermediate,4.05,0.5,28,Female,3,2,0,0,0
U02890,2,2,185.52,92.76,AI/ML,2,Advanced,3.7,1.0,18,Male,0,0,1,2,2
U02891,3,3,309.17,103.05666666666667,Data Science,2,Advanced,3.1,1.0,27,Female,3,0,0,3,1
U02892,4,4,268.45,67.1125,Web Development,3,Beginner,4.475,0.25,26,Female,7,1,0,2,0
U02893,6,6,516.89,86.14833333333333,AI/ML,6,Advanced,3.4499999999999997,0.6666666666666666,22,Male,0,0,1,1,2
U02894,1,1,87.98,87.98,Finance,1,Intermediate,4.0,0.0,15,Female,5,2,0,2,1
U02895,4,4,460.46999999999997,115.11749999999999,Marketing,3,Advanced,4.275,4.0,21,Female,6,0,0,3,3
U02896,8,8,672.23,84.02875,Design,6,Advanced,3.9375,0.8,30,Male,4,0,1,1,0
U02897,2,2,146.7,73.35,Marketing,2,Advanced,4.4,0.5,27,Male,6,0,1,2,1
U02898,5,5,462.67999999999995,92.53599999999999,Data Science,3,Beginner,3.72,0.3333333333333333,22,Female,3,1,0,0,0
U02899,2,2,134.95999999999998,67.47999999999999,Marketing,1,Advanced,4.550000000000001,0.5,28,Female,6,0,0,2,1
U02900,5,5,521.15,104.22999999999999,Cybersecurity,4,Advanced,4.1,1.0,35,Male,2,0,1,1,2
U02901,4,3,327.96000000000004,81.99000000000001,AI/ML,3,Advanced,3.5,3.0,30,Male,0,0,1,3,3
U02902,4,4,217.79,54.4475,Web Development,3,Beginner,4.125,0.3333333333333333,27,Male,7,1,1,2,1
U02903,2,2,101.03,50.515,Cybersecurity,2,Intermediate,4.2,0.0,27,Male,2,2,1,2,1
U02904,5,5,417.16,83.432,Finance,4,Beginner,3.8200000000000003,0.25,18,Male,5,1,1,1,2
U02905,4,4,320.65,80.1625,Marketing,3,Beginner,3.525,0.0,27,Female,6,1,0,0,0
U02906,3,3,338.4,112.8,Web Development,2,Advanced,4.166666666666667,0.5,24,Male,7,0,1,2,1
U02907,3,3,242.52,80.84,Data Science,3,Intermediate,3.3000000000000003,0.0,17,Female,3,2,0,0,1
U02908,5,5,335.46000000000004,67.09200000000001,Marketing,4,Beginner,4.24,0.2,34,Male,6,1,1,1,2
U02909,1,1,109.74,109.74,Web Development,1,Beginner,2.6,0.0,19,Female,7,1,0,2,1
U02910,3,3,309.03,103.00999999999999,Marketing,2,Beginner,3.966666666666667,0.0,35,Female,6,1,0,0,0
U02911,3,3,354.78999999999996,118.26333333333332,AI/ML,3,Advanced,3.766666666666667,2.0,34,Female,0,0,0,3,3
U02912,4,4,514.8199999999999,128.70499999999998,Business,4,Beginner,4.050000000000001,0.0,27,Male,1,1,1,0,2
U02913,3,3,164.65,54.88333333333333,Marketing,2,Advanced,4.266666666666667,1.0,22,Female,6,0,0,2,0
U02914,4,4,593.9000000000001,148.47500000000002,Web Development,3,Beginner,3.6,0.3333333333333333,31,Female,7,1,0,0,0
U02915,3,3,402.64,134.21333333333334,Business,3,Advanced,3.9,1.0,33,Female,1,0,0,3,0
U02916,1,1,87.35,87.35,Design,1,Intermediate,4.5,0.0,20,Male,4,2,1,2,1
U02917,6,6,584.25,97.375,Data Science,4,Beginner,4.033333333333333,0.25,32,Female,3,1,0,1,0
U02918,4,4,181.1,45.275,Data Science,3,Intermediate,3.325,0.5,19,Female,3,2,0,0,1
U02919,5,5,300.84000000000003,60.168000000000006,Design,4,Intermediate,3.34,0.0,25,Male,4,2,1,0,2
U02920,2,2,178.66,89.33,Data Science,2,Advanced,3.75,1.0,17,Male,3,0,1,2,1
U02921,2,2,125.84,62.92,Data Science,1,Advanced,4.0,0.5,16,Female,3,0,0,2,1
U02922,3,3,344.13,114.71,Web Development,2,Advanced,4.066666666666666,2.0,25,Male,7,0,1,3,3
U02923,4,4,274.95,68.7375,Business,4,Beginner,4.1,0.3333333333333333,27,Male,1,1,1,0,2
U02924,5,5,488.36,97.672,AI/ML,4,Beginner,3.1399999999999997,0.2,21,Female,0,1,0,0,0
U02925,4,4,389.15999999999997,97.28999999999999,Data Science,3,Intermediate,4.2,0.5,18,Female,3,2,0,0,0
U02926,5,5,235.7,47.14,Business,4,Beginner,3.1,0.25,24,Male,1,1,1,0,2
U02927,4,4,412.81,103.2025,Cybersecurity,3,Advanced,3.825,3.0,20,Male,2,0,1,3,3
U02928,3,3,130.70999999999998,43.56999999999999,Data Science,3,Advanced,3.6,1.0,26,Male,3,0,1,2,2
U02929,6,6,620.76,103.46,Cybersecurity,5,Intermediate,3.6166666666666667,0.3333333333333333,16,Female,2,2,0,1,0
U02930,5,5,151.77,30.354000000000003,Web Development,4,Beginner,3.6,0.25,26,Female,7,1,0,2,0
U02931,3,3,292.6,97.53333333333335,AI/ML,3,Advanced,3.033333333333333,0.5,28,Female,0,0,0,3,1
U02932,4,4,401.09000000000003,100.27250000000001,AI/ML,4,Intermediate,3.9250000000000003,1.0,17,Female,0,2,0,0,0
U02933,2,2,190.07,95.035,Data Science,2,Intermediate,3.75,0.0,34,Male,3,2,1,0,2
U02934,2,2,252.23999999999998,126.11999999999999,Cybersecurity,2,Advanced,3.3499999999999996,0.5,29,Female,2,0,0,3,1
U02935,4,4,348.11,87.0275,Data Science,2,Beginner,3.9,0.25,25,Female,3,1,0,0,0
U02936,6,6,578.37,96.395,Cybersecurity,4,Advanced,3.6833333333333336,0.6666666666666666,35,Female,2,0,0,1,0
U02937,5,5,654.59,130.918,Marketing,4,Advanced,4.24,0.6666666666666666,23,Male,6,0,1,1,2
U02938,4,4,368.27,92.0675,AI/ML,2,Advanced,2.85,1.5,28,Male,0,0,1,3,3
U02939,5,5,692.0699999999999,138.414,AI/ML,3,Advanced,3.34,1.5,18,Female,0,0,0,3,0
U02940,4,4,480.90999999999997,120.22749999999999,AI/ML,4,Advanced,4.15,1.5,18,Female,0,0,0,3,0
U02941,1,1,118.12,118.12,AI/ML,1,Advanced,2.8,1.0,22,Male,0,0,1,3,1
U02942,5,5,448.99,89.798,AI/ML,5,Beginner,3.7600000000000002,0.3333333333333333,18,Male,0,1,1,1,2
U02943,6,6,433.99,72.33166666666666,AI/ML,4,Beginner,3.6333333333333333,0.5,19,Female,0,1,0,1,0
U02944,3,3,308.94,102.98,AI/ML,3,Advanced,3.766666666666667,0.5,23,Female,0,0,0,3,0
U02945,6,6,539.24,89.87333333333333,Design,5,Beginner,3.25,0.5,23,Female,4,1,0,1,0
U02946,5,5,447.1,89.42,Data Science,3,Intermediate,3.5799999999999996,0.0,18,Female,3,2,0,0,0
U02947,2,2,266.11,133.055,Data Science,2,Advanced,3.25,0.5,18,Female,3,0,0,3,1
U02948,4,4,520.47,130.1175,Cybersecurity,2,Beginner,4.175,0.25,33,Male,2,1,1,0,2
U02949,5,5,500.15,100.03,AI/ML,4,Beginner,4.220000000000001,0.25,17,Female,0,1,0,1,0
U02950,1,1,167.54,167.54,Business,1,Beginner,2.6,0.0,35,Male,1,1,1,0,1
U02951,3,3,91.15,30.383333333333336,Business,3,Beginner,3.8666666666666667,0.0,28,Male,1,1,1,2,2
U02952,3,3,351.75,117.25,Design,3,Intermediate,3.5,0.0,32,Male,4,2,1,0,2
U02953,6,6,335.46,55.91,Design,3,Beginner,3.6666666666666665,0.25,21,Male,4,1,1,0,2
U02954,3,3,500.08,166.69333333333333,AI/ML,3,Beginner,3.3333333333333335,0.0,35,Female,0,1,0,0,0
U02955,3,3,362.06,120.68666666666667,AI/ML,3,Beginner,3.1999999999999997,0.0,25,Male,0,1,1,0,2
U02956,4,4,251.61,62.9025,Data Science,3,Advanced,3.575,1.0,18,Male,3,0,1,3,2
U02957,4,4,515.09,128.7725,Business,2,Beginner,3.95,0.0,31,Male,1,1,1,0,2
U02958,7,7,1005.12,143.58857142857144,AI/ML,6,Advanced,3.8714285714285714,1.3333333333333333,33,Male,0,0,1,1,0
U02959,3,3,298.07,99.35666666666667,AI/ML,3,Advanced,4.133333333333333,2.0,29,Male,0,0,1,3,3
U02960,2,2,66.17,33.085,Business,2,Beginner,4.300000000000001,0.0,24,Male,1,1,1,2,1
U02961,2,2,222.13,111.065,AI/ML,2,Advanced,4.0,0.5,25,Female,0,0,0,2,1
U02962,3,3,115.19,38.39666666666667,Design,2,Beginner,3.5,0.3333333333333333,23,Male,4,1,1,2,2
U02963,8,8,600.09,75.01125,Cybersecurity,3,Advanced,3.8125,1.6666666666666667,18,Female,2,0,0,1,0
U02964,5,5,246.55,49.31,Web Development,4,Beginner,4.0600000000000005,0.0,33,Male,7,1,1,2,2
U02965,5,5,375.26,75.05199999999999,Cybersecurity,5,Advanced,3.7,1.0,16,Male,2,0,1,1,2
U02966,4,4,275.42999999999995,68.85749999999999,Marketing,3,Intermediate,3.9,0.5,26,Female,6,2,0,0,0
U02967,2,2,320.84000000000003,160.42000000000002,AI/ML,2,Beginner,3.95,0.0,21,Male,0,1,1,0,2
U02968,7,7,817.72,116.81714285714285,Cybersecurity,5,Beginner,3.857142857142857,0.16666666666666666,34,Female,2,1,0,1,0
U02969,5,5,451.69000000000005,90.33800000000001,Data Science,5,Advanced,3.2399999999999998,0.6666666666666666,18,Female,3,0,0,1,0
U02970,4,4,499.97,124.9925,Design,3,Beginner,3.825,0.25,34,Male,4,1,1,0,2
U02971,2,2,72.49,36.245,Design,2,Beginner,3.65,0.0,20,Female,4,1,0,2,1
U02972,6,6,447.90000000000003,74.65,Business,6,Advanced,3.8000000000000003,0.6666666666666666,35,Male,1,0,1,1,2
U02973,3,3,388.37,129.45666666666668,Business,3,Intermediate,3.3000000000000003,1.0,28,Female,1,2,0,0,0
U02974,2,2,330.58000000000004,165.29000000000002,Data Science,2,Beginner,4.0,0.0,31,Female,3,1,0,0,0
U02975,4,4,300.84,75.21,Business,4,Advanced,3.6999999999999997,1.0,22,Male,1,0,1,3,2
U02976,3,3,443.25,147.75,Finance,1,Beginner,4.3,0.0,28,Female,5,1,0,0,0
U02977,8,8,463.78,57.9725,Data Science,6,Advanced,3.8625,0.8,33,Male,3,0,1,1,0
U02978,7,7,683.5,97.64285714285714,Business,5,Beginner,4.214285714285714,0.0,18,Female,1,1,0,1,0
U02979,3,3,345.65,115.21666666666665,Design,3,Advanced,3.3666666666666667,1.0,26,Male,4,0,1,3,2
U02980,5,5,490.15000000000003,98.03,Marketing,4,Advanced,3.96,4.0,27,Male,6,0,1,3,3
U02981,4,4,323.42,80.855,AI/ML,4,Advanced,3.75,1.5,23,Male,0,0,1,3,2
U02982,5,5,290.88,58.176,Business,5,Advanced,3.78,1.0,20,Female,1,0,0,1,0
U02983,5,5,506.67,101.334,Data Science,4,Beginner,3.7399999999999998,0.25,35,Female,3,1,0,1,0
U02984,2,2,260.26,130.13,AI/ML,2,Intermediate,2.9000000000000004,0.0,35,Female,0,2,0,0,1
U02985,3,3,370.36,123.45333333333333,Cybersecurity,3,Intermediate,3.766666666666667,0.0,35,Male,2,2,1,0,2
U02986,4,4,670.77,167.6925,AI/ML,4,Advanced,3.825,0.6666666666666666,16,Male,0,0,1,1,2
U02987,5,5,707.49,141.498,Business,4,Beginner,4.08,0.2,26,Male,1,1,1,1,2
U02988,7,7,544.88,77.84,Data Science,5,Intermediate,3.8428571428571425,0.3333333333333333,17,Male,3,2,1,1,2
U02989,4,4,491.35,122.8375,AI/ML,4,Advanced,4.25,2.0,22,Male,0,0,1,3,2
U02990,2,2,137.67999999999998,68.83999999999999,Business,1,Advanced,3.8,0.5,22,Male,1,0,1,2,1
U02991,3,3,262.41999999999996,87.47333333333331,AI/ML,3,Advanced,4.0,0.5,27,Female,0,0,0,3,0
U02992,7,7,909.82,129.9742857142857,AI/ML,5,Advanced,3.3714285714285714,1.5,24,Female,0,0,0,1,0
U02993,5,5,315.81,63.162,Data Science,4,Beginner,3.2600000000000002,0.2,20,Female,3,1,0,0,0
U02994,6,6,721.97,120.32833333333333,Design,5,Intermediate,3.9666666666666663,1.0,31,Female,4,2,0,1,0
U02995,4,4,360.8,90.2,Business,4,Intermediate,4.175,1.0,16,Male,1,2,1,0,2
U02996,3,3,259.19,86.39666666666666,Cybersecurity,3,Intermediate,4.033333333333333,0.0,32,Male,2,2,1,0,2
U02997,3,3,169.88,56.626666666666665,Cybersecurity,3,Advanced,3.966666666666667,1.0,21,Female,2,0,0,2,1
U02998,6,6,619.32,103.22000000000001,Marketing,4,Advanced,3.8000000000000003,5.0,33,Male,6,0,1,3,3
U02999,3,3,320.51,106.83666666666666,AI/ML,3,Advanced,3.766666666666667,1.0,20,Male,0,0,1,3,2
U03000,7,7,654.95,93.56428571428572,Web Development,5,Beginner,3.9285714285714284,0.5,15,Male,7,1,1,1,2
