UserID,CourseID,TransactionDate,Amount
U00001,C0106,2024-05-22,57.64
U00001,C0178,2024-02-15,162.71
U00002,C0117,2023-11-28,23.18
U00002,C0023,2024-02-18,172.98
U00002,C0081,2023-01-02,131.53
U00002,C0065,2024-07-09,92.4
U00003,C0133,2024-09-29,151.29
U00003,C0093,2024-10-02,88.41
U00004,C0069,2023-05-15,185.53
U00004,C0141,2024-03-24,176.17
U00005,C0008,2024-12-27,31.68
U00005,C0162,2024-07-18,2.73
U00005,C0156,2024-02-22,18.64
U00005,C0062,2023-04-27,92.29
U00006,C0040,2023-10-26,101.77
U00006,C0128,2023-10-07,83.1
U00007,C0121,2023-05-29,76.72
U00007,C0063,2024-09-05,101.65
U00007,C0117,2023-05-20,172.81
U00007,C0142,2023-10-10,154.54
U00008,C0088,2023-11-02,167.5
U00008,C0130,2024-08-16,199.78
U00008,C0069,2024-05-16,173.05
U00008,C0001,2024-04-02,107.72
U00008,C0073,2023-12-20,66.49
U00008,C0186,2024-07-10,75.44
U00009,C0049,2024-02-25,8.73
U00009,C0179,2024-04-29,141.05
U00009,C0062,2024-01-26,77.22
U00009,C0147,2024-11-10,158.48
U00009,C0099,2024-10-29,196.16
U00009,C0060,2024-05-22,192.96
U00009,C0199,2023-05-10,100.46
U00010,C0026,2023-01-16,144.49
U00010,C0113,2024-02-24,174.19
U00010,C0135,2023-06-08,14.97
U00010,C0117,2023-09-29,67.71
U00011,C0167,2024-06-30,76.0
U00011,C0021,2023-11-21,125.36
U00011,C0085,2024-05-14,174.48
U00011,C0173,2023-02-06,123.49
U00012,C0176,2023-04-03,86.79
U00012,C0074,2023-04-11,152.07
U00012,C0059,2024-12-21,174.52
U00013,C0178,2023-02-17,64.87
U00013,C0077,2023-02-27,58.67
U00013,C0008,2024-01-19,86.14
U00014,C0106,2023-07-04,34.0
U00014,C0145,2023-03-22,121.9
U00014,C0175,2024-01-27,123.94
U00015,C0150,2024-04-17,127.58
U00015,C0037,2024-04-15,51.07
U00015,C0060,2023-01-10,179.78
U00016,C0074,2023-03-17,88.35
U00016,C0174,2023-12-20,197.53
U00016,C0140,2023-11-03,127.79
U00016,C0041,2024-03-10,138.06
U00017,C0078,2023-04-20,47.44
U00017,C0051,2024-08-08,71.79
U00017,C0099,2023-10-30,198.54
U00017,C0124,2023-10-30,4.39
U00018,C0102,2023-02-20,182.12
U00018,C0071,2024-05-23,166.57
U00018,C0003,2023-10-21,155.15
U00018,C0145,2023-08-24,121.41
U00018,C0176,2023-12-27,43.8
U00019,C0065,2024-11-06,136.17
U00019,C0174,2023-05-21,125.65
U00020,C0166,2024-01-09,146.47
U00020,C0011,2023-04-03,181.93
U00020,C0080,2023-12-01,149.5
U00020,C0113,2023-06-29,40.16
U00020,C0009,2024-07-06,175.29
U00020,C0149,2024-01-10,106.17
U00021,C0043,2023-04-28,93.67
U00021,C0066,2023-03-19,28.15
U00021,C0124,2023-08-20,172.03
U00021,C0076,2024-11-21,195.99
U00021,C0192,2024-07-24,73.16
U00021,C0087,2024-02-09,2.78
U00022,C0117,2024-11-19,52.43
U00022,C0095,2024-01-26,164.48
U00022,C0173,2024-01-16,21.67
U00022,C0192,2023-08-28,94.3
U00023,C0144,2024-10-25,12.64
U00023,C0084,2024-04-20,181.88
U00023,C0157,2023-11-06,129.85
U00023,C0057,2023-04-30,27.96
U00024,C0078,2024-02-02,90.73
U00024,C0127,2024-11-17,189.88
U00024,C0030,2024-12-14,189.19
U00024,C0025,2024-03-05,117.47
U00024,C0061,2023-06-08,177.08
U00024,C0138,2024-11-01,19.8
U00024,C0035,2024-05-16,123.13
U00025,C0072,2024-01-07,19.87
U00025,C0009,2024-12-03,73.47
U00025,C0177,2024-10-22,71.73
U00025,C0095,2024-02-12,55.18
U00025,C0056,2023-05-06,189.8
U00025,C0114,2024-04-10,18.33
U00025,C0061,2023-08-06,128.34
U00026,C0006,2023-05-09,157.4
U00026,C0013,2023-07-30,13.72
U00026,C0086,2024-07-21,41.43
U00026,C0063,2023-08-10,162.61
U00027,C0199,2023-01-03,55.45
U00027,C0038,2023-05-29,197.51
U00027,C0153,2024-07-07,50.13
U00028,C0170,2023-05-15,2.97
U00028,C0007,2023-09-01,117.77
U00029,C0068,2023-02-23,25.35
U00030,C0030,2024-05-02,89.66
U00030,C0191,2024-01-06,102.65
U00030,C0017,2023-04-22,90.4
U00031,C0158,2024-11-05,104.29
U00031,C0012,2024-04-14,128.67
U00031,C0187,2023-02-01,12.17
U00032,C0103,2024-05-17,142.48
U00032,C0110,2024-03-30,14.7
U00032,C0176,2023-03-24,64.42
U00032,C0028,2023-06-01,13.14
U00033,C0163,2024-12-30,65.04
U00033,C0150,2024-09-03,106.11
U00033,C0141,2024-04-09,101.11
U00034,C0180,2024-10-28,175.54
U00034,C0030,2024-07-18,144.17
U00034,C0168,2023-08-09,86.01
U00035,C0106,2023-04-08,62.51
U00035,C0087,2023-11-17,133.02
U00035,C0117,2024-01-19,190.72
U00035,C0103,2024-12-04,184.6
U00035,C0107,2023-03-10,18.24
U00035,C0187,2023-03-29,18.65
U00036,C0190,2023-05-14,111.27
U00036,C0096,2024-08-23,191.32
U00037,C0172,2024-11-12,188.23
U00037,C0032,2024-03-09,173.62
U00037,C0106,2023-02-22,193.68
U00037,C0091,2024-09-06,62.49
U00038,C0130,2023-06-08,131.35
U00038,C0055,2023-08-18,169.45
U00039,C0143,2023-10-13,114.82
U00039,C0095,2024-03-15,169.03
U00039,C0030,2024-09-28,122.71
U00040,C0007,2023-10-01,5.79
U00040,C0156,2023-10-07,140.54
U00040,C0169,2023-11-13,184.31
U00040,C0178,2023-12-26,1.22
U00041,C0145,2024-10-10,194.36
U00041,C0169,2023-04-04,149.22
U00041,C0103,2023-08-09,75.24
U00041,C0018,2024-04-09,68.18
U00041,C0037,2024-01-14,62.33
U00041,C0190,2023-11-29,155.37
U00042,C0022,2024-09-24,9.95
U00042,C0014,2023-03-25,54.42
U00042,C0040,2024-11-08,84.8
U00042,C0041,2024-09-13,88.41
U00043,C0194,2023-12-20,85.98
U00043,C0132,2023-10-18,135.64
U00043,C0030,2024-08-30,97.33
U00044,C0012,2023-02-26,1.54
U00044,C0057,2023-11-05,189.06
U00044,C0102,2023-05-21,152.83
U00044,C0154,2023-10-24,65.62
U00045,C0192,2024-03-16,35.14
U00046,C0181,2024-07-26,166.67
U00046,C0059,2023-12-29,14.42
U00046,C0129,2023-02-13,87.24
U00047,C0020,2024-08-10,80.88
U00047,C0081,2024-10-17,83.54
U00047,C0148,2023-04-28,81.01
U00047,C0110,2023-11-29,34.37
U00048,C0118,2024-03-22,117.77
U00048,C0177,2024-06-20,15.73
U00048,C0093,2023-11-14,149.16
U00048,C0023,2023-08-15,66.61
U00048,C0112,2023-06-22,15.28
U00048,C0028,2024-10-10,22.81
U00048,C0063,2024-06-06,38.78
U00049,C0090,2023-04-16,29.29
U00049,C0187,2023-07-22,34.7
U00049,C0166,2023-06-06,152.04
U00049,C0038,2024-11-02,15.07
U00049,C0061,2024-10-05,98.82
U00050,C0195,2024-10-20,127.06
U00050,C0149,2024-10-01,64.64
U00050,C0115,2024-10-04,63.23
U00050,C0175,2024-03-26,13.66
U00050,C0145,2024-03-28,126.28
U00051,C0152,2023-11-14,92.35
U00051,C0015,2023-02-08,11.38
U00051,C0091,2023-10-21,15.35
U00051,C0130,2023-04-03,123.0
U00051,C0019,2024-06-03,76.9
U00052,C0190,2024-10-29,37.65
U00052,C0011,2024-09-11,95.13
U00052,C0116,2023-06-04,191.54
U00052,C0147,2024-04-06,20.7
U00053,C0088,2023-02-10,49.55
U00053,C0183,2024-03-24,198.2
U00053,C0022,2024-06-20,104.55
U00053,C0130,2023-06-12,72.78
U00053,C0166,2023-10-17,77.48
U00053,C0045,2023-12-13,135.78
U00054,C0162,2023-12-09,13.18
U00054,C0166,2023-04-07,111.59
U00055,C0065,2024-09-09,174.66
U00055,C0186,2023-12-08,16.3
U00055,C0169,2024-11-10,28.29
U00056,C0168,2024-02-06,25.79
U00056,C0179,2024-12-26,187.6
U00056,C0170,2023-11-14,111.78
U00057,C0085,2024-12-02,182.49
U00057,C0033,2023-04-06,129.2
U00057,C0172,2024-03-09,101.7
U00057,C0180,2023-01-19,72.52
U00058,C0055,2024-05-12,38.4
U00058,C0088,2023-05-21,30.99
U00059,C0026,2024-07-06,167.02
U00059,C0130,2024-06-23,7.55
U00059,C0198,2023-12-11,175.28
U00060,C0153,2023-07-05,166.27
U00060,C0097,2024-10-01,161.81
U00060,C0040,2023-06-19,144.24
U00060,C0042,2023-02-14,82.17
U00061,C0061,2024-04-04,46.8
U00061,C0114,2023-09-02,61.89
U00061,C0157,2024-04-25,180.79
U00061,C0073,2023-07-18,73.57
U00062,C0113,2024-06-24,83.73
U00062,C0119,2023-06-15,163.38
U00062,C0197,2024-09-11,27.68
U00062,C0073,2023-09-14,10.44
U00062,C0200,2024-05-07,174.82
U00062,C0098,2024-07-21,186.86
U00062,C0129,2024-12-29,169.18
U00063,C0073,2024-06-09,29.47
U00063,C0022,2024-03-23,18.34
U00063,C0196,2023-08-16,163.34
U00063,C0042,2023-12-24,186.09
U00063,C0070,2024-02-29,10.65
U00063,C0116,2024-05-29,74.79
U00064,C0021,2023-01-29,63.74
U00064,C0096,2023-04-12,167.84
U00064,C0058,2024-10-27,67.06
U00065,C0010,2024-04-28,139.21
U00065,C0074,2023-05-23,151.77
U00066,C0158,2023-09-20,43.13
U00066,C0002,2023-06-03,109.76
U00066,C0021,2024-09-15,105.55
U00066,C0005,2023-04-24,155.23
U00067,C0032,2024-03-05,127.79
U00067,C0013,2024-09-29,91.42
U00067,C0062,2023-04-24,167.34
U00068,C0138,2024-08-11,48.39
U00068,C0005,2023-05-28,58.25
U00068,C0162,2023-01-02,122.96
U00068,C0132,2023-09-04,114.13
U00069,C0172,2024-06-20,194.93
U00069,C0022,2023-03-11,190.68
U00070,C0130,2024-04-26,8.71
U00070,C0142,2024-02-01,196.21
U00070,C0006,2023-09-17,149.46
U00070,C0100,2024-01-01,157.7
U00071,C0188,2023-04-17,154.3
U00071,C0169,2023-12-07,26.68
U00071,C0161,2023-12-27,109.2
U00072,C0045,2024-05-05,126.35
U00072,C0200,2023-05-19,12.62
U00072,C0176,2024-04-13,7.4
U00072,C0119,2023-07-26,8.76
U00072,C0179,2023-07-24,177.16
U00073,C0080,2024-07-10,94.68
U00073,C0132,2023-02-07,150.66
U00073,C0102,2023-07-15,57.22
U00074,C0013,2024-03-23,177.9
U00074,C0168,2024-03-26,178.93
U00074,C0085,2024-01-31,67.81
U00074,C0070,2023-07-11,99.24
U00074,C0032,2024-05-24,73.47
U00074,C0095,2024-06-15,53.34
U00075,C0109,2024-03-16,120.49
U00075,C0021,2023-07-04,109.09
U00076,C0021,2023-10-30,61.3
U00076,C0084,2024-09-09,143.53
U00076,C0170,2023-06-20,137.95
U00077,C0011,2024-09-21,199.63
U00077,C0187,2023-10-09,127.89
U00077,C0091,2023-02-28,15.01
U00078,C0094,2023-06-13,190.56
U00078,C0132,2023-05-27,169.73
U00078,C0192,2024-11-25,156.26
U00078,C0174,2023-02-05,25.25
U00079,C0166,2024-01-28,189.89
U00079,C0094,2023-02-03,121.02
U00079,C0093,2024-11-26,89.98
U00080,C0114,2024-08-10,27.54
U00080,C0196,2024-01-11,79.61
U00080,C0020,2024-10-27,55.74
U00081,C0007,2023-05-01,52.36
U00081,C0189,2023-09-24,140.81
U00081,C0048,2023-08-08,199.27
U00081,C0128,2023-10-20,138.8
U00081,C0133,2024-05-17,40.04
U00081,C0100,2023-05-19,170.57
U00081,C0144,2024-04-07,34.53
U00082,C0023,2024-12-27,12.99
U00082,C0175,2024-07-09,58.07
U00082,C0082,2023-11-04,170.27
U00082,C0171,2024-12-29,141.91
U00082,C0089,2024-12-18,127.54
U00083,C0131,2023-08-31,158.07
U00083,C0058,2023-01-27,72.18
U00083,C0032,2024-08-09,73.78
U00083,C0052,2024-07-18,25.95
U00083,C0036,2023-03-30,13.15
U00084,C0184,2024-06-22,82.16
U00084,C0185,2024-02-24,164.67
U00084,C0123,2023-03-17,25.07
U00085,C0019,2024-11-27,103.47
U00085,C0116,2023-05-12,175.59
U00085,C0120,2024-07-18,127.96
U00086,C0034,2024-05-29,182.14
U00086,C0111,2023-02-26,166.28
U00087,C0078,2024-12-27,45.09
U00087,C0043,2024-06-15,178.99
U00087,C0042,2023-03-22,50.12
U00087,C0083,2024-10-12,191.27
U00088,C0161,2024-06-30,18.69
U00088,C0078,2024-10-18,33.73
U00088,C0158,2024-08-17,30.84
U00089,C0185,2023-02-12,165.05
U00089,C0155,2023-01-30,16.24
U00089,C0087,2024-10-18,154.2
U00089,C0145,2023-09-29,130.23
U00090,C0107,2024-10-04,109.12
U00090,C0159,2024-10-19,191.33
U00090,C0164,2024-05-09,48.98
U00090,C0008,2024-12-02,81.22
U00090,C0128,2024-04-09,14.59
U00091,C0113,2024-05-10,92.89
U00091,C0107,2023-12-15,121.33
U00092,C0184,2023-12-20,195.07
U00092,C0082,2023-05-14,152.13
U00092,C0188,2024-06-11,112.33
U00093,C0120,2024-04-05,49.58
U00093,C0032,2023-04-10,10.12
U00093,C0069,2024-01-29,172.83
U00094,C0041,2023-11-17,37.97
U00094,C0084,2023-06-13,99.65
U00094,C0148,2024-06-11,93.36
U00095,C0128,2023-09-04,43.03
U00095,C0006,2023-12-28,9.73
U00095,C0024,2023-10-16,98.98
U00095,C0101,2024-10-31,134.5
U00095,C0130,2023-10-20,107.34
U00095,C0118,2023-04-21,86.19
U00096,C0187,2023-02-22,114.06
U00096,C0094,2023-07-19,72.5
U00096,C0196,2023-10-23,14.71
U00096,C0104,2024-05-31,90.07
U00096,C0012,2024-07-17,55.94
U00096,C0103,2024-09-30,136.08
U00097,C0025,2024-01-18,158.98
U00097,C0101,2023-12-14,111.57
U00098,C0037,2024-06-05,80.28
U00098,C0051,2023-02-11,9.06
U00098,C0155,2023-05-21,142.72
U00099,C0133,2023-05-24,65.59
U00099,C0117,2024-09-19,63.71
U00099,C0039,2024-02-07,198.12
U00099,C0156,2023-11-03,118.74
U00099,C0132,2024-06-03,165.66
U00100,C0182,2023-01-18,73.67
U00100,C0145,2024-11-20,21.92
U00100,C0077,2024-03-02,116.74
U00100,C0122,2024-12-05,125.85
U00101,C0068,2024-08-14,45.51
U00101,C0168,2023-02-22,116.7
U00101,C0199,2023-06-24,104.85
U00101,C0149,2024-09-26,154.92
U00102,C0175,2024-08-09,189.64
U00102,C0063,2023-04-23,38.16
U00102,C0009,2024-03-27,62.74
U00103,C0177,2024-02-25,100.36
U00103,C0053,2024-09-18,184.1
U00104,C0189,2023-08-01,112.18
U00104,C0187,2024-11-09,95.67
U00104,C0016,2024-01-21,62.75
U00104,C0181,2023-06-27,91.93
U00104,C0036,2024-06-29,68.47
U00104,C0133,2023-12-29,135.17
U00105,C0175,2023-07-16,191.47
U00105,C0165,2023-10-13,111.62
U00105,C0178,2023-08-19,188.3
U00105,C0068,2023-11-01,154.23
U00105,C0157,2024-12-22,41.46
U00105,C0124,2024-12-22,97.8
U00106,C0144,2023-05-05,114.7
U00106,C0185,2024-07-10,75.94
U00106,C0071,2024-02-09,163.68
U00106,C0074,2023-05-30,58.09
U00107,C0183,2024-03-28,131.19
U00107,C0021,2024-05-05,42.8
U00107,C0089,2024-07-05,54.23
U00108,C0070,2024-08-23,47.86
U00108,C0036,2023-02-21,133.97
U00108,C0028,2024-06-27,45.13
U00108,C0158,2023-08-27,10.5
U00109,C0184,2024-11-28,154.15
U00109,C0121,2023-01-06,192.9
U00109,C0026,2023-06-11,81.38
U00110,C0122,2023-10-20,129.18
U00110,C0123,2023-04-02,130.46
U00110,C0167,2023-08-26,107.03
U00110,C0052,2023-02-08,182.65
U00110,C0194,2023-06-29,83.58
U00110,C0074,2023-06-30,186.78
U00110,C0083,2023-02-07,199.43
U00111,C0127,2023-10-24,175.35
U00111,C0048,2023-01-10,59.68
U00111,C0192,2024-09-09,21.46
U00112,C0073,2024-04-24,54.57
U00112,C0117,2023-04-26,66.14
U00112,C0165,2024-04-14,129.66
U00112,C0140,2023-07-10,2.82
U00112,C0135,2023-12-12,158.15
U00112,C0127,2024-08-04,134.88
U00112,C0035,2023-07-17,35.1
U00112,C0130,2024-10-16,179.41
U00113,C0132,2023-04-08,36.96
U00113,C0084,2023-05-24,95.49
U00113,C0023,2023-09-12,1.37
U00113,C0103,2024-01-28,47.1
U00113,C0172,2023-10-01,190.81
U00114,C0186,2023-09-25,130.74
U00114,C0147,2024-12-10,47.26
U00114,C0003,2024-11-14,23.64
U00115,C0104,2024-12-21,153.97
U00115,C0176,2024-12-07,23.48
U00115,C0129,2023-10-30,73.51
U00116,C0035,2024-04-10,149.55
U00116,C0123,2024-09-12,74.72
U00116,C0040,2024-12-19,109.85
U00117,C0138,2023-09-11,136.07
U00117,C0171,2024-09-02,174.63
U00117,C0056,2023-03-25,105.1
U00117,C0196,2024-06-24,140.75
U00118,C0145,2023-03-05,165.75
U00118,C0029,2024-06-01,40.43
U00119,C0043,2023-04-30,136.06
U00119,C0084,2024-08-20,97.77
U00119,C0134,2024-06-06,89.1
U00119,C0114,2023-02-26,90.69
U00120,C0117,2024-04-18,134.55
U00120,C0145,2023-11-12,144.66
U00120,C0015,2024-02-10,50.89
U00120,C0144,2023-01-04,149.16
U00121,C0012,2023-03-07,108.23
U00121,C0109,2023-03-03,186.92
U00121,C0089,2023-03-12,197.23
U00121,C0180,2024-04-28,6.35
U00122,C0197,2024-10-23,192.76
U00122,C0035,2024-01-19,198.57
U00122,C0165,2024-01-27,89.71
U00123,C0097,2024-10-31,172.06
U00123,C0021,2023-05-02,35.69
U00123,C0175,2024-07-04,78.61
U00123,C0170,2023-05-11,145.57
U00123,C0139,2023-08-17,166.96
U00123,C0035,2023-01-24,195.7
U00124,C0185,2024-01-24,164.67
U00124,C0140,2023-09-11,92.13
U00124,C0109,2023-06-08,55.13
U00124,C0137,2023-04-26,6.44
U00125,C0158,2023-07-31,13.46
U00125,C0197,2024-08-31,6.72
U00125,C0005,2024-09-04,134.4
U00125,C0062,2023-02-19,48.95
U00126,C0113,2023-08-28,107.95
U00127,C0199,2023-08-28,163.16
U00127,C0015,2024-08-12,63.78
U00127,C0036,2024-09-04,154.51
U00127,C0129,2023-11-25,47.38
U00127,C0075,2023-05-27,197.14
U00128,C0106,2024-07-24,189.7
U00128,C0077,2023-06-29,125.2
U00128,C0071,2024-03-13,111.17
U00128,C0016,2023-02-18,194.46
U00129,C0172,2023-06-02,59.98
U00129,C0098,2023-07-08,150.88
U00129,C0135,2024-04-29,48.19
U00129,C0082,2023-08-19,60.15
U00129,C0179,2024-12-25,28.87
U00129,C0107,2024-04-19,182.95
U00129,C0105,2024-07-29,82.54
U00130,C0136,2023-09-06,51.0
U00130,C0035,2023-12-05,129.34
U00130,C0100,2024-04-05,169.43
U00131,C0186,2023-02-22,53.69
U00131,C0049,2024-11-20,120.99
U00132,C0019,2023-07-12,160.93
U00133,C0172,2023-08-02,173.89
U00133,C0144,2023-12-07,60.64
U00133,C0056,2023-01-16,42.36
U00133,C0123,2023-07-14,192.42
U00134,C0194,2023-09-06,139.13
U00134,C0123,2024-12-21,40.9
U00135,C0142,2024-06-30,129.74
U00135,C0083,2023-11-12,52.31
U00135,C0199,2024-06-09,176.56
U00135,C0073,2024-04-22,19.72
U00135,C0098,2024-04-25,152.33
U00135,C0120,2023-11-24,182.87
U00136,C0106,2023-08-15,148.25
U00136,C0012,2023-01-17,52.15
U00136,C0145,2024-08-21,115.83
U00137,C0040,2023-08-24,75.97
U00137,C0051,2023-09-09,99.86
U00137,C0085,2024-11-01,188.69
U00138,C0196,2024-10-19,147.92
U00138,C0126,2024-04-16,33.65
U00138,C0186,2023-12-27,33.85
U00139,C0126,2024-06-20,6.76
U00139,C0048,2023-03-18,189.04
U00139,C0139,2024-11-15,9.7
U00139,C0165,2023-01-07,82.48
U00139,C0016,2024-10-07,46.29
U00140,C0003,2023-03-03,123.57
U00140,C0056,2024-11-13,186.78
U00140,C0130,2024-05-09,131.86
U00140,C0117,2023-01-17,1.32
U00140,C0096,2024-07-18,82.27
U00141,C0185,2023-10-09,107.15
U00142,C0129,2024-03-16,161.23
U00142,C0179,2023-07-03,21.4
U00142,C0173,2023-04-09,104.88
U00143,C0159,2023-12-29,53.46
U00143,C0135,2024-02-11,15.8
U00143,C0065,2024-02-20,91.8
U00144,C0179,2024-12-01,165.61
U00144,C0058,2023-03-24,130.75
U00144,C0077,2024-10-27,151.92
U00145,C0098,2024-07-19,95.2
U00145,C0097,2024-10-14,1.89
U00146,C0128,2024-10-22,156.88
U00146,C0112,2024-08-02,195.47
U00147,C0136,2023-02-17,184.83
U00147,C0011,2024-12-01,185.12
U00147,C0059,2024-07-10,112.7
U00147,C0055,2023-02-03,35.87
U00147,C0178,2023-11-19,3.13
U00147,C0146,2023-08-01,117.41
U00147,C0122,2024-12-30,164.18
U00147,C0070,2023-03-20,59.86
U00148,C0146,2023-12-06,76.77
U00148,C0100,2023-05-24,158.1
U00148,C0174,2024-12-06,144.83
U00148,C0139,2024-05-27,149.09
U00149,C0026,2023-03-19,68.12
U00149,C0112,2024-09-20,190.97
U00149,C0060,2024-02-11,193.78
U00150,C0163,2024-05-17,45.63
U00150,C0070,2024-07-20,188.23
U00150,C0116,2024-03-18,37.15
U00151,C0098,2023-10-30,159.61
U00151,C0022,2024-12-31,14.7
U00151,C0198,2023-10-02,30.84
U00151,C0159,2024-12-29,156.78
U00152,C0100,2024-01-05,21.31
U00152,C0082,2023-01-06,188.59
U00153,C0195,2023-05-16,17.46
U00153,C0070,2024-03-17,89.77
U00153,C0027,2024-07-22,102.49
U00154,C0023,2024-07-21,18.61
U00154,C0091,2024-09-04,156.89
U00155,C0004,2024-07-26,181.04
U00155,C0075,2023-09-06,114.39
U00155,C0106,2023-06-23,137.06
U00155,C0100,2023-06-23,27.77
U00155,C0200,2023-11-05,53.68
U00155,C0022,2023-05-30,12.65
U00156,C0108,2023-03-20,72.22
U00156,C0077,2023-09-10,144.18
U00156,C0124,2024-05-22,118.76
U00157,C0028,2023-11-08,1.35
U00157,C0035,2024-02-10,66.44
U00158,C0085,2024-10-28,194.85
U00158,C0113,2023-05-20,60.09
U00158,C0086,2024-09-09,189.46
U00158,C0111,2023-07-25,95.8
U00159,C0102,2023-10-26,146.97
U00159,C0082,2024-10-10,98.2
U00160,C0063,2024-02-07,73.0
U00160,C0084,2024-07-31,39.96
U00160,C0097,2024-07-12,35.99
U00160,C0072,2024-07-17,5.38
U00161,C0182,2023-03-12,163.79
U00161,C0054,2024-02-23,134.6
U00161,C0113,2023-05-23,126.67
U00161,C0075,2023-09-05,50.54
U00161,C0178,2023-06-07,143.05
U00162,C0019,2024-02-15,106.87
U00162,C0115,2024-12-09,83.66
U00162,C0154,2023-02-07,158.14
U00162,C0123,2024-01-04,140.33
U00162,C0150,2024-07-03,118.76
U00163,C0028,2023-06-20,129.4
U00163,C0197,2023-02-15,112.64
U00163,C0064,2024-10-22,135.49
U00163,C0169,2024-02-14,193.36
U00163,C0171,2023-12-06,193.14
U00163,C0091,2024-03-16,21.19
U00164,C0057,2024-06-15,111.6
U00164,C0131,2024-12-05,115.05
U00165,C0101,2024-11-26,117.72
U00165,C0119,2024-05-27,30.15
U00165,C0198,2023-01-26,96.55
U00166,C0022,2023-05-26,69.67
U00166,C0030,2023-12-18,91.07
U00166,C0187,2023-07-31,104.22
U00167,C0025,2024-12-14,90.49
U00167,C0113,2023-03-10,60.05
U00167,C0185,2024-12-28,23.02
U00168,C0166,2023-09-07,103.2
U00168,C0028,2024-07-19,32.03
U00168,C0174,2024-07-27,85.27
U00168,C0043,2024-04-18,46.37
U00168,C0190,2024-02-19,125.95
U00169,C0169,2024-02-10,5.84
U00169,C0111,2024-09-20,176.62
U00170,C0110,2024-12-22,42.96
U00170,C0100,2023-10-13,150.47
U00170,C0002,2023-03-06,115.47
U00171,C0138,2024-04-13,22.79
U00171,C0048,2024-11-17,172.53
U00171,C0094,2024-06-24,193.18
U00171,C0084,2023-11-17,119.39
U00171,C0051,2024-09-17,78.51
U00172,C0091,2024-09-24,34.51
U00172,C0118,2024-11-20,141.2
U00173,C0158,2024-11-19,26.79
U00173,C0152,2023-05-01,47.71
U00173,C0022,2023-04-30,36.61
U00174,C0131,2023-05-22,114.96
U00174,C0100,2024-03-09,37.15
U00174,C0108,2024-10-12,107.48
U00174,C0153,2024-10-22,186.14
U00175,C0043,2023-10-23,28.06
U00175,C0126,2023-11-19,168.4
U00176,C0092,2023-07-19,163.04
U00176,C0003,2024-07-29,101.09
U00176,C0125,2024-05-21,81.83
U00176,C0035,2024-05-18,83.13
U00177,C0126,2023-08-14,58.42
U00177,C0043,2023-10-09,44.97
U00177,C0022,2023-10-23,33.64
U00177,C0145,2024-04-13,113.13
U00177,C0008,2024-05-22,109.95
U00178,C0030,2024-07-10,164.66
U00178,C0069,2024-01-11,108.41
U00179,C0195,2024-03-11,20.48
U00179,C0185,2024-10-31,150.27
U00179,C0113,2023-11-01,174.96
U00179,C0140,2023-02-03,89.95
U00179,C0056,2023-12-23,172.44
U00180,C0031,2023-08-31,41.98
U00180,C0199,2024-08-25,137.83
U00181,C0157,2023-07-31,162.71
U00181,C0162,2023-03-02,114.01
U00181,C0110,2024-06-29,56.22
U00181,C0043,2024-07-05,33.68
U00181,C0158,2024-12-21,58.53
U00181,C0036,2024-08-09,53.47
U00182,C0174,2023-10-11,173.41
U00182,C0025,2023-05-10,140.29
U00182,C0035,2023-05-16,49.94
U00182,C0193,2024-12-29,64.42
U00182,C0106,2023-09-11,152.29
U00182,C0016,2024-11-23,78.54
U00183,C0162,2024-10-04,82.85
U00183,C0069,2024-04-07,15.1
U00184,C0197,2023-10-12,138.94
U00184,C0024,2024-01-13,90.94
U00184,C0104,2024-05-14,65.46
U00184,C0132,2023-01-03,173.78
U00184,C0192,2023-04-06,146.19
U00185,C0171,2024-07-01,79.54
U00185,C0179,2024-03-15,164.97
U00185,C0092,2024-05-21,53.71
U00185,C0017,2023-10-18,67.55
U00186,C0145,2023-02-19,9.19
U00186,C0125,2024-10-03,156.78
U00186,C0088,2024-04-15,3.26
U00186,C0175,2023-06-11,88.26
U00187,C0110,2023-07-27,199.14
U00188,C0167,2024-01-05,50.08
U00188,C0078,2024-01-16,132.9
U00188,C0041,2024-10-26,33.11
U00188,C0071,2024-02-10,125.12
U00188,C0024,2024-12-17,151.05
U00188,C0168,2024-03-15,131.1
U00189,C0001,2024-08-30,45.24
U00189,C0055,2024-11-27,89.01
U00189,C0123,2023-01-09,139.12
U00189,C0020,2023-05-04,197.63
U00189,C0034,2024-03-08,138.81
U00190,C0059,2023-04-15,20.64
U00190,C0099,2024-01-12,176.2
U00190,C0023,2023-05-21,76.54
U00190,C0188,2023-05-17,128.32
U00191,C0018,2024-09-16,130.0
U00191,C0136,2024-03-26,70.24
U00191,C0145,2023-08-07,125.62
U00191,C0003,2023-06-05,183.98
U00192,C0114,2023-05-24,150.49
U00192,C0056,2024-08-26,146.0
U00192,C0023,2023-12-26,192.65
U00192,C0026,2023-11-19,158.22
U00193,C0166,2024-07-20,120.2
U00193,C0022,2024-09-14,56.98
U00193,C0064,2024-12-08,5.36
U00194,C0078,2023-07-13,149.57
U00194,C0053,2023-10-30,129.23
U00194,C0133,2023-09-03,98.98
U00194,C0156,2023-04-26,48.22
U00194,C0131,2024-10-15,118.79
U00195,C0004,2024-02-01,172.16
U00195,C0093,2024-08-05,84.17
U00195,C0082,2024-07-13,136.59
U00195,C0034,2024-04-27,190.89
U00196,C0005,2023-08-09,7.97
U00196,C0151,2023-03-03,189.74
U00196,C0018,2024-02-12,101.32
U00196,C0004,2024-10-05,142.53
U00196,C0068,2024-03-01,84.72
U00197,C0164,2023-06-06,55.49
U00197,C0138,2023-11-14,15.8
U00197,C0158,2023-07-28,194.86
U00198,C0084,2024-08-23,126.86
U00198,C0101,2024-10-27,136.21
U00199,C0179,2023-09-02,11.58
U00199,C0112,2023-03-30,184.93
U00200,C0157,2023-02-26,61.86
U00200,C0156,2024-11-04,148.13
U00201,C0182,2024-12-19,2.27
U00201,C0036,2024-05-23,190.6
U00202,C0185,2023-05-10,149.96
U00202,C0067,2023-10-03,146.59
U00202,C0043,2023-05-01,154.29
U00202,C0096,2023-01-31,67.0
U00203,C0135,2024-12-30,195.01
U00203,C0017,2024-10-04,15.41
U00203,C0068,2024-04-11,102.16
U00204,C0146,2024-01-12,31.46
U00204,C0043,2023-04-16,178.85
U00205,C0030,2023-01-03,8.81
U00205,C0059,2023-01-13,48.91
U00205,C0190,2024-04-28,72.8
U00205,C0131,2023-06-03,35.79
U00206,C0010,2023-11-26,49.65
U00206,C0142,2023-11-24,54.25
U00206,C0183,2023-03-21,114.31
U00206,C0190,2023-05-03,100.41
U00206,C0168,2023-02-23,35.87
U00206,C0108,2024-06-12,196.28
U00206,C0058,2024-02-15,13.79
U00207,C0073,2023-03-30,110.62
U00207,C0199,2023-01-09,73.78
U00207,C0080,2023-10-26,112.76
U00207,C0084,2023-11-08,147.92
U00208,C0095,2023-07-20,146.49
U00208,C0152,2024-07-13,152.1
U00208,C0127,2023-09-09,30.11
U00209,C0007,2023-12-10,0.29
U00209,C0060,2024-11-04,75.25
U00209,C0139,2023-11-11,20.79
U00209,C0089,2024-06-26,196.62
U00209,C0163,2024-03-05,98.41
U00209,C0178,2023-03-03,194.51
U00209,C0003,2023-05-26,142.33
U00210,C0060,2024-02-27,140.17
U00210,C0134,2024-01-17,91.69
U00211,C0149,2024-02-08,14.97
U00211,C0025,2024-08-04,12.46
U00211,C0130,2024-11-09,192.84
U00211,C0035,2023-08-31,58.34
U00211,C0164,2023-11-19,185.21
U00212,C0189,2024-04-08,54.39
U00212,C0084,2023-03-18,188.71
U00212,C0082,2023-05-20,155.99
U00213,C0040,2024-04-22,62.81
U00213,C0028,2023-05-04,107.18
U00213,C0043,2023-08-01,90.38
U00213,C0116,2024-04-19,53.0
U00214,C0041,2023-11-08,165.28
U00214,C0176,2024-12-14,120.66
U00215,C0084,2024-12-29,49.64
U00215,C0038,2023-12-31,79.25
U00215,C0024,2023-02-20,135.44
U00216,C0045,2024-04-08,111.19
U00216,C0008,2024-07-17,49.97
U00216,C0104,2024-04-18,20.38
U00217,C0032,2023-05-14,39.63
U00217,C0004,2024-02-15,74.45
U00217,C0016,2024-10-07,187.51
U00217,C0200,2023-03-28,116.46
U00217,C0057,2023-09-23,183.49
U00218,C0017,2024-10-23,88.69
U00218,C0051,2023-05-12,18.4
U00219,C0085,2023-06-22,184.83
U00219,C0032,2024-03-19,164.34
U00219,C0011,2024-02-09,99.23
U00219,C0119,2024-01-27,136.64
U00219,C0013,2023-06-26,70.79
U00220,C0071,2024-09-26,123.4
U00220,C0072,2024-10-24,59.02
U00220,C0115,2024-02-26,176.56
U00220,C0039,2024-05-05,12.2
U00220,C0009,2023-10-14,76.6
U00220,C0158,2024-03-05,39.89
U00221,C0135,2024-12-31,71.82
U00221,C0064,2024-07-11,156.29
U00221,C0162,2023-12-19,182.54
U00221,C0140,2024-05-29,64.32
U00221,C0005,2023-10-04,35.96
U00221,C0098,2023-11-23,119.42
U00222,C0200,2023-10-15,11.72
U00223,C0136,2024-11-03,48.23
U00223,C0092,2024-06-30,163.26
U00223,C0197,2023-02-27,152.81
U00223,C0150,2023-08-13,115.14
U00223,C0060,2024-02-02,70.96
U00223,C0041,2023-06-27,35.22
U00223,C0026,2024-08-29,63.6
U00223,C0064,2024-12-15,71.76
U00224,C0181,2024-07-31,28.42
U00224,C0180,2023-07-12,167.34
U00224,C0091,2024-05-19,108.42
U00224,C0146,2023-06-29,98.09
U00225,C0060,2023-08-13,3.99
U00225,C0155,2024-05-04,0.14
U00226,C0052,2023-03-02,4.38
U00226,C0034,2024-08-23,140.94
U00226,C0088,2023-05-26,154.87
U00226,C0184,2024-06-22,172.13
U00226,C0046,2023-03-16,74.72
U00226,C0083,2024-11-09,79.12
U00227,C0078,2023-05-20,195.17
U00227,C0083,2024-03-23,158.37
U00228,C0167,2024-01-01,44.65
U00228,C0082,2024-08-26,162.89
U00228,C0045,2024-01-23,61.36
U00228,C0182,2024-12-06,58.9
U00228,C0144,2023-07-01,145.77
U00228,C0178,2024-12-19,189.74
U00228,C0158,2024-02-05,170.15
U00229,C0146,2024-09-18,44.18
U00229,C0009,2024-08-02,20.82
U00229,C0047,2024-05-23,28.13
U00229,C0155,2023-03-21,47.6
U00229,C0082,2023-11-24,33.58
U00230,C0023,2024-04-02,2.28
U00230,C0182,2023-08-03,49.91
U00230,C0172,2023-03-11,70.1
U00230,C0164,2023-04-21,144.08
U00230,C0187,2023-02-19,77.19
U00230,C0086,2024-03-05,193.82
U00231,C0127,2024-08-14,130.19
U00231,C0097,2024-12-04,45.12
U00231,C0090,2024-04-07,14.74
U00231,C0140,2023-02-04,58.98
U00231,C0026,2023-11-23,52.23
U00231,C0123,2023-04-18,14.84
U00232,C0097,2023-03-18,109.41
U00232,C0042,2023-04-06,67.59
U00233,C0124,2023-06-10,10.71
U00233,C0181,2023-12-06,41.11
U00233,C0008,2023-07-14,81.86
U00233,C0111,2024-07-21,144.41
U00233,C0168,2024-07-07,53.05
U00233,C0043,2023-10-16,59.48
U00233,C0156,2023-04-09,9.93
U00233,C0112,2024-08-08,109.93
U00234,C0014,2023-03-31,58.91
U00234,C0093,2024-11-08,125.02
U00234,C0001,2024-05-06,39.93
U00234,C0110,2023-01-27,41.39
U00235,C0021,2024-02-12,94.19
U00235,C0122,2024-11-07,53.0
U00235,C0030,2024-10-19,108.83
U00235,C0079,2023-07-09,74.2
U00236,C0048,2023-09-27,87.95
U00236,C0115,2023-09-27,45.25
U00236,C0012,2023-10-03,112.85
U00237,C0179,2023-04-10,17.14
U00237,C0171,2023-12-19,161.64
U00238,C0194,2024-07-20,12.2
U00238,C0151,2024-02-01,163.68
U00238,C0059,2024-03-04,193.13
U00239,C0122,2023-03-22,78.96
U00239,C0147,2023-02-05,100.42
U00239,C0061,2024-06-13,160.09
U00239,C0077,2024-11-24,196.55
U00240,C0194,2023-06-27,189.81
U00240,C0115,2023-06-21,194.43
U00241,C0033,2024-03-21,40.38
U00241,C0011,2024-10-04,29.58
U00241,C0109,2024-09-01,51.58
U00241,C0021,2023-03-10,17.41
U00241,C0175,2024-07-23,79.47
U00242,C0071,2023-01-13,157.31
U00242,C0134,2024-09-30,117.52
U00242,C0118,2024-03-05,22.5
U00243,C0146,2024-08-19,151.68
U00243,C0151,2023-04-13,184.99
U00244,C0026,2024-02-25,52.83
U00244,C0074,2024-11-01,97.12
U00244,C0138,2024-09-15,94.61
U00244,C0089,2023-06-26,55.08
U00245,C0156,2024-12-11,80.34
U00245,C0175,2024-02-10,177.91
U00246,C0061,2024-05-01,184.17
U00246,C0013,2024-01-17,4.05
U00246,C0191,2023-11-07,62.19
U00247,C0179,2023-11-04,194.84
U00247,C0176,2024-03-29,154.81
U00247,C0026,2023-11-25,53.88
U00247,C0059,2024-03-02,121.0
U00247,C0035,2023-04-02,37.59
U00248,C0105,2024-06-12,173.44
U00248,C0190,2023-02-27,103.05
U00248,C0125,2023-06-12,13.12
U00249,C0104,2023-01-30,34.75
U00249,C0035,2023-07-25,167.4
U00249,C0200,2023-09-13,6.61
U00249,C0135,2023-02-21,183.61
U00249,C0146,2024-12-22,39.82
U00250,C0119,2024-10-12,184.61
U00250,C0130,2024-11-28,6.11
U00250,C0102,2024-01-17,97.76
U00251,C0122,2023-12-25,68.85
U00251,C0151,2023-09-22,149.79
U00251,C0142,2024-12-06,18.08
U00252,C0013,2023-06-16,170.76
U00253,C0055,2023-07-31,53.82
U00253,C0057,2024-02-24,102.66
U00253,C0166,2024-11-29,1.78
U00253,C0058,2023-05-16,129.47
U00253,C0174,2024-09-07,160.17
U00254,C0156,2024-12-27,128.55
U00254,C0079,2024-03-09,179.1
U00254,C0183,2023-12-24,91.8
U00255,C0078,2024-09-30,79.43
U00255,C0174,2023-04-15,1.47
U00255,C0134,2024-11-09,193.3
U00256,C0144,2023-11-02,136.88
U00256,C0166,2024-05-08,12.77
U00256,C0153,2023-10-11,128.12
U00256,C0156,2023-10-11,52.23
U00256,C0073,2024-12-29,190.44
U00257,C0049,2023-09-04,179.94
U00257,C0039,2024-09-06,80.82
U00257,C0133,2023-11-24,136.15
U00257,C0196,2023-01-27,131.08
U00258,C0067,2024-08-08,163.2
U00258,C0108,2023-12-18,145.31
U00258,C0104,2023-08-16,137.26
U00258,C0100,2024-10-15,156.98
U00258,C0189,2024-11-18,71.7
U00258,C0010,2023-11-04,169.08
U00258,C0150,2024-11-04,175.3
U00258,C0182,2023-07-05,58.76
U00259,C0190,2023-07-07,189.38
U00259,C0067,2023-12-10,130.89
U00259,C0186,2023-08-16,71.06
U00259,C0144,2023-11-11,84.09
U00260,C0096,2024-04-26,10.74
U00260,C0067,2024-10-11,116.71
U00260,C0150,2024-09-27,14.24
U00260,C0076,2023-07-19,100.1
U00260,C0119,2024-11-28,76.33
U00260,C0031,2023-11-02,82.62
U00261,C0039,2024-04-13,28.64
U00261,C0036,2023-07-04,155.79
U00261,C0052,2024-05-14,66.53
U00261,C0088,2023-07-01,62.68
U00261,C0105,2023-03-01,0.94
U00261,C0146,2023-10-08,41.88
U00262,C0148,2023-04-01,25.88
U00262,C0196,2024-03-20,126.7
U00262,C0041,2024-02-18,85.81
U00262,C0126,2024-05-03,76.66
U00262,C0200,2023-02-08,106.76
U00263,C0004,2023-01-19,135.35
U00263,C0083,2024-10-03,146.72
U00263,C0194,2023-08-20,138.7
U00263,C0136,2023-12-19,62.42
U00263,C0049,2023-04-16,76.71
U00264,C0043,2023-10-25,91.19
U00264,C0017,2024-06-16,119.27
U00264,C0012,2023-12-12,86.73
U00264,C0077,2024-12-04,199.09
U00265,C0126,2023-07-12,32.98
U00265,C0092,2024-02-18,3.82
U00265,C0193,2023-08-18,145.43
U00266,C0188,2024-08-26,100.93
U00266,C0006,2023-05-07,73.32
U00267,C0010,2024-07-01,124.63
U00267,C0097,2024-08-31,198.94
U00267,C0164,2024-11-08,21.62
U00267,C0066,2023-01-21,9.65
U00268,C0114,2023-05-07,109.46
U00268,C0098,2024-04-30,140.37
U00269,C0176,2023-11-05,84.17
U00269,C0162,2023-04-14,132.5
U00269,C0003,2023-10-04,124.56
U00270,C0108,2023-05-01,56.54
U00270,C0027,2023-04-19,99.55
U00270,C0131,2024-09-15,39.95
U00270,C0185,2023-09-27,166.3
U00270,C0159,2023-07-26,71.58
U00271,C0042,2024-05-23,182.07
U00271,C0011,2024-12-05,186.62
U00271,C0141,2023-12-05,46.9
U00272,C0023,2023-04-24,167.05
U00273,C0039,2023-03-18,144.71
U00273,C0024,2023-04-14,180.96
U00273,C0200,2024-10-21,46.23
U00273,C0131,2023-10-31,52.83
U00274,C0045,2023-10-25,72.04
U00274,C0011,2024-11-24,62.54
U00275,C0025,2024-11-10,129.44
U00275,C0195,2023-12-03,71.51
U00275,C0012,2024-03-24,191.02
U00275,C0003,2023-10-02,175.7
U00275,C0036,2023-04-06,74.52
U00276,C0030,2023-10-06,167.14
U00276,C0103,2024-12-07,170.13
U00276,C0117,2024-03-07,129.77
U00277,C0029,2023-06-13,20.74
U00277,C0034,2024-08-27,96.53
U00277,C0179,2024-08-05,135.68
U00277,C0186,2023-07-05,122.26
U00277,C0016,2024-01-03,122.27
U00278,C0187,2024-03-27,9.19
U00278,C0034,2023-09-25,130.99
U00278,C0124,2023-01-13,140.91
U00278,C0125,2024-11-25,104.96
U00278,C0029,2024-08-13,144.75
U00278,C0106,2023-08-18,195.58
U00279,C0087,2024-12-18,123.65
U00279,C0133,2024-03-19,132.34
U00279,C0134,2023-09-12,96.39
U00279,C0177,2024-11-10,135.26
U00280,C0143,2023-01-12,128.68
U00280,C0157,2023-06-10,101.11
U00280,C0014,2024-04-25,170.37
U00281,C0020,2023-10-12,10.07
U00281,C0193,2023-08-17,110.1
U00281,C0126,2024-01-23,80.66
U00281,C0083,2023-08-29,15.77
U00281,C0062,2024-03-30,160.25
U00281,C0085,2024-04-03,17.6
U00282,C0081,2024-10-31,3.55
U00282,C0031,2024-02-18,82.47
U00282,C0128,2024-07-24,109.82
U00282,C0191,2023-04-04,158.36
U00283,C0164,2024-04-12,190.07
U00283,C0078,2024-01-08,165.06
U00283,C0131,2023-08-17,168.86
U00283,C0144,2023-12-06,112.03
U00283,C0053,2024-09-26,119.99
U00283,C0168,2024-11-03,72.66
U00283,C0172,2024-04-08,22.8
U00284,C0057,2023-10-26,109.54
U00284,C0001,2024-01-18,140.42
U00284,C0088,2023-02-16,179.38
U00284,C0091,2024-05-19,28.09
U00284,C0163,2024-02-24,21.39
U00285,C0049,2024-04-13,164.91
U00285,C0031,2023-07-15,143.36
U00285,C0101,2023-04-21,151.43
U00285,C0056,2023-02-17,185.33
U00286,C0151,2024-11-05,117.86
U00286,C0032,2024-05-31,26.93
U00286,C0198,2024-05-25,0.87
U00286,C0116,2023-02-19,110.65
U00286,C0118,2024-03-19,167.76
U00287,C0131,2024-08-15,34.73
U00287,C0200,2023-05-12,20.71
U00287,C0046,2024-11-04,120.11
U00287,C0178,2023-11-26,100.82
U00288,C0156,2023-09-12,54.72
U00288,C0178,2023-12-18,194.1
U00288,C0196,2024-04-08,160.96
U00289,C0155,2024-06-08,59.78
U00289,C0180,2024-12-19,109.56
U00290,C0189,2023-08-11,40.18
U00290,C0142,2024-10-01,142.88
U00290,C0162,2024-12-04,69.06
U00291,C0182,2024-07-09,138.86
U00291,C0167,2023-11-27,142.07
U00291,C0046,2023-12-27,112.46
U00291,C0129,2024-08-19,114.13
U00292,C0107,2023-10-20,175.5
U00292,C0173,2024-03-08,161.66
U00292,C0192,2024-06-19,21.29
U00292,C0137,2024-01-26,29.07
U00293,C0052,2023-10-21,136.68
U00293,C0069,2023-05-30,167.88
U00293,C0193,2024-12-08,156.87
U00293,C0042,2023-07-28,150.72
U00294,C0116,2023-04-15,123.22
U00295,C0144,2024-07-28,77.78
U00295,C0058,2024-06-07,156.86
U00295,C0191,2024-12-13,57.53
U00295,C0166,2024-11-11,9.4
U00296,C0107,2024-07-19,10.76
U00296,C0176,2023-09-15,40.62
U00296,C0081,2024-03-29,166.0
U00297,C0181,2024-07-13,147.69
U00297,C0182,2023-07-21,155.23
U00297,C0166,2023-07-18,58.84
U00297,C0095,2023-07-01,196.69
U00297,C0194,2023-03-18,37.4
U00297,C0151,2023-06-27,147.02
U00298,C0011,2023-10-13,111.32
U00298,C0110,2023-05-14,32.19
U00299,C0002,2023-02-10,30.74
U00299,C0085,2023-11-27,119.38
U00299,C0120,2024-10-02,123.12
U00299,C0182,2024-11-08,60.23
U00299,C0040,2024-08-09,110.03
U00300,C0182,2024-06-22,43.99
U00300,C0082,2023-07-08,104.12
U00301,C0041,2023-04-05,69.88
U00301,C0107,2023-08-07,132.67
U00301,C0140,2023-12-06,72.16
U00301,C0138,2023-08-12,190.06
U00301,C0104,2024-09-25,106.1
U00302,C0193,2024-10-19,122.74
U00302,C0167,2024-09-28,48.77
U00302,C0003,2023-02-10,136.51
U00302,C0030,2023-11-25,76.27
U00302,C0172,2023-04-27,77.18
U00302,C0089,2024-07-07,144.8
U00302,C0115,2023-01-26,182.27
U00302,C0062,2024-01-19,102.86
U00303,C0125,2023-07-17,64.06
U00303,C0012,2023-03-26,189.64
U00303,C0076,2023-06-21,194.33
U00303,C0167,2024-07-04,106.64
U00304,C0054,2023-08-07,172.99
U00304,C0172,2024-03-10,167.13
U00304,C0162,2023-07-30,107.55
U00304,C0199,2024-12-20,175.73
U00305,C0112,2023-06-07,4.75
U00305,C0166,2023-12-06,7.58
U00305,C0019,2023-03-17,10.85
U00305,C0192,2023-09-15,111.62
U00305,C0176,2024-08-11,164.32
U00306,C0105,2023-11-20,3.38
U00306,C0100,2024-11-20,23.66
U00306,C0116,2023-01-07,128.28
U00306,C0162,2024-09-25,12.65
U00306,C0104,2024-08-22,9.1
U00306,C0111,2023-03-16,71.54
U00307,C0075,2023-03-30,56.3
U00307,C0176,2024-03-24,76.28
U00307,C0078,2024-11-07,6.16
U00307,C0156,2023-06-10,106.69
U00308,C0101,2023-10-30,192.03
U00308,C0140,2023-05-28,59.61
U00309,C0187,2023-05-25,24.65
U00309,C0166,2023-01-06,114.54
U00309,C0096,2024-02-08,107.43
U00309,C0003,2023-03-29,60.94
U00309,C0142,2023-12-19,42.35
U00309,C0143,2024-10-23,170.29
U00310,C0048,2024-09-23,166.95
U00310,C0057,2023-07-18,22.92
U00311,C0146,2024-04-17,128.93
U00311,C0014,2023-03-16,58.13
U00311,C0193,2023-03-10,50.14
U00311,C0141,2023-07-22,145.12
U00312,C0085,2024-11-02,46.91
U00312,C0092,2023-10-19,123.9
U00312,C0033,2023-07-18,63.56
U00312,C0172,2024-04-06,65.67
U00313,C0178,2024-08-03,72.9
U00313,C0150,2023-11-20,191.73
U00313,C0040,2023-06-22,0.97
U00313,C0145,2023-09-10,157.13
U00314,C0165,2024-11-26,146.59
U00314,C0112,2024-05-06,92.57
U00314,C0071,2024-01-03,154.95
U00314,C0093,2024-05-13,110.33
U00314,C0035,2023-06-29,129.11
U00315,C0072,2024-07-05,39.29
U00315,C0036,2024-10-03,15.29
U00316,C0005,2024-10-08,6.24
U00316,C0130,2024-08-18,115.78
U00317,C0055,2024-07-06,94.42
U00317,C0010,2023-06-02,73.16
U00317,C0142,2023-08-17,178.29
U00317,C0067,2024-08-26,146.65
U00317,C0140,2023-10-25,26.78
U00318,C0024,2023-01-11,132.54
U00318,C0102,2024-09-20,136.83
U00318,C0094,2024-06-10,28.07
U00318,C0129,2023-06-13,35.83
U00319,C0169,2023-08-13,152.29
U00319,C0038,2023-08-26,12.57
U00319,C0189,2024-01-14,46.8
U00319,C0188,2024-11-15,41.35
U00319,C0124,2024-01-05,77.62
U00319,C0092,2024-04-10,176.31
U00319,C0011,2023-02-10,196.12
U00320,C0181,2023-10-08,166.97
U00320,C0134,2023-09-27,115.73
U00320,C0163,2024-08-06,34.77
U00321,C0094,2024-06-13,50.32
U00321,C0151,2023-08-17,103.27
U00321,C0168,2023-12-28,163.45
U00321,C0020,2023-12-20,97.37
U00322,C0155,2024-03-26,33.12
U00322,C0002,2023-03-20,102.91
U00322,C0129,2023-10-15,42.3
U00322,C0036,2023-07-11,31.47
U00323,C0031,2023-12-05,144.05
U00323,C0170,2024-05-08,135.05
U00323,C0059,2024-05-05,42.14
U00323,C0107,2023-06-15,129.45
U00324,C0063,2024-08-10,118.47
U00324,C0012,2023-05-18,125.91
U00324,C0033,2023-02-10,178.16
U00325,C0043,2023-07-04,103.33
U00325,C0067,2024-02-20,119.87
U00326,C0005,2023-10-18,189.45
U00326,C0185,2023-08-10,89.84
U00326,C0187,2024-04-27,173.46
U00326,C0170,2023-06-24,43.87
U00327,C0037,2023-07-06,124.64
U00327,C0150,2024-06-07,52.9
U00327,C0197,2024-12-03,68.53
U00328,C0152,2024-01-30,26.44
U00328,C0018,2023-01-17,40.47
U00328,C0059,2024-05-31,136.87
U00328,C0097,2023-06-03,121.1
U00329,C0158,2023-02-09,175.55
U00329,C0154,2024-06-28,100.67
U00330,C0124,2023-05-14,180.4
U00330,C0169,2024-07-06,165.5
U00331,C0199,2024-01-15,174.96
U00331,C0174,2024-12-15,105.96
U00331,C0167,2023-08-23,187.68
U00331,C0111,2024-05-08,157.91
U00331,C0134,2024-01-26,70.1
U00331,C0108,2024-12-14,115.22
U00332,C0066,2023-08-27,182.02
U00332,C0123,2023-03-27,56.65
U00332,C0197,2024-07-10,81.73
U00333,C0182,2023-01-08,115.6
U00333,C0191,2023-05-01,103.95
U00334,C0053,2024-02-23,72.45
U00334,C0177,2023-06-08,85.21
U00334,C0081,2024-08-22,50.73
U00335,C0109,2024-02-11,150.99
U00335,C0145,2024-02-28,110.42
U00335,C0094,2024-07-24,96.49
U00335,C0157,2024-01-15,111.82
U00335,C0071,2024-05-10,50.76
U00335,C0175,2023-11-11,115.53
U00336,C0102,2023-08-24,89.32
U00336,C0189,2024-12-17,189.85
U00336,C0036,2023-04-13,42.89
U00336,C0169,2024-02-15,157.22
U00336,C0031,2024-07-17,122.81
U00337,C0014,2023-01-06,160.87
U00337,C0042,2023-05-29,94.33
U00337,C0100,2024-09-06,87.08
U00337,C0163,2023-03-07,52.62
U00338,C0156,2024-01-29,186.14
U00338,C0010,2024-02-15,122.79
U00338,C0186,2024-06-17,57.29
U00339,C0015,2023-07-26,170.11
U00339,C0199,2024-06-14,57.2
U00339,C0045,2023-02-04,156.79
U00339,C0164,2024-06-06,103.16
U00339,C0127,2023-08-26,123.04
U00339,C0113,2024-11-21,7.21
U00339,C0003,2023-09-02,131.0
U00340,C0023,2024-08-23,40.06
U00340,C0071,2023-01-16,147.39
U00340,C0200,2023-03-12,183.84
U00340,C0103,2024-07-16,56.9
U00340,C0091,2024-07-26,183.0
U00340,C0172,2023-12-23,69.5
U00340,C0102,2023-10-11,45.26
U00340,C0104,2023-07-19,90.95
U00341,C0002,2024-02-21,101.25
U00341,C0067,2024-07-26,14.48
U00341,C0045,2023-10-29,67.99
U00342,C0132,2024-07-04,162.63
U00342,C0066,2024-08-11,50.03
U00343,C0097,2023-09-07,151.49
U00343,C0145,2024-04-14,136.32
U00343,C0124,2024-08-23,172.4
U00344,C0067,2023-08-14,135.38
U00344,C0018,2023-08-24,160.03
U00344,C0098,2024-02-27,191.09
U00344,C0163,2024-06-12,107.13
U00345,C0068,2024-11-20,149.76
U00345,C0064,2023-12-17,15.21
U00345,C0074,2023-07-02,95.31
U00345,C0024,2023-12-29,43.71
U00345,C0103,2024-08-10,53.82
U00346,C0175,2023-09-29,41.36
U00346,C0049,2023-07-27,166.99
U00346,C0128,2024-09-25,71.21
U00346,C0189,2023-04-20,23.98
U00346,C0052,2023-03-22,135.16
U00346,C0061,2024-11-10,98.53
U00346,C0062,2023-01-07,152.85
U00347,C0011,2023-11-19,98.47
U00347,C0124,2024-08-11,173.75
U00347,C0096,2024-05-17,36.57
U00347,C0159,2024-06-07,56.05
U00348,C0148,2024-06-22,159.85
U00348,C0033,2024-05-04,187.93
U00348,C0014,2023-02-03,100.5
U00349,C0176,2024-04-13,195.3
U00349,C0199,2024-12-16,103.64
U00349,C0045,2023-11-20,137.84
U00350,C0054,2024-01-24,116.2
U00351,C0157,2024-07-15,52.57
U00351,C0067,2023-10-03,94.27
U00351,C0048,2024-09-19,68.62
U00352,C0109,2024-03-05,140.14
U00352,C0054,2024-01-17,73.02
U00353,C0116,2023-05-15,195.85
U00353,C0047,2024-12-03,45.71
U00353,C0147,2023-04-13,144.16
U00354,C0143,2023-06-03,94.6
U00354,C0111,2023-01-10,35.32
U00354,C0098,2024-05-26,26.89
U00354,C0051,2024-10-07,103.4
U00354,C0038,2023-11-20,157.07
U00355,C0144,2024-02-12,19.79
U00355,C0146,2023-06-17,12.01
U00355,C0013,2023-09-18,95.31
U00356,C0116,2024-01-05,72.06
U00356,C0191,2024-07-24,186.37
U00356,C0086,2023-09-21,68.83
U00356,C0067,2024-02-26,24.25
U00357,C0156,2023-10-19,71.02
U00357,C0051,2024-11-20,102.09
U00357,C0148,2024-04-02,177.93
U00357,C0167,2024-01-26,122.73
U00357,C0138,2024-04-19,126.34
U00357,C0045,2023-05-29,173.65
U00358,C0087,2024-08-08,80.95
U00358,C0108,2023-03-15,15.82
U00358,C0162,2023-12-18,45.64
U00358,C0157,2023-11-21,130.6
U00359,C0155,2024-01-07,149.58
U00359,C0166,2024-06-17,193.11
U00359,C0102,2024-02-28,33.46
U00359,C0070,2023-01-24,25.01
U00359,C0114,2023-08-29,132.4
U00360,C0180,2023-04-08,12.76
U00360,C0192,2024-04-29,109.69
U00360,C0021,2023-01-27,154.19
U00360,C0054,2024-06-20,153.0
U00360,C0043,2023-03-27,20.79
U00360,C0102,2024-09-24,31.05
U00360,C0027,2024-11-01,186.32
U00361,C0059,2023-10-18,88.63
U00361,C0064,2023-05-10,26.26
U00361,C0189,2023-06-24,5.71
U00362,C0084,2023-10-06,109.71
U00362,C0122,2023-05-19,193.91
U00362,C0120,2024-12-15,107.86
U00362,C0139,2024-08-28,119.52
U00363,C0163,2024-10-17,127.91
U00363,C0145,2023-11-14,181.78
U00363,C0112,2024-05-08,107.93
U00363,C0135,2023-04-02,88.37
U00364,C0067,2023-01-11,0.02
U00364,C0040,2023-05-20,68.78
U00364,C0078,2024-04-25,107.02
U00365,C0126,2023-01-10,153.17
U00365,C0194,2023-10-27,119.4
U00365,C0123,2023-01-08,109.64
U00365,C0077,2023-07-13,82.35
U00366,C0102,2024-10-23,77.94
U00366,C0064,2024-01-23,44.12
U00366,C0042,2023-03-23,84.45
U00366,C0184,2023-09-03,103.32
U00367,C0157,2024-10-26,148.59
U00367,C0178,2023-10-03,82.58
U00367,C0176,2023-03-12,36.48
U00367,C0070,2023-10-24,22.07
U00367,C0073,2024-04-11,123.55
U00368,C0160,2023-11-25,3.88
U00368,C0126,2023-02-20,193.94
U00368,C0049,2023-01-23,37.19
U00369,C0069,2024-03-24,145.42
U00369,C0033,2023-08-27,18.04
U00370,C0056,2023-12-17,84.05
U00371,C0128,2023-12-05,16.04
U00371,C0096,2023-05-30,11.21
U00371,C0119,2024-02-06,14.28
U00371,C0179,2024-04-26,36.32
U00371,C0009,2023-09-14,163.45
U00372,C0032,2024-03-29,49.43
U00372,C0197,2023-02-04,39.84
U00372,C0183,2023-04-07,104.23
U00372,C0064,2023-08-02,94.57
U00372,C0099,2024-11-28,192.24
U00373,C0041,2023-05-06,50.66
U00373,C0162,2024-10-15,59.76
U00373,C0187,2024-01-05,177.5
U00373,C0011,2024-11-13,43.56
U00373,C0191,2023-04-26,47.19
U00373,C0141,2024-03-20,64.9
U00373,C0134,2023-06-21,158.88
U00374,C0102,2024-08-18,156.7
U00374,C0063,2024-05-01,137.68
U00374,C0003,2023-06-08,74.28
U00374,C0011,2023-04-02,49.74
U00375,C0176,2024-10-02,12.01
U00375,C0159,2023-12-31,128.91
U00375,C0087,2024-12-19,107.27
U00375,C0195,2023-04-20,25.17
U00376,C0143,2023-12-22,161.11
U00376,C0166,2024-03-25,146.64
U00376,C0194,2023-01-22,137.85
U00377,C0035,2024-05-11,141.33
U00377,C0065,2024-07-26,58.94
U00377,C0011,2024-12-14,98.02
U00378,C0140,2024-04-24,55.06
U00378,C0090,2024-09-05,182.89
U00378,C0083,2024-07-21,32.07
U00378,C0188,2024-06-27,31.01
U00379,C0068,2024-04-09,0.14
U00379,C0139,2024-10-15,101.19
U00379,C0094,2023-07-09,176.59
U00380,C0094,2023-11-25,144.2
U00380,C0199,2024-11-05,193.43
U00380,C0159,2024-02-01,37.97
U00380,C0062,2024-11-30,99.51
U00381,C0157,2024-10-18,64.4
U00381,C0073,2023-04-09,104.64
U00381,C0083,2023-03-10,8.76
U00381,C0105,2023-05-13,35.73
U00382,C0028,2024-05-12,38.32
U00383,C0165,2024-02-02,131.58
U00384,C0180,2024-01-11,44.14
U00384,C0152,2023-03-14,2.62
U00384,C0066,2023-08-02,131.15
U00384,C0013,2023-03-23,93.61
U00385,C0093,2024-01-13,158.85
U00385,C0143,2023-03-01,164.73
U00385,C0191,2023-09-30,105.8
U00385,C0107,2023-03-14,166.89
U00386,C0056,2023-04-10,20.25
U00386,C0133,2023-08-25,106.33
U00387,C0135,2023-09-12,114.01
U00387,C0169,2023-07-03,111.68
U00388,C0192,2024-08-13,71.59
U00388,C0028,2024-04-14,140.51
U00388,C0197,2024-03-13,176.56
U00388,C0164,2023-06-20,158.49
U00389,C0130,2024-06-30,199.69
U00389,C0087,2024-03-29,186.7
U00389,C0169,2023-11-19,110.02
U00389,C0041,2023-11-29,168.97
U00390,C0163,2023-11-28,121.68
U00390,C0111,2024-07-30,109.13
U00390,C0186,2024-01-20,153.14
U00391,C0066,2023-02-05,196.59
U00391,C0093,2024-09-02,3.26
U00391,C0116,2023-05-19,198.68
U00391,C0115,2023-11-06,1.31
U00391,C0102,2023-08-16,42.96
U00391,C0001,2023-11-19,4.34
U00392,C0177,2024-08-07,185.18
U00392,C0071,2023-06-08,18.86
U00392,C0142,2024-04-16,71.13
U00392,C0131,2023-05-22,53.0
U00392,C0143,2024-08-19,49.97
U00393,C0077,2024-02-14,113.81
U00393,C0024,2023-08-11,146.85
U00393,C0147,2023-11-29,158.58
U00394,C0177,2024-08-13,163.9
U00394,C0180,2023-04-08,119.05
U00395,C0188,2023-03-22,156.02
U00395,C0148,2023-12-09,69.59
U00395,C0098,2024-03-20,83.3
U00396,C0198,2024-10-11,155.48
U00396,C0059,2024-01-27,10.83
U00396,C0192,2024-06-20,8.24
U00396,C0168,2024-07-06,112.98
U00396,C0155,2023-12-01,100.48
U00396,C0003,2023-08-15,30.64
U00397,C0101,2024-08-12,100.95
U00397,C0115,2023-08-16,86.39
U00397,C0193,2024-02-08,29.6
U00397,C0153,2023-12-11,16.51
U00398,C0013,2023-03-29,79.71
U00398,C0141,2024-03-20,154.77
U00398,C0103,2023-05-14,152.41
U00398,C0068,2024-05-07,111.86
U00399,C0167,2024-09-22,199.42
U00399,C0147,2024-06-20,49.25
U00399,C0051,2023-03-15,53.25
U00399,C0144,2024-03-16,64.68
U00400,C0023,2023-12-23,38.1
U00400,C0029,2023-12-19,118.78
U00400,C0172,2023-01-25,153.94
U00400,C0106,2023-06-23,197.53
U00400,C0109,2024-09-23,164.32
U00400,C0094,2024-03-28,124.64
U00401,C0060,2024-01-18,31.2
U00401,C0052,2023-03-29,22.47
U00401,C0176,2023-02-25,48.61
U00402,C0038,2024-12-11,160.86
U00402,C0074,2023-11-09,90.01
U00402,C0004,2023-01-24,66.38
U00402,C0088,2024-07-04,42.38
U00403,C0193,2024-09-29,145.98
U00403,C0067,2023-05-25,139.01
U00403,C0141,2024-11-15,3.68
U00403,C0124,2024-08-19,181.21
U00404,C0066,2023-07-25,157.84
U00404,C0044,2024-09-24,54.26
U00404,C0016,2024-04-21,130.95
U00404,C0073,2023-01-09,13.32
U00405,C0170,2023-01-20,58.5
U00405,C0169,2024-10-26,77.3
U00405,C0093,2024-01-25,101.71
U00405,C0028,2024-12-27,19.92
U00406,C0153,2023-07-10,39.78
U00406,C0137,2024-04-13,112.14
U00406,C0023,2024-12-30,4.3
U00407,C0136,2024-05-16,78.68
U00407,C0079,2023-06-10,3.67
U00407,C0086,2024-12-01,70.38
U00408,C0061,2024-10-02,51.54
U00408,C0129,2024-02-01,178.08
U00408,C0071,2023-01-31,188.83
U00408,C0016,2023-10-14,45.12
U00409,C0101,2023-03-31,145.98
U00409,C0169,2024-06-17,192.12
U00409,C0036,2024-09-19,174.54
U00410,C0107,2024-03-12,194.11
U00410,C0062,2024-09-11,65.86
U00410,C0147,2024-07-09,26.35
U00410,C0040,2024-10-30,27.72
U00411,C0052,2024-12-23,179.73
U00411,C0036,2023-05-19,86.01
U00411,C0080,2023-05-29,131.25
U00411,C0177,2024-08-01,183.42
U00412,C0143,2023-05-02,36.83
U00412,C0137,2023-05-30,145.42
U00412,C0185,2023-11-23,176.03
U00413,C0106,2024-10-14,186.65
U00413,C0078,2023-10-08,30.39
U00413,C0114,2023-07-12,21.35
U00414,C0196,2024-09-23,53.37
U00414,C0157,2024-08-03,122.47
U00415,C0060,2023-03-23,137.63
U00415,C0176,2024-05-03,26.82
U00415,C0007,2024-09-11,93.75
U00415,C0092,2024-10-27,74.79
U00416,C0126,2023-02-03,81.72
U00416,C0122,2023-01-16,185.09
U00416,C0036,2024-02-27,44.51
U00416,C0042,2024-11-18,197.65
U00416,C0050,2023-07-29,13.23
U00416,C0058,2024-03-25,173.43
U00417,C0084,2024-02-19,155.24
U00417,C0118,2024-09-14,147.07
U00417,C0064,2024-01-25,144.04
U00417,C0110,2024-02-08,122.3
U00418,C0153,2023-02-09,104.13
U00418,C0138,2024-04-07,91.38
U00418,C0135,2023-02-13,175.56
U00418,C0165,2023-09-09,103.74
U00418,C0181,2024-02-10,196.77
U00419,C0100,2024-06-12,153.03
U00420,C0049,2024-04-17,33.3
U00420,C0075,2023-10-29,122.63
U00420,C0113,2023-02-25,137.99
U00420,C0102,2023-05-26,92.72
U00420,C0078,2024-10-23,90.34
U00420,C0199,2024-05-27,22.63
U00420,C0074,2024-08-22,187.57
U00421,C0035,2024-04-06,4.98
U00421,C0101,2024-04-09,118.06
U00421,C0106,2024-12-30,179.16
U00421,C0083,2024-04-10,18.04
U00422,C0167,2023-05-07,18.24
U00422,C0183,2024-12-24,89.88
U00422,C0042,2024-01-07,17.06
U00423,C0187,2024-07-17,76.12
U00423,C0131,2023-06-24,182.45
U00423,C0157,2024-08-02,174.26
U00423,C0041,2023-06-03,32.42
U00423,C0097,2023-05-29,35.77
U00424,C0108,2024-04-01,57.76
U00424,C0079,2023-07-05,23.51
U00424,C0080,2023-05-15,192.09
U00424,C0187,2023-01-04,124.51
U00424,C0197,2023-09-17,2.44
U00425,C0128,2024-05-20,47.58
U00425,C0140,2024-08-25,131.89
U00425,C0002,2024-04-09,82.03
U00425,C0156,2023-03-23,120.24
U00426,C0141,2023-10-12,123.95
U00427,C0054,2023-02-26,130.66
U00427,C0013,2023-02-07,29.07
U00427,C0048,2023-02-03,133.4
U00427,C0038,2024-09-09,59.69
U00428,C0013,2023-10-19,122.22
U00428,C0028,2024-12-09,139.97
U00428,C0107,2024-08-09,157.46
U00428,C0046,2023-07-01,193.26
U00428,C0042,2024-08-15,72.04
U00428,C0173,2023-02-06,18.63
U00429,C0095,2024-03-13,168.66
U00429,C0098,2023-03-08,58.57
U00429,C0018,2023-05-18,24.4
U00430,C0085,2023-03-01,21.86
U00430,C0135,2024-10-06,105.79
U00430,C0106,2023-03-31,96.73
U00430,C0054,2024-12-06,120.96
U00430,C0179,2024-12-24,57.44
U00430,C0157,2024-09-15,169.56
U00431,C0148,2023-05-13,122.86
U00431,C0160,2024-05-23,103.94
U00431,C0091,2024-10-09,99.55
U00432,C0157,2023-01-02,23.64
U00432,C0060,2024-04-21,125.09
U00432,C0182,2023-05-01,147.49
U00432,C0075,2023-08-01,159.91
U00432,C0050,2024-02-29,82.81
U00433,C0144,2023-01-12,128.12
U00433,C0164,2024-12-07,56.33
U00433,C0055,2023-03-11,61.55
U00434,C0083,2024-12-03,66.66
U00434,C0197,2024-02-10,144.88
U00434,C0002,2024-09-22,192.02
U00434,C0030,2023-06-29,38.8
U00435,C0173,2023-05-20,96.3
U00435,C0123,2024-10-04,92.12
U00435,C0122,2024-07-03,179.19
U00435,C0010,2024-04-18,156.8
U00435,C0166,2024-02-28,185.56
U00436,C0134,2024-08-01,144.99
U00436,C0077,2023-11-20,111.04
U00437,C0148,2024-12-02,66.34
U00438,C0091,2024-01-20,125.3
U00438,C0017,2023-06-19,114.2
U00438,C0039,2024-02-03,37.48
U00438,C0072,2023-04-30,172.92
U00438,C0008,2023-11-12,141.05
U00438,C0087,2023-11-19,141.97
U00439,C0023,2024-01-16,90.38
U00439,C0128,2023-11-06,43.23
U00439,C0061,2023-11-06,35.0
U00440,C0010,2023-04-05,88.75
U00440,C0200,2023-01-26,159.81
U00440,C0052,2024-05-27,30.82
U00441,C0124,2023-11-14,155.11
U00441,C0188,2023-05-27,153.9
U00441,C0135,2023-04-11,164.43
U00442,C0174,2024-12-31,172.96
U00442,C0034,2023-04-29,0.82
U00442,C0053,2023-02-15,137.41
U00442,C0186,2024-08-31,174.38
U00442,C0010,2023-12-08,93.38
U00442,C0118,2023-02-17,20.62
U00442,C0100,2024-11-05,149.11
U00443,C0195,2023-11-16,127.77
U00444,C0052,2023-10-11,106.46
U00444,C0050,2024-03-27,134.22
U00444,C0074,2023-10-07,29.86
U00445,C0004,2024-06-10,20.48
U00445,C0160,2024-07-09,70.06
U00445,C0144,2023-11-23,54.21
U00446,C0073,2023-12-13,108.12
U00446,C0147,2023-02-21,26.01
U00446,C0063,2024-04-27,180.66
U00446,C0044,2023-02-21,21.19
U00446,C0019,2023-02-25,17.22
U00446,C0080,2024-02-06,35.8
U00446,C0157,2024-09-02,178.26
U00447,C0177,2023-12-31,62.49
U00447,C0180,2023-07-22,142.58
U00447,C0115,2024-11-17,161.86
U00447,C0158,2023-03-22,194.74
U00448,C0120,2024-04-24,19.45
U00448,C0146,2023-11-14,136.9
U00448,C0034,2024-12-28,153.3
U00448,C0024,2024-04-26,46.34
U00448,C0179,2023-08-18,28.74
U00449,C0067,2023-12-05,157.76
U00449,C0094,2023-11-29,90.66
U00449,C0101,2023-01-31,13.07
U00449,C0047,2023-04-26,70.29
U00449,C0180,2024-04-17,169.15
U00449,C0171,2023-10-17,153.59
U00450,C0033,2023-04-20,65.17
U00450,C0131,2024-10-27,14.18
U00450,C0027,2023-11-06,106.55
U00450,C0104,2024-02-15,118.11
U00451,C0063,2024-05-08,76.76
U00451,C0141,2023-12-15,41.65
U00451,C0041,2024-12-11,118.19
U00452,C0112,2023-08-30,34.62
U00452,C0146,2024-11-16,15.58
U00452,C0088,2024-12-29,114.84
U00452,C0140,2024-05-13,22.86
U00452,C0178,2024-09-02,92.58
U00453,C0114,2023-03-13,119.65
U00453,C0046,2024-12-02,162.81
U00453,C0079,2024-01-24,65.48
U00453,C0104,2024-10-22,132.03
U00454,C0036,2024-10-13,161.97
U00454,C0149,2023-05-31,132.18
U00455,C0075,2024-04-02,39.13
U00455,C0100,2024-11-28,175.49
U00455,C0158,2023-11-03,114.06
U00455,C0148,2024-11-26,60.91
U00456,C0112,2024-06-06,80.84
U00456,C0184,2023-05-11,170.5
U00456,C0089,2023-03-05,73.84
U00456,C0023,2024-07-16,193.58
U00456,C0150,2023-01-01,140.67
U00456,C0003,2024-01-03,21.94
U00456,C0157,2023-10-16,173.14
U00457,C0180,2024-10-02,63.63
U00457,C0152,2024-01-27,81.21
U00457,C0101,2024-03-21,109.02
U00458,C0122,2024-01-29,168.67
U00458,C0036,2024-01-04,167.99
U00458,C0049,2023-06-07,57.69
U00458,C0143,2024-11-17,25.11
U00459,C0166,2023-01-17,28.8
U00460,C0169,2024-03-01,172.03
U00460,C0112,2024-12-13,120.89
U00460,C0035,2024-03-11,124.65
U00460,C0022,2024-04-10,101.88
U00460,C0036,2024-07-19,164.01
U00460,C0165,2024-01-29,71.06
U00461,C0155,2024-08-14,99.63
U00461,C0002,2023-08-31,142.43
U00462,C0140,2023-02-04,195.65
U00462,C0148,2024-08-04,96.65
U00462,C0094,2024-01-13,22.63
U00463,C0177,2024-06-23,196.72
U00463,C0021,2023-10-14,92.99
U00463,C0037,2023-03-22,104.67
U00463,C0187,2024-09-16,17.69
U00464,C0190,2024-12-01,126.74
U00464,C0170,2024-08-16,62.5
U00464,C0172,2023-02-24,180.72
U00464,C0020,2024-07-01,155.71
U00465,C0132,2023-12-06,84.2
U00465,C0121,2023-10-29,57.84
U00465,C0147,2023-02-06,139.01
U00465,C0188,2024-09-03,149.89
U00466,C0145,2024-08-15,33.82
U00466,C0067,2023-02-22,131.26
U00466,C0016,2023-10-26,161.78
U00466,C0162,2024-10-01,5.46
U00466,C0122,2024-05-11,16.5
U00467,C0072,2023-10-15,55.04
U00467,C0065,2023-09-21,2.84
U00467,C0034,2023-04-25,120.76
U00467,C0158,2024-08-28,147.79
U00468,C0095,2023-08-30,96.98
U00468,C0045,2024-06-24,172.4
U00468,C0067,2023-12-18,196.81
U00468,C0180,2023-05-29,119.11
U00469,C0127,2023-09-01,132.13
U00469,C0193,2024-10-14,33.46
U00469,C0106,2024-08-14,146.87
U00469,C0198,2023-12-20,10.87
U00469,C0099,2023-09-28,151.1
U00470,C0043,2024-02-13,95.25
U00470,C0119,2024-05-02,149.23
U00471,C0137,2024-02-04,94.92
U00471,C0060,2023-05-29,106.09
U00471,C0098,2024-03-21,2.37
U00471,C0175,2024-04-04,76.4
U00471,C0181,2023-11-20,192.35
U00472,C0011,2023-12-29,191.24
U00472,C0025,2024-03-18,122.1
U00472,C0137,2024-10-29,171.67
U00472,C0164,2023-12-10,54.07
U00473,C0066,2024-11-22,149.82
U00473,C0168,2024-11-19,117.74
U00473,C0150,2023-07-19,103.99
U00473,C0101,2024-11-24,138.06
U00473,C0119,2023-07-04,62.65
U00474,C0003,2023-03-11,2.39
U00475,C0027,2024-04-01,70.3
U00475,C0176,2023-10-18,50.38
U00476,C0159,2023-04-05,11.38
U00477,C0056,2024-12-26,191.56
U00477,C0154,2023-03-30,171.29
U00477,C0164,2023-05-14,75.19
U00477,C0032,2024-10-25,113.21
U00478,C0029,2023-03-19,127.76
U00478,C0179,2023-10-11,153.87
U00478,C0048,2024-12-09,180.68
U00478,C0065,2023-11-28,51.47
U00478,C0076,2023-03-17,55.46
U00478,C0120,2023-03-05,76.56
U00478,C0170,2023-12-07,199.19
U00479,C0068,2023-03-13,98.34
U00479,C0046,2023-07-25,122.06
U00479,C0113,2023-07-02,129.1
U00480,C0139,2024-03-17,43.68
U00480,C0197,2024-10-20,21.25
U00481,C0067,2023-03-16,14.08
U00481,C0027,2023-09-14,155.45
U00481,C0009,2023-01-20,179.3
U00482,C0164,2023-02-08,132.92
U00482,C0001,2023-09-30,30.32
U00483,C0101,2024-06-11,141.52
U00483,C0148,2024-05-17,95.63
U00483,C0001,2024-02-18,168.81
U00484,C0018,2024-12-06,163.6
U00484,C0139,2024-05-08,24.24
U00484,C0058,2024-07-02,187.01
U00484,C0001,2024-01-03,66.69
U00484,C0099,2023-11-07,80.12
U00485,C0166,2023-12-15,16.09
U00485,C0024,2024-04-15,152.09
U00485,C0094,2023-10-24,129.56
U00485,C0137,2023-06-30,110.9
U00486,C0170,2024-12-06,71.85
U00486,C0049,2023-03-28,177.04
U00486,C0077,2024-03-24,147.06
U00486,C0179,2023-05-24,7.14
U00486,C0100,2023-01-26,143.95
U00486,C0028,2024-08-30,47.7
U00486,C0162,2024-02-03,12.6
U00487,C0079,2023-01-17,7.41
U00487,C0128,2023-02-27,67.54
U00487,C0137,2023-02-13,81.1
U00487,C0116,2023-08-05,161.42
U00488,C0118,2024-08-16,46.6
U00488,C0174,2023-03-15,7.38
U00488,C0138,2023-05-25,97.78
U00488,C0039,2023-01-20,94.24
U00489,C0012,2023-06-26,126.53
U00489,C0063,2023-11-11,164.15
U00489,C0180,2023-04-10,91.24
U00489,C0167,2023-06-24,167.07
U00489,C0034,2023-03-07,163.56
U00489,C0004,2023-04-19,22.84
U00490,C0158,2024-03-12,67.47
U00490,C0057,2024-11-25,80.4
U00490,C0017,2023-05-04,195.17
U00490,C0052,2024-08-12,109.18
U00491,C0055,2024-08-30,34.69
U00491,C0196,2023-03-06,24.15
U00491,C0012,2023-05-25,151.51
U00492,C0095,2023-06-18,87.73
U00492,C0142,2024-08-18,8.14
U00493,C0162,2024-01-21,155.53
U00493,C0157,2023-01-17,175.93
U00494,C0002,2023-04-02,141.35
U00494,C0046,2024-08-30,177.38
U00495,C0198,2023-05-10,41.23
U00495,C0122,2024-10-17,54.19
U00495,C0178,2024-04-06,82.41
U00496,C0157,2024-09-18,190.06
U00496,C0178,2024-10-04,165.3
U00496,C0010,2023-11-05,69.57
U00496,C0153,2023-01-05,111.54
U00496,C0047,2023-07-16,23.5
U00496,C0184,2024-06-26,195.36
U00496,C0128,2024-09-25,72.38
U00497,C0139,2024-10-03,131.87
U00497,C0130,2023-10-11,10.61
U00497,C0057,2023-04-26,159.32
U00497,C0119,2024-12-02,168.76
U00497,C0198,2024-04-30,99.5
U00498,C0012,2024-10-22,72.84
U00498,C0014,2023-08-03,86.93
U00499,C0195,2023-04-17,148.08
U00499,C0117,2024-07-04,35.18
U00499,C0012,2023-01-30,97.01
U00500,C0061,2024-03-31,118.54
U00500,C0185,2023-11-30,83.81
U00501,C0084,2023-08-31,147.55
U00501,C0059,2023-07-24,75.11
U00501,C0200,2023-08-14,14.71
U00501,C0029,2024-08-22,96.88
U00501,C0026,2024-03-22,28.99
U00502,C0117,2023-07-18,126.4
U00502,C0046,2023-10-04,40.44
U00502,C0100,2023-05-11,6.42
U00502,C0096,2024-08-05,11.93
U00502,C0035,2023-05-20,22.22
U00502,C0118,2024-04-21,91.72
U00503,C0088,2023-10-30,120.73
U00503,C0057,2024-10-15,190.55
U00504,C0148,2024-05-15,172.44
U00504,C0142,2023-08-10,118.32
U00504,C0059,2024-04-18,55.83
U00504,C0023,2024-03-14,147.24
U00504,C0106,2023-09-10,49.57
U00504,C0134,2024-03-20,115.89
U00505,C0152,2023-02-11,198.25
U00505,C0039,2024-05-31,6.72
U00505,C0147,2024-06-27,78.86
U00505,C0002,2024-12-14,164.26
U00505,C0107,2024-04-08,99.06
U00505,C0012,2023-03-27,111.7
U00506,C0188,2024-02-21,189.99
U00507,C0076,2024-10-25,199.79
U00507,C0062,2023-01-17,95.96
U00508,C0181,2024-08-20,4.88
U00508,C0118,2024-04-10,92.75
U00508,C0147,2023-05-22,174.84
U00509,C0095,2024-12-21,126.68
U00509,C0161,2024-10-04,14.14
U00509,C0119,2024-12-08,66.58
U00510,C0110,2023-10-04,139.61
U00511,C0148,2024-09-27,176.17
U00511,C0054,2023-02-26,102.95
U00511,C0176,2024-11-21,72.8
U00511,C0021,2023-02-22,22.19
U00512,C0159,2024-01-11,35.05
U00512,C0011,2024-07-26,140.97
U00512,C0094,2024-07-28,141.87
U00513,C0086,2023-04-27,129.81
U00513,C0062,2024-08-17,174.23
U00513,C0139,2024-12-20,41.96
U00514,C0058,2024-11-27,84.59
U00514,C0083,2023-02-25,12.67
U00514,C0091,2023-12-20,90.48
U00514,C0069,2024-05-28,105.34
U00514,C0129,2023-05-06,94.03
U00515,C0137,2024-01-12,159.98
U00515,C0075,2024-12-10,161.76
U00515,C0116,2023-03-09,37.67
U00515,C0159,2024-04-13,17.46
U00516,C0046,2023-04-22,32.95
U00516,C0074,2023-04-25,139.42
U00516,C0020,2024-05-23,30.1
U00517,C0161,2024-03-02,193.91
U00517,C0006,2024-07-08,186.34
U00517,C0076,2024-04-30,69.34
U00518,C0166,2023-07-13,12.59
U00518,C0006,2023-08-26,166.99
U00518,C0075,2024-06-16,128.93
U00519,C0088,2023-12-01,97.23
U00519,C0168,2024-11-12,139.37
U00519,C0166,2024-07-15,89.05
U00520,C0034,2023-09-24,45.36
U00520,C0079,2024-01-16,194.14
U00520,C0044,2023-02-18,29.67
U00521,C0043,2024-12-29,107.06
U00521,C0159,2023-07-06,194.64
U00521,C0042,2024-12-26,138.57
U00522,C0040,2023-02-12,198.75
U00522,C0042,2024-08-11,25.29
U00522,C0061,2023-09-24,73.93
U00522,C0030,2023-07-30,112.5
U00523,C0082,2023-12-19,29.59
U00524,C0042,2023-05-05,184.09
U00524,C0137,2024-02-19,186.21
U00524,C0078,2023-05-29,189.56
U00525,C0040,2024-10-24,141.09
U00525,C0002,2024-04-30,179.2
U00525,C0190,2024-08-10,133.38
U00525,C0140,2024-08-01,145.71
U00525,C0130,2024-03-28,67.74
U00525,C0085,2023-04-26,146.33
U00526,C0036,2024-02-16,123.5
U00526,C0174,2023-08-14,89.19
U00526,C0142,2023-04-05,65.27
U00526,C0030,2024-09-14,128.26
U00526,C0079,2024-08-20,105.29
U00526,C0007,2023-10-12,39.14
U00527,C0115,2024-11-18,191.52
U00527,C0174,2024-06-08,78.88
U00528,C0155,2024-01-05,79.51
U00528,C0131,2024-03-13,73.93
U00528,C0015,2024-01-17,2.44
U00528,C0171,2023-12-20,70.27
U00529,C0144,2023-06-17,161.13
U00529,C0023,2024-03-10,145.72
U00529,C0056,2024-02-29,27.91
U00529,C0187,2024-08-24,119.59
U00529,C0114,2023-05-28,41.56
U00529,C0190,2024-05-01,197.68
U00529,C0107,2024-06-21,197.33
U00529,C0074,2023-03-09,186.63
U00530,C0097,2024-10-16,182.88
U00530,C0023,2024-02-29,34.98
U00530,C0002,2024-04-18,142.05
U00530,C0105,2023-05-21,39.85
U00531,C0075,2024-08-22,60.78
U00531,C0142,2024-07-26,147.97
U00531,C0126,2023-08-18,5.37
U00531,C0011,2023-01-03,30.8
U00531,C0078,2023-11-04,191.21
U00532,C0121,2024-03-03,35.87
U00532,C0032,2024-12-05,128.96
U00532,C0168,2023-01-30,23.87
U00532,C0171,2023-10-11,98.61
U00532,C0074,2023-03-10,119.78
U00533,C0124,2023-09-22,125.6
U00533,C0145,2024-05-02,194.85
U00533,C0112,2023-05-03,74.64
U00534,C0005,2023-05-30,63.94
U00534,C0067,2024-12-10,27.1
U00534,C0042,2023-06-17,10.58
U00534,C0149,2024-01-05,83.9
U00534,C0015,2023-12-31,9.74
U00535,C0164,2023-07-18,153.29
U00535,C0020,2023-07-07,152.94
U00535,C0132,2024-09-05,150.53
U00536,C0081,2024-12-02,139.59
U00536,C0176,2024-01-07,19.17
U00536,C0078,2024-08-16,70.33
U00536,C0070,2023-05-28,2.58
U00537,C0096,2023-12-15,184.18
U00537,C0200,2023-06-16,20.48
U00537,C0125,2023-06-08,100.68
U00537,C0106,2023-07-12,159.02
U00538,C0177,2024-07-18,140.45
U00538,C0135,2023-04-27,83.47
U00538,C0137,2023-03-20,23.31
U00538,C0183,2023-05-15,184.68
U00539,C0080,2024-03-28,177.95
U00539,C0177,2024-09-03,104.62
U00539,C0093,2023-12-17,34.44
U00539,C0036,2023-11-08,5.75
U00540,C0057,2023-08-21,61.49
U00540,C0033,2023-08-03,26.04
U00540,C0178,2023-03-22,84.96
U00540,C0037,2023-04-25,15.55
U00540,C0177,2024-05-10,151.47
U00541,C0028,2023-02-03,158.61
U00542,C0016,2023-02-14,13.25
U00542,C0121,2024-11-14,2.05
U00542,C0031,2023-04-09,156.47
U00542,C0065,2024-09-08,41.08
U00543,C0048,2023-10-12,189.76
U00543,C0172,2023-12-23,70.44
U00543,C0090,2024-05-27,156.16
U00543,C0008,2024-09-19,48.36
U00543,C0024,2024-08-06,13.67
U00543,C0038,2024-08-15,152.65
U00544,C0184,2024-07-04,0.87
U00544,C0050,2023-04-12,184.85
U00544,C0073,2024-05-31,170.26
U00544,C0044,2024-05-01,73.29
U00545,C0113,2023-12-30,196.26
U00545,C0173,2024-03-10,42.85
U00545,C0028,2023-08-22,81.52
U00545,C0047,2023-11-18,24.72
U00546,C0035,2024-01-05,140.95
U00546,C0127,2024-07-24,144.43
U00547,C0127,2024-01-30,56.72
U00547,C0030,2024-09-06,147.23
U00548,C0114,2023-10-25,196.99
U00548,C0058,2024-03-14,37.76
U00548,C0142,2023-03-13,178.95
U00548,C0105,2024-05-02,187.82
U00549,C0004,2024-11-19,21.03
U00549,C0173,2024-03-24,104.53
U00549,C0126,2024-11-23,17.0
U00550,C0103,2024-08-27,195.51
U00550,C0178,2023-06-22,12.94
U00551,C0087,2024-05-26,55.7
U00551,C0052,2024-12-31,153.19
U00551,C0153,2024-08-30,54.59
U00551,C0104,2024-10-21,188.65
U00551,C0032,2023-12-31,95.17
U00551,C0060,2024-09-09,190.03
U00551,C0109,2024-05-11,102.28
U00551,C0186,2023-05-31,153.6
U00552,C0065,2024-05-24,46.16
U00552,C0126,2023-05-18,5.94
U00553,C0018,2024-01-27,120.92
U00553,C0128,2023-12-01,30.55
U00553,C0174,2024-09-28,124.65
U00553,C0007,2023-03-20,132.22
U00553,C0046,2024-06-16,153.51
U00554,C0052,2024-05-31,52.33
U00554,C0076,2023-12-18,161.9
U00554,C0170,2024-07-07,109.32
U00554,C0128,2023-02-02,198.14
U00554,C0126,2023-05-02,76.73
U00555,C0097,2023-02-06,6.57
U00555,C0114,2024-07-24,131.88
U00555,C0118,2023-11-07,176.94
U00556,C0111,2023-11-16,143.14
U00556,C0035,2024-05-14,152.8
U00557,C0126,2024-07-06,114.44
U00557,C0169,2024-05-02,112.45
U00557,C0142,2023-06-10,101.34
U00557,C0176,2024-02-05,52.68
U00558,C0097,2023-10-19,64.1
U00558,C0158,2023-01-29,118.09
U00558,C0174,2023-05-12,167.39
U00558,C0091,2023-12-24,161.91
U00559,C0196,2023-04-10,85.63
U00559,C0161,2024-01-01,82.39
U00559,C0088,2023-02-27,132.25
U00559,C0098,2023-09-11,46.92
U00560,C0022,2023-11-09,22.89
U00560,C0177,2023-06-23,3.94
U00560,C0017,2023-11-30,7.48
U00561,C0109,2023-10-01,4.08
U00561,C0146,2024-04-25,117.6
U00561,C0132,2023-11-21,75.55
U00561,C0108,2024-02-04,64.48
U00562,C0126,2024-12-08,135.02
U00562,C0026,2023-12-11,99.35
U00563,C0171,2024-01-08,193.89
U00563,C0087,2023-07-26,99.39
U00563,C0043,2023-03-19,168.08
U00563,C0158,2024-07-02,42.82
U00563,C0077,2023-09-29,9.51
U00564,C0103,2024-08-29,67.37
U00564,C0058,2023-03-10,113.29
U00564,C0160,2024-06-27,95.05
U00564,C0191,2023-08-03,69.46
U00564,C0024,2023-03-20,130.31
U00564,C0184,2023-11-06,100.93
U00564,C0149,2023-11-04,86.58
U00564,C0025,2024-07-06,62.67
U00565,C0065,2024-04-09,134.31
U00565,C0160,2024-07-14,36.12
U00565,C0132,2023-01-20,125.57
U00566,C0048,2024-11-07,192.42
U00566,C0148,2024-04-23,53.59
U00566,C0128,2024-10-15,106.54
U00566,C0055,2024-09-21,170.55
U00567,C0145,2024-01-09,92.5
U00567,C0187,2023-09-04,30.09
U00567,C0161,2024-12-02,153.11
U00567,C0016,2024-03-21,82.05
U00567,C0134,2023-03-07,126.79
U00567,C0052,2024-02-27,53.39
U00568,C0042,2024-09-07,47.23
U00568,C0066,2023-09-02,22.71
U00568,C0176,2023-07-16,5.54
U00569,C0080,2024-03-08,129.38
U00569,C0119,2023-02-07,40.4
U00569,C0125,2023-10-07,27.29
U00569,C0144,2023-09-22,157.93
U00569,C0112,2023-10-12,131.73
U00570,C0011,2024-05-12,156.45
U00570,C0185,2023-02-26,171.92
U00571,C0155,2023-03-07,180.11
U00571,C0077,2024-02-21,179.35
U00572,C0024,2023-08-30,22.39
U00572,C0102,2024-05-27,186.59
U00572,C0186,2024-06-18,132.84
U00572,C0036,2024-08-17,189.93
U00573,C0065,2023-11-17,65.86
U00573,C0128,2024-08-21,147.45
U00573,C0024,2023-08-30,187.1
U00573,C0061,2023-08-12,28.86
U00573,C0154,2023-06-29,42.82
U00573,C0032,2023-10-09,87.9
U00573,C0198,2023-09-18,172.58
U00574,C0137,2024-12-17,189.74
U00574,C0096,2023-11-21,109.15
U00575,C0064,2024-05-01,143.13
U00575,C0072,2023-11-12,4.21
U00575,C0038,2024-09-12,6.96
U00575,C0093,2024-11-09,159.79
U00576,C0172,2023-09-17,110.55
U00576,C0062,2023-11-13,127.79
U00577,C0176,2024-02-02,1.57
U00577,C0032,2024-02-07,185.5
U00577,C0137,2023-09-19,60.18
U00577,C0061,2023-08-30,59.48
U00577,C0114,2023-06-14,183.18
U00578,C0197,2023-10-08,173.29
U00578,C0165,2024-05-18,94.22
U00578,C0105,2024-02-27,185.3
U00578,C0009,2023-12-07,143.48
U00579,C0026,2023-12-27,84.17
U00579,C0042,2024-07-14,147.56
U00579,C0179,2024-04-09,139.04
U00579,C0067,2023-02-23,128.27
U00579,C0130,2023-07-08,126.03
U00579,C0017,2024-10-18,27.22
U00580,C0161,2024-08-12,16.45
U00580,C0079,2023-06-11,49.92
U00580,C0081,2024-12-31,193.93
U00581,C0196,2023-11-24,90.3
U00581,C0034,2023-05-17,52.14
U00581,C0153,2024-12-04,118.6
U00581,C0176,2023-12-02,159.91
U00581,C0106,2023-07-23,16.88
U00582,C0101,2023-08-18,4.15
U00582,C0097,2023-01-24,184.62
U00582,C0147,2024-10-24,122.4
U00583,C0023,2023-09-26,140.25
U00583,C0119,2023-06-22,9.96
U00583,C0051,2024-09-24,85.78
U00584,C0023,2024-08-03,23.47
U00584,C0095,2024-06-22,87.03
U00584,C0044,2024-04-09,165.45
U00585,C0058,2023-09-30,57.59
U00585,C0183,2024-05-21,76.41
U00585,C0053,2024-03-17,171.27
U00585,C0049,2024-09-06,43.11
U00586,C0187,2024-02-23,158.49
U00586,C0174,2023-01-30,58.04
U00586,C0049,2023-09-26,47.1
U00586,C0108,2024-04-06,181.47
U00586,C0047,2024-01-14,116.58
U00587,C0022,2023-11-28,194.88
U00587,C0003,2024-02-12,137.37
U00587,C0121,2024-12-31,76.7
U00587,C0035,2024-03-09,147.22
U00588,C0025,2023-02-23,66.57
U00588,C0143,2023-08-29,94.19
U00588,C0016,2023-12-29,199.35
U00589,C0154,2024-09-26,76.19
U00589,C0182,2024-02-09,134.25
U00589,C0192,2023-05-16,193.61
U00589,C0012,2024-07-26,8.22
U00589,C0002,2023-07-03,52.06
U00589,C0065,2024-05-30,98.57
U00589,C0130,2023-12-14,175.58
U00590,C0082,2024-06-27,86.59
U00590,C0182,2023-09-24,23.37
U00591,C0033,2024-05-26,174.34
U00592,C0192,2024-09-19,165.92
U00592,C0093,2023-09-28,103.39
U00592,C0111,2024-03-22,178.53
U00592,C0073,2023-11-20,147.37
U00592,C0068,2024-05-18,152.74
U00593,C0169,2024-03-26,10.64
U00593,C0163,2023-06-02,10.91
U00594,C0121,2023-06-17,141.19
U00594,C0067,2024-03-22,23.2
U00595,C0127,2024-05-11,91.55
U00595,C0011,2023-04-26,169.17
U00595,C0114,2023-06-01,24.73
U00595,C0092,2023-04-06,40.75
U00595,C0182,2023-10-18,36.13
U00595,C0144,2023-06-22,149.99
U00596,C0145,2024-06-22,153.37
U00596,C0170,2023-07-04,83.28
U00596,C0150,2023-03-20,49.23
U00596,C0055,2024-05-25,135.38
U00596,C0002,2023-12-03,5.19
U00597,C0175,2024-08-27,185.83
U00597,C0032,2023-04-19,167.4
U00597,C0101,2023-06-07,5.77
U00597,C0096,2024-04-16,166.14
U00598,C0117,2024-11-04,1.16
U00598,C0161,2023-02-14,131.23
U00598,C0069,2024-04-08,64.98
U00598,C0153,2024-08-05,25.86
U00599,C0165,2024-07-14,190.38
U00599,C0073,2024-01-26,18.51
U00599,C0083,2023-09-19,35.6
U00599,C0015,2024-02-13,17.84
U00599,C0191,2023-08-02,32.59
U00599,C0019,2024-02-17,56.99
U00600,C0168,2024-03-18,147.18
U00600,C0040,2023-11-14,180.75
U00600,C0031,2024-09-09,26.26
U00600,C0077,2024-11-12,19.22
U00600,C0126,2024-01-12,102.53
U00601,C0100,2024-09-06,84.61
U00601,C0122,2024-03-08,162.2
U00601,C0069,2024-09-20,37.27
U00601,C0145,2024-10-07,85.2
U00602,C0088,2024-04-19,135.29
U00603,C0183,2024-10-06,129.45
U00603,C0040,2023-03-27,58.14
U00603,C0127,2024-03-23,15.84
U00603,C0135,2024-05-04,60.08
U00604,C0176,2024-07-18,15.31
U00604,C0077,2023-02-16,102.68
U00604,C0064,2024-06-06,84.98
U00604,C0134,2023-04-07,92.93
U00604,C0110,2024-08-05,162.56
U00604,C0076,2023-12-30,50.97
U00604,C0146,2023-03-25,153.73
U00604,C0013,2023-01-17,22.79
U00605,C0046,2023-03-27,83.25
U00605,C0047,2024-12-22,59.53
U00605,C0101,2024-08-24,144.82
U00605,C0012,2024-11-17,89.99
U00606,C0088,2024-09-10,51.86
U00606,C0048,2024-11-20,21.27
U00606,C0055,2024-07-01,3.58
U00606,C0021,2024-02-09,23.34
U00606,C0192,2023-06-25,131.16
U00607,C0104,2024-05-13,60.56
U00607,C0169,2024-09-23,72.15
U00607,C0191,2024-11-20,192.63
U00607,C0155,2024-11-22,79.0
U00608,C0033,2023-07-15,22.38
U00608,C0035,2023-01-17,139.21
U00608,C0004,2023-07-12,171.8
U00609,C0167,2024-03-22,168.42
U00609,C0038,2024-07-05,38.18
U00609,C0062,2023-11-05,153.94
U00610,C0109,2023-04-30,33.22
U00610,C0006,2023-06-06,147.76
U00611,C0125,2024-04-05,117.05
U00611,C0121,2023-07-26,58.97
U00611,C0006,2024-02-06,10.18
U00612,C0162,2024-12-31,86.36
U00613,C0127,2024-09-02,146.22
U00613,C0189,2023-10-25,7.4
U00613,C0149,2024-02-14,97.22
U00614,C0157,2023-03-04,105.66
U00614,C0174,2024-03-08,115.28
U00614,C0125,2024-07-20,12.7
U00614,C0060,2024-10-25,83.43
U00615,C0127,2024-04-04,139.5
U00615,C0160,2023-01-22,32.27
U00615,C0166,2023-07-16,93.85
U00615,C0089,2024-03-24,46.42
U00616,C0176,2024-11-03,93.69
U00616,C0087,2023-10-28,144.6
U00616,C0155,2024-02-04,191.96
U00617,C0173,2023-06-15,124.37
U00617,C0168,2023-10-17,138.14
U00617,C0189,2023-03-30,133.41
U00617,C0093,2023-05-13,34.66
U00617,C0121,2023-06-10,121.15
U00618,C0107,2023-11-07,46.94
U00618,C0127,2024-07-24,9.41
U00619,C0067,2024-01-01,135.39
U00620,C0129,2023-03-07,67.55
U00620,C0009,2023-04-27,123.51
U00621,C0058,2023-09-22,198.73
U00621,C0125,2023-12-30,153.87
U00622,C0143,2024-09-10,133.9
U00622,C0069,2024-12-24,10.08
U00622,C0039,2024-03-24,159.8
U00622,C0177,2023-04-24,194.93
U00622,C0132,2024-09-17,121.93
U00623,C0027,2023-05-01,174.17
U00623,C0144,2024-01-06,31.41
U00623,C0011,2023-10-27,141.63
U00623,C0130,2024-06-02,99.68
U00623,C0043,2023-04-12,30.86
U00623,C0162,2024-01-08,66.92
U00624,C0052,2024-03-01,153.84
U00624,C0113,2023-01-07,49.06
U00625,C0088,2023-09-30,74.49
U00625,C0074,2024-02-29,72.13
U00625,C0130,2024-11-11,49.09
U00625,C0044,2024-06-26,84.34
U00625,C0022,2023-08-22,27.6
U00626,C0105,2024-11-29,72.35
U00626,C0118,2023-01-31,88.52
U00626,C0133,2023-01-11,143.53
U00627,C0018,2024-02-16,196.39
U00627,C0022,2023-06-18,86.81
U00627,C0087,2024-02-07,151.84
U00627,C0081,2024-11-07,184.5
U00628,C0148,2024-10-08,196.01
U00628,C0015,2024-11-07,175.16
U00629,C0108,2023-11-18,181.85
U00629,C0103,2023-01-09,165.4
U00629,C0175,2024-06-24,122.08
U00629,C0180,2023-05-31,140.06
U00629,C0142,2024-04-01,128.78
U00629,C0078,2024-07-11,124.87
U00629,C0185,2024-09-25,130.41
U00629,C0191,2024-12-15,69.05
U00630,C0167,2023-03-28,7.39
U00630,C0104,2023-12-09,78.0
U00630,C0199,2023-05-10,104.09
U00630,C0051,2024-07-07,56.79
U00630,C0078,2023-04-06,102.33
U00631,C0088,2023-06-13,4.68
U00631,C0194,2024-07-06,118.5
U00631,C0163,2023-09-05,166.45
U00632,C0109,2023-03-03,168.32
U00632,C0130,2023-09-23,125.4
U00632,C0029,2023-12-29,24.76
U00633,C0032,2023-01-06,90.63
U00633,C0115,2023-08-30,161.08
U00633,C0077,2024-08-18,113.12
U00633,C0147,2024-10-04,133.1
U00633,C0189,2024-09-01,46.77
U00634,C0171,2024-11-19,27.99
U00634,C0184,2024-01-22,103.93
U00634,C0147,2023-09-11,21.05
U00635,C0050,2023-04-11,29.31
U00635,C0200,2024-03-11,165.69
U00635,C0093,2023-03-25,18.45
U00635,C0117,2024-03-11,177.7
U00636,C0115,2024-06-22,80.55
U00636,C0020,2024-07-26,103.79
U00636,C0095,2024-02-09,174.4
U00636,C0174,2024-08-21,99.77
U00637,C0113,2024-03-02,164.76
U00637,C0177,2023-05-28,101.16
U00637,C0126,2024-05-11,142.23
U00638,C0181,2024-06-25,23.61
U00638,C0132,2023-08-06,91.09
U00639,C0041,2024-07-26,73.87
U00640,C0155,2023-02-11,104.56
U00640,C0105,2023-05-01,74.29
U00640,C0029,2024-01-19,60.65
U00640,C0031,2024-05-12,5.6
U00640,C0095,2023-05-27,28.43
U00640,C0147,2024-08-26,84.35
U00640,C0075,2023-11-09,177.81
U00641,C0190,2023-05-06,109.51
U00641,C0126,2023-03-11,174.09
U00641,C0001,2024-03-03,96.24
U00642,C0116,2024-05-01,166.89
U00642,C0087,2024-09-12,26.56
U00642,C0097,2023-05-22,100.95
U00643,C0116,2023-11-30,17.86
U00643,C0171,2024-10-01,132.9
U00643,C0115,2024-02-24,77.45
U00643,C0039,2024-02-09,67.8
U00644,C0172,2024-03-29,147.18
U00645,C0043,2024-10-07,159.23
U00645,C0182,2024-12-25,61.77
U00645,C0007,2024-10-22,24.76
U00645,C0147,2024-07-26,17.03
U00646,C0139,2024-05-02,100.53
U00646,C0148,2023-01-20,24.06
U00646,C0194,2024-06-28,35.95
U00646,C0014,2023-01-20,54.99
U00646,C0146,2023-07-30,49.06
U00646,C0134,2024-12-23,167.78
U00646,C0049,2024-08-16,88.85
U00647,C0156,2024-05-18,172.39
U00647,C0083,2023-01-24,67.99
U00647,C0103,2023-07-04,82.99
U00647,C0151,2024-06-24,63.48
U00647,C0012,2023-09-21,18.21
U00648,C0139,2023-06-07,61.36
U00648,C0044,2024-02-22,135.72
U00648,C0074,2023-03-02,122.9
U00648,C0037,2023-11-30,36.29
U00648,C0047,2024-12-31,11.7
U00648,C0066,2024-02-04,19.75
U00648,C0197,2023-05-26,82.56
U00648,C0023,2023-11-28,51.59
U00649,C0031,2023-08-31,98.6
U00649,C0014,2024-05-31,77.01
U00649,C0052,2023-04-28,53.86
U00649,C0062,2023-11-22,92.96
U00649,C0193,2024-02-21,13.09
U00649,C0153,2023-01-30,81.5
U00649,C0151,2023-08-28,182.75
U00650,C0142,2024-08-23,135.02
U00651,C0143,2023-11-08,113.65
U00651,C0167,2024-04-01,16.78
U00651,C0033,2024-10-13,100.09
U00652,C0037,2024-07-04,190.52
U00652,C0096,2024-07-22,90.35
U00652,C0139,2023-01-02,162.53
U00652,C0044,2024-09-27,57.85
U00652,C0063,2023-06-21,0.11
U00653,C0124,2024-10-09,42.55
U00653,C0070,2024-06-06,56.26
U00653,C0154,2023-06-15,147.84
U00653,C0065,2024-07-30,13.99
U00653,C0175,2023-04-02,79.06
U00653,C0098,2023-05-06,166.1
U00653,C0090,2024-07-23,199.76
U00654,C0054,2024-10-12,52.27
U00654,C0157,2024-12-25,90.54
U00654,C0130,2023-09-09,132.46
U00654,C0082,2023-11-26,68.33
U00654,C0175,2024-04-15,191.8
U00654,C0088,2023-12-03,3.17
U00655,C0166,2023-01-05,180.29
U00655,C0001,2024-11-19,34.71
U00655,C0156,2024-07-23,179.05
U00655,C0122,2024-12-21,97.8
U00656,C0021,2024-07-05,6.19
U00656,C0167,2024-11-18,89.04
U00656,C0020,2023-05-07,70.6
U00657,C0154,2024-12-14,196.76
U00657,C0092,2023-05-08,92.54
U00657,C0100,2023-07-17,88.92
U00657,C0046,2023-08-15,148.63
U00657,C0197,2023-10-15,136.11
U00658,C0050,2023-08-15,46.85
U00658,C0024,2024-05-20,193.46
U00658,C0158,2023-02-07,56.15
U00658,C0161,2024-12-21,141.39
U00658,C0078,2023-08-03,1.43
U00659,C0164,2024-07-19,38.75
U00659,C0102,2024-08-02,134.44
U00659,C0029,2024-09-09,113.03
U00659,C0072,2023-03-08,117.63
U00659,C0146,2023-03-08,25.49
U00659,C0129,2024-08-06,171.1
U00659,C0127,2024-06-19,145.78
U00659,C0044,2023-10-08,38.37
U00660,C0178,2023-09-16,136.14
U00660,C0174,2024-04-09,0.39
U00660,C0137,2024-03-13,128.19
U00660,C0158,2024-10-27,10.37
U00661,C0111,2024-05-22,72.29
U00661,C0105,2023-02-14,176.76
U00661,C0071,2023-08-18,9.39
U00661,C0032,2024-03-06,106.48
U00661,C0175,2023-11-20,1.03
U00661,C0133,2023-07-19,66.94
U00661,C0120,2024-08-08,161.53
U00662,C0058,2023-11-15,12.57
U00662,C0177,2024-10-02,19.35
U00662,C0109,2024-05-06,86.39
U00662,C0020,2023-01-25,118.51
U00662,C0064,2024-10-03,187.01
U00662,C0051,2023-09-14,49.43
U00662,C0043,2024-04-29,47.67
U00662,C0085,2023-12-15,166.5
U00663,C0134,2024-09-26,87.71
U00663,C0061,2023-04-08,125.07
U00663,C0019,2024-08-15,24.97
U00663,C0199,2023-03-04,183.34
U00663,C0154,2024-01-22,62.66
U00664,C0017,2023-11-05,122.15
U00664,C0033,2024-03-18,13.16
U00664,C0016,2024-11-24,11.16
U00664,C0114,2023-02-23,58.98
U00664,C0015,2024-01-26,80.34
U00665,C0106,2024-09-30,2.12
U00665,C0060,2024-01-29,92.84
U00665,C0154,2024-03-14,175.99
U00665,C0169,2024-09-26,20.26
U00666,C0173,2023-12-03,117.56
U00666,C0007,2023-04-21,20.54
U00666,C0117,2024-09-01,142.66
U00666,C0133,2024-08-30,157.88
U00667,C0147,2024-10-14,101.78
U00667,C0033,2023-12-30,84.2
U00668,C0114,2023-03-03,25.54
U00668,C0048,2024-08-21,87.17
U00668,C0063,2024-10-29,150.87
U00668,C0036,2023-11-15,116.73
U00668,C0012,2024-07-08,155.1
U00669,C0080,2023-12-18,58.21
U00669,C0155,2023-01-09,103.54
U00670,C0038,2024-07-26,171.74
U00670,C0015,2024-03-08,68.76
U00670,C0061,2023-07-25,128.11
U00670,C0130,2023-07-26,157.05
U00671,C0171,2024-12-09,196.38
U00671,C0122,2024-09-06,138.48
U00671,C0178,2024-08-15,113.22
U00672,C0077,2023-06-16,20.97
U00672,C0108,2023-02-13,99.19
U00672,C0085,2023-01-04,127.75
U00673,C0120,2024-05-07,146.92
U00673,C0160,2023-12-06,161.45
U00673,C0055,2024-01-20,41.06
U00673,C0062,2023-07-08,165.22
U00674,C0003,2023-03-17,71.58
U00675,C0037,2024-10-08,117.14
U00675,C0075,2024-01-04,8.78
U00675,C0113,2023-01-31,39.82
U00675,C0050,2023-10-18,34.83
U00676,C0185,2023-07-20,4.3
U00676,C0045,2023-09-26,182.13
U00676,C0087,2023-01-22,166.29
U00676,C0142,2023-05-21,75.78
U00676,C0063,2023-04-24,67.68
U00676,C0046,2023-08-04,61.01
U00677,C0096,2024-06-23,195.42
U00677,C0170,2024-09-30,176.33
U00677,C0044,2024-12-29,13.08
U00678,C0034,2023-07-16,106.51
U00678,C0049,2024-12-12,74.85
U00679,C0163,2024-09-22,117.47
U00679,C0063,2024-07-02,58.84
U00679,C0012,2023-06-02,65.54
U00679,C0196,2023-02-24,125.89
U00680,C0033,2024-05-15,41.85
U00680,C0131,2023-03-25,156.93
U00680,C0150,2024-11-10,122.98
U00681,C0100,2024-10-22,150.23
U00681,C0193,2024-01-19,99.72
U00682,C0083,2024-12-12,96.66
U00682,C0183,2024-05-21,94.75
U00682,C0096,2024-08-18,80.19
U00682,C0135,2024-08-20,129.95
U00683,C0052,2024-02-10,43.72
U00683,C0116,2024-03-11,177.74
U00683,C0061,2024-08-08,31.44
U00684,C0066,2023-03-28,59.01
U00684,C0141,2024-06-15,70.31
U00684,C0022,2024-08-20,8.23
U00684,C0035,2024-06-08,124.23
U00684,C0193,2024-03-12,90.23
U00685,C0095,2023-10-07,76.47
U00685,C0128,2023-07-03,88.34
U00685,C0082,2023-09-29,129.07
U00686,C0022,2024-06-09,109.33
U00686,C0076,2023-03-22,157.17
U00686,C0129,2023-08-22,19.68
U00687,C0010,2023-07-25,66.75
U00687,C0140,2024-11-22,65.85
U00688,C0197,2023-07-15,141.13
U00688,C0175,2023-05-22,199.68
U00688,C0071,2024-07-10,182.48
U00689,C0077,2023-10-16,164.46
U00690,C0104,2024-04-28,130.82
U00690,C0149,2023-06-02,173.09
U00690,C0194,2023-08-22,45.39
U00690,C0168,2023-08-03,94.89
U00690,C0004,2024-06-12,117.4
U00691,C0120,2023-03-29,62.61
U00691,C0185,2023-07-12,85.76
U00691,C0119,2024-12-15,83.54
U00691,C0088,2024-03-25,89.99
U00692,C0096,2023-11-09,188.67
U00692,C0036,2023-01-10,99.96
U00692,C0148,2024-11-05,166.86
U00692,C0033,2023-12-14,45.1
U00693,C0193,2024-12-08,107.52
U00693,C0104,2023-11-30,117.39
U00693,C0196,2024-08-04,157.07
U00694,C0040,2024-08-10,173.39
U00694,C0085,2024-01-26,40.84
U00694,C0146,2024-02-05,12.74
U00694,C0162,2024-01-31,37.67
U00694,C0155,2023-04-22,65.77
U00694,C0156,2024-04-07,127.8
U00695,C0044,2024-07-20,35.53
U00695,C0027,2024-12-06,120.67
U00695,C0173,2023-01-28,37.34
U00696,C0099,2023-07-30,46.61
U00696,C0073,2024-11-06,104.88
U00697,C0095,2023-12-01,171.94
U00697,C0133,2024-02-25,78.22
U00697,C0003,2023-04-24,25.83
U00697,C0044,2024-03-04,95.65
U00698,C0053,2023-07-30,61.95
U00698,C0034,2024-12-27,132.96
U00699,C0148,2024-08-24,40.59
U00699,C0080,2024-12-02,91.79
U00700,C0037,2024-02-13,120.97
U00700,C0115,2023-09-10,105.17
U00700,C0017,2024-08-05,175.85
U00701,C0148,2023-10-22,129.26
U00701,C0011,2024-04-12,69.36
U00701,C0189,2024-12-29,158.47
U00701,C0024,2024-02-05,122.61
U00702,C0045,2024-03-18,91.57
U00702,C0107,2024-11-05,36.69
U00702,C0064,2024-08-05,19.11
U00702,C0046,2024-12-16,189.14
U00702,C0159,2023-09-03,177.11
U00703,C0161,2023-10-26,133.33
U00703,C0138,2023-03-10,139.61
U00704,C0056,2023-05-05,199.06
U00704,C0127,2023-03-20,151.08
U00704,C0106,2024-05-31,153.31
U00704,C0196,2023-11-30,82.02
U00704,C0142,2023-06-18,50.55
U00705,C0119,2024-12-12,135.12
U00705,C0007,2024-04-17,76.23
U00705,C0019,2024-02-13,171.15
U00705,C0164,2024-02-11,7.55
U00706,C0182,2024-11-17,149.74
U00706,C0035,2024-05-11,92.27
U00706,C0084,2023-03-26,109.69
U00707,C0113,2023-10-13,168.31
U00707,C0036,2023-06-24,167.7
U00707,C0121,2024-09-13,20.1
U00708,C0137,2023-06-22,15.52
U00708,C0190,2023-01-12,135.48
U00708,C0101,2023-06-07,88.13
U00709,C0183,2024-11-22,106.46
U00709,C0009,2024-03-28,139.35
U00710,C0134,2023-04-16,78.12
U00710,C0165,2023-11-12,88.8
U00710,C0170,2024-09-04,0.93
U00710,C0184,2024-01-22,153.42
U00710,C0169,2023-09-13,74.93
U00711,C0024,2023-01-29,197.86
U00711,C0005,2023-12-12,164.11
U00711,C0108,2024-11-27,133.79
U00712,C0025,2023-06-21,8.8
U00712,C0171,2024-06-08,21.54
U00712,C0043,2023-12-01,64.54
U00713,C0160,2024-03-14,24.16
U00713,C0054,2023-08-07,21.18
U00713,C0139,2023-11-28,34.72
U00713,C0102,2024-02-16,130.8
U00714,C0055,2024-04-14,44.02
U00715,C0072,2023-02-14,13.47
U00715,C0167,2023-08-12,82.22
U00715,C0160,2024-09-05,99.92
U00715,C0095,2023-04-15,142.51
U00716,C0146,2023-11-29,196.28
U00716,C0044,2024-12-14,77.71
U00716,C0065,2024-12-11,26.59
U00716,C0025,2023-06-29,127.07
U00716,C0154,2024-12-05,63.59
U00717,C0124,2024-04-04,76.47
U00717,C0018,2024-10-17,148.36
U00717,C0086,2024-05-30,117.49
U00717,C0005,2023-01-14,46.52
U00717,C0156,2024-09-23,151.79
U00717,C0150,2023-05-08,61.77
U00718,C0194,2023-05-21,74.9
U00718,C0063,2023-10-31,40.4
U00718,C0159,2024-01-20,40.88
U00718,C0021,2023-02-08,47.61
U00718,C0016,2024-09-04,197.71
U00719,C0085,2023-11-22,128.72
U00719,C0035,2023-02-10,104.17
U00719,C0072,2024-02-29,129.61
U00720,C0007,2023-12-06,68.55
U00720,C0059,2023-07-30,107.86
U00720,C0188,2024-11-11,197.68
U00721,C0179,2024-06-17,64.33
U00721,C0185,2024-03-28,125.96
U00721,C0057,2023-03-08,173.97
U00721,C0156,2023-03-13,190.73
U00721,C0098,2023-02-23,126.87
U00722,C0053,2023-04-04,34.74
U00722,C0033,2024-07-16,166.24
U00723,C0061,2023-06-18,144.33
U00723,C0130,2023-09-08,84.8
U00723,C0021,2024-09-12,49.79
U00723,C0110,2023-10-20,115.28
U00723,C0186,2024-10-12,40.28
U00723,C0120,2024-05-07,16.0
U00723,C0080,2024-01-04,79.65
U00724,C0113,2024-06-01,121.88
U00724,C0109,2024-03-19,152.06
U00725,C0124,2023-03-27,151.77
U00725,C0006,2023-11-04,119.04
U00725,C0196,2023-06-06,110.57
U00725,C0098,2023-06-29,51.46
U00725,C0110,2024-04-19,61.17
U00726,C0144,2023-03-15,66.65
U00726,C0156,2024-04-25,39.14
U00726,C0124,2023-07-14,0.84
U00727,C0187,2024-02-09,194.1
U00727,C0186,2024-01-18,76.81
U00727,C0096,2023-11-12,128.21
U00727,C0126,2024-08-25,14.25
U00727,C0104,2023-02-09,198.49
U00727,C0107,2023-05-08,76.97
U00728,C0050,2023-12-23,101.92
U00728,C0196,2024-05-15,127.0
U00728,C0112,2024-01-13,139.29
U00728,C0066,2024-10-28,77.07
U00729,C0064,2023-02-05,184.29
U00729,C0063,2024-01-06,126.19
U00729,C0123,2024-11-23,5.65
U00730,C0038,2024-11-28,29.47
U00730,C0067,2023-09-11,120.43
U00730,C0155,2024-11-09,168.3
U00730,C0117,2023-01-13,23.35
U00731,C0183,2024-02-12,141.21
U00731,C0099,2023-03-24,103.71
U00732,C0109,2024-03-13,50.57
U00732,C0043,2023-11-06,100.13
U00733,C0098,2024-02-26,150.49
U00733,C0151,2023-04-02,21.85
U00733,C0079,2024-08-09,155.34
U00733,C0188,2023-12-19,162.85
U00734,C0054,2024-12-16,61.62
U00734,C0192,2023-06-22,163.28
U00734,C0102,2023-01-02,19.37
U00735,C0107,2024-03-17,34.13
U00735,C0135,2024-01-19,37.28
U00735,C0168,2023-05-18,39.6
U00735,C0074,2023-07-06,100.52
U00735,C0188,2023-04-23,90.13
U00736,C0048,2023-07-16,51.87
U00736,C0052,2024-02-23,88.15
U00736,C0016,2024-10-01,21.84
U00736,C0192,2024-10-13,33.23
U00736,C0047,2023-10-28,17.14
U00737,C0017,2023-01-31,117.13
U00737,C0088,2024-05-04,97.04
U00738,C0003,2024-11-12,116.49
U00738,C0016,2023-02-12,19.37
U00738,C0069,2024-06-18,158.36
U00738,C0193,2024-01-20,120.6
U00738,C0002,2023-09-30,186.43
U00739,C0087,2024-11-29,178.03
U00739,C0155,2023-11-19,163.37
U00739,C0110,2024-01-05,133.02
U00739,C0095,2024-01-23,122.16
U00740,C0085,2023-01-27,120.38
U00740,C0026,2024-06-27,55.89
U00740,C0001,2024-12-17,150.29
U00740,C0117,2023-09-12,73.69
U00740,C0179,2024-09-25,137.24
U00740,C0103,2024-05-01,102.98
U00740,C0186,2024-11-07,37.59
U00740,C0036,2024-10-15,191.51
U00741,C0005,2023-11-30,135.59
U00741,C0163,2023-08-28,121.35
U00741,C0093,2024-02-14,147.84
U00741,C0012,2023-03-25,69.67
U00741,C0189,2024-05-02,197.37
U00742,C0026,2024-12-30,28.63
U00742,C0188,2024-06-16,175.25
U00742,C0099,2024-05-31,6.35
U00742,C0076,2024-05-24,159.36
U00742,C0156,2023-11-05,166.47
U00742,C0050,2024-07-15,197.44
U00743,C0115,2024-07-07,48.18
U00743,C0030,2023-08-05,34.09
U00743,C0124,2024-11-06,139.98
U00743,C0170,2023-04-19,86.98
U00744,C0042,2023-08-14,143.83
U00744,C0084,2024-11-12,95.26
U00744,C0099,2024-11-17,24.62
U00744,C0197,2023-05-20,184.55
U00744,C0072,2024-10-10,145.08
U00745,C0178,2023-08-18,186.36
U00745,C0086,2024-09-07,12.93
U00746,C0184,2024-01-26,130.78
U00746,C0191,2024-07-29,193.25
U00746,C0189,2024-03-23,161.69
U00747,C0030,2023-04-25,17.83
U00747,C0075,2024-08-29,187.44
U00747,C0023,2023-04-29,114.57
U00748,C0081,2024-08-13,147.38
U00748,C0098,2023-11-15,12.38
U00749,C0100,2024-01-09,159.5
U00749,C0109,2023-05-10,103.95
U00749,C0082,2024-09-08,118.16
U00749,C0198,2023-04-20,79.06
U00750,C0118,2023-08-13,99.97
U00750,C0081,2024-04-11,29.49
U00750,C0038,2023-10-18,29.17
U00750,C0076,2024-11-12,169.83
U00751,C0009,2024-12-06,24.69
U00751,C0154,2024-12-24,114.79
U00751,C0082,2024-10-08,165.74
U00751,C0080,2024-05-21,58.3
U00751,C0129,2024-01-21,11.76
U00752,C0040,2024-12-18,147.15
U00752,C0184,2023-07-03,171.36
U00752,C0054,2024-02-06,59.82
U00752,C0188,2024-11-06,182.48
U00752,C0058,2023-06-13,198.21
U00753,C0087,2023-12-23,151.54
U00753,C0109,2024-02-05,14.36
U00753,C0174,2023-10-17,56.47
U00753,C0122,2023-07-19,140.22
U00754,C0025,2024-08-17,173.17
U00754,C0034,2023-02-25,169.96
U00754,C0083,2024-12-27,60.81
U00754,C0193,2024-11-01,32.74
U00755,C0179,2023-10-26,179.44
U00755,C0124,2023-08-03,43.63
U00756,C0189,2024-08-12,20.39
U00756,C0167,2023-06-01,75.31
U00756,C0003,2024-03-13,135.89
U00756,C0093,2023-06-22,185.2
U00756,C0186,2023-04-09,71.12
U00757,C0014,2023-12-13,118.68
U00757,C0031,2023-06-02,125.39
U00757,C0132,2024-02-18,49.0
U00757,C0167,2023-05-02,48.17
U00758,C0177,2024-01-20,155.17
U00758,C0153,2024-11-17,131.7
U00758,C0045,2024-04-19,172.98
U00758,C0168,2024-10-27,76.42
U00759,C0114,2023-04-30,16.53
U00759,C0095,2024-05-15,128.28
U00759,C0003,2024-06-05,44.99
U00759,C0031,2024-08-23,114.6
U00760,C0071,2024-08-30,36.22
U00760,C0178,2024-05-10,199.99
U00760,C0191,2024-12-20,86.73
U00760,C0025,2024-08-08,25.05
U00761,C0183,2024-02-20,162.57
U00761,C0138,2023-01-21,78.76
U00761,C0048,2024-07-03,156.69
U00762,C0017,2024-12-31,163.77
U00762,C0133,2024-10-29,24.82
U00762,C0150,2023-08-01,193.14
U00762,C0138,2023-05-01,36.13
U00763,C0047,2023-11-18,24.61
U00763,C0002,2023-05-12,115.02
U00763,C0143,2024-10-30,32.24
U00763,C0115,2024-07-29,51.35
U00764,C0022,2024-07-11,34.32
U00764,C0032,2024-11-04,0.02
U00764,C0130,2023-11-04,9.23
U00764,C0077,2024-06-15,180.92
U00764,C0094,2023-10-28,131.83
U00765,C0148,2023-11-17,104.53
U00765,C0126,2023-12-27,121.23
U00765,C0178,2024-06-06,41.97
U00766,C0012,2023-02-07,37.61
U00766,C0061,2023-11-03,171.22
U00767,C0035,2023-08-10,118.36
U00767,C0155,2023-10-12,25.7
U00767,C0142,2024-09-29,84.4
U00768,C0067,2024-02-14,91.21
U00768,C0098,2023-09-18,135.31
U00768,C0167,2024-12-12,28.65
U00768,C0042,2023-07-28,14.11
U00769,C0163,2024-01-17,112.73
U00769,C0179,2024-10-25,164.1
U00769,C0166,2024-09-11,32.81
U00769,C0050,2023-06-07,63.27
U00769,C0183,2024-03-20,75.79
U00770,C0064,2024-07-15,81.36
U00770,C0020,2023-12-04,128.04
U00770,C0070,2024-01-07,181.85
U00770,C0032,2023-10-07,29.27
U00770,C0137,2023-08-20,54.73
U00770,C0029,2023-04-11,75.43
U00770,C0176,2023-08-16,75.73
U00771,C0032,2024-06-23,145.67
U00771,C0045,2023-11-10,117.77
U00772,C0025,2023-10-16,110.31
U00772,C0136,2024-09-14,19.81
U00772,C0090,2023-02-19,34.15
U00772,C0180,2024-02-03,36.13
U00772,C0147,2024-11-25,193.6
U00773,C0153,2023-05-11,51.81
U00773,C0104,2024-12-04,102.71
U00773,C0123,2023-06-09,131.51
U00773,C0152,2023-05-27,75.76
U00774,C0014,2023-09-13,135.64
U00774,C0186,2024-03-04,141.36
U00774,C0164,2023-07-07,87.79
U00774,C0095,2023-12-29,159.69
U00774,C0182,2024-05-29,57.36
U00775,C0134,2023-11-17,169.05
U00775,C0184,2024-10-11,15.89
U00775,C0059,2023-09-03,188.97
U00775,C0079,2023-06-19,115.06
U00775,C0163,2023-03-28,148.68
U00775,C0023,2024-07-21,185.92
U00775,C0105,2023-01-11,192.43
U00776,C0131,2024-05-06,99.56
U00776,C0188,2024-12-02,199.59
U00776,C0035,2024-06-29,139.58
U00777,C0158,2023-01-08,142.83
U00777,C0049,2024-12-20,106.86
U00777,C0191,2023-12-20,48.85
U00778,C0136,2023-06-22,134.9
U00778,C0176,2024-06-20,180.76
U00778,C0156,2023-06-29,15.02
U00778,C0011,2023-05-17,102.74
U00778,C0115,2023-02-22,84.54
U00779,C0096,2024-11-26,49.95
U00779,C0029,2024-07-06,170.16
U00779,C0087,2023-05-01,58.01
U00780,C0068,2024-10-08,113.77
U00780,C0055,2023-08-11,184.61
U00780,C0001,2024-10-20,103.11
U00780,C0189,2023-02-06,187.08
U00781,C0125,2023-12-03,59.67
U00781,C0015,2023-04-20,1.03
U00781,C0092,2023-07-10,80.41
U00781,C0002,2023-01-10,20.27
U00781,C0158,2024-05-18,39.51
U00781,C0118,2024-06-25,102.86
U00782,C0032,2023-01-08,31.13
U00782,C0125,2024-11-03,50.03
U00783,C0096,2023-07-06,107.29
U00783,C0077,2023-10-03,21.74
U00783,C0094,2024-03-25,131.26
U00783,C0110,2024-03-25,32.37
U00784,C0112,2024-12-27,39.69
U00784,C0002,2023-07-14,56.98
U00784,C0092,2023-05-17,78.91
U00785,C0009,2024-11-12,196.59
U00785,C0042,2023-05-02,84.22
U00785,C0171,2024-07-17,99.11
U00785,C0051,2024-11-29,142.86
U00785,C0123,2023-11-29,150.22
U00786,C0103,2023-05-15,21.95
U00786,C0129,2023-04-21,158.54
U00786,C0186,2023-05-10,31.11
U00786,C0190,2024-05-27,2.73
U00786,C0100,2024-12-01,47.3
U00787,C0088,2023-01-09,86.87
U00787,C0110,2023-10-24,56.44
U00787,C0153,2023-03-26,152.18
U00787,C0189,2023-09-11,123.52
U00788,C0048,2023-09-27,198.85
U00788,C0064,2023-09-11,133.27
U00788,C0072,2024-03-15,39.68
U00788,C0197,2024-12-24,156.54
U00788,C0030,2023-04-16,140.23
U00789,C0047,2024-10-11,29.75
U00789,C0049,2023-05-04,26.46
U00789,C0152,2023-02-09,54.77
U00789,C0162,2023-07-16,185.82
U00790,C0158,2023-02-22,76.07
U00790,C0052,2024-06-21,61.29
U00790,C0024,2024-10-10,196.02
U00791,C0110,2024-06-06,85.41
U00791,C0123,2023-02-22,60.86
U00791,C0016,2023-10-03,72.72
U00792,C0183,2023-01-01,10.43
U00792,C0108,2023-11-26,42.4
U00792,C0064,2024-04-28,56.03
U00792,C0082,2024-09-13,20.15
U00792,C0013,2023-07-09,50.45
U00792,C0047,2024-05-18,72.72
U00792,C0011,2023-11-08,22.31
U00793,C0175,2023-12-06,72.11
U00793,C0142,2024-01-06,148.59
U00793,C0198,2024-08-26,105.77
U00793,C0034,2024-01-16,47.65
U00794,C0150,2023-04-19,26.1
U00794,C0099,2024-09-08,24.07
U00794,C0023,2024-08-23,193.67
U00795,C0049,2024-07-13,123.8
U00795,C0050,2023-11-05,145.07
U00795,C0181,2023-07-26,106.71
U00795,C0115,2023-06-07,8.76
U00795,C0026,2023-07-16,83.64
U00795,C0020,2024-12-29,50.51
U00796,C0144,2023-05-01,182.17
U00796,C0089,2023-03-11,96.56
U00796,C0094,2024-06-20,186.27
U00796,C0115,2024-05-30,158.18
U00796,C0162,2023-06-20,119.83
U00796,C0184,2024-12-14,193.5
U00797,C0145,2023-07-14,148.14
U00797,C0016,2024-02-12,99.01
U00797,C0178,2024-06-29,174.05
U00798,C0043,2024-02-15,121.44
U00798,C0113,2023-07-31,36.81
U00798,C0193,2023-06-13,114.38
U00798,C0131,2024-08-29,139.34
U00798,C0099,2024-06-09,91.09
U00798,C0144,2024-12-25,144.12
U00798,C0200,2023-09-23,60.68
U00798,C0100,2023-08-14,59.27
U00799,C0031,2023-02-16,106.71
U00799,C0044,2023-10-26,7.82
U00799,C0058,2023-06-01,188.41
U00800,C0035,2024-10-19,196.0
U00800,C0070,2023-08-04,106.92
U00800,C0014,2023-01-02,129.73
U00801,C0095,2024-07-16,52.81
U00801,C0084,2023-05-17,81.67
U00801,C0022,2024-09-18,58.98
U00801,C0181,2023-02-28,125.19
U00802,C0092,2023-08-13,146.1
U00803,C0066,2024-11-04,195.75
U00803,C0005,2024-08-20,21.29
U00803,C0138,2024-12-05,76.4
U00804,C0161,2023-07-31,163.37
U00804,C0163,2023-08-14,64.85
U00804,C0155,2023-07-28,116.33
U00804,C0142,2024-02-09,31.13
U00805,C0186,2023-06-01,180.43
U00805,C0112,2023-04-06,99.19
U00805,C0095,2024-04-15,37.01
U00806,C0049,2023-10-16,4.21
U00806,C0146,2023-06-16,177.05
U00806,C0126,2024-02-08,137.47
U00806,C0187,2023-07-12,13.89
U00806,C0047,2023-03-15,85.28
U00806,C0166,2024-04-10,181.83
U00807,C0026,2023-04-13,75.58
U00807,C0186,2023-01-22,22.01
U00807,C0135,2023-01-14,152.69
U00807,C0036,2024-10-21,186.94
U00807,C0187,2023-05-16,49.67
U00807,C0193,2023-03-27,53.53
U00807,C0004,2024-10-04,119.93
U00807,C0155,2023-01-10,191.52
U00808,C0189,2024-12-25,16.99
U00808,C0087,2023-05-23,96.09
U00809,C0114,2024-05-05,30.9
U00809,C0042,2023-02-27,108.71
U00809,C0079,2023-10-01,125.5
U00809,C0085,2023-05-07,4.24
U00810,C0140,2023-10-31,20.51
U00811,C0107,2024-03-13,77.08
U00811,C0037,2023-12-28,131.07
U00811,C0001,2023-08-20,184.34
U00811,C0058,2024-12-01,76.95
U00811,C0007,2023-04-26,98.36
U00811,C0059,2023-04-23,44.9
U00812,C0073,2023-03-28,179.12
U00812,C0092,2024-09-11,30.22
U00812,C0020,2024-03-14,106.1
U00812,C0158,2024-09-06,36.27
U00812,C0086,2024-03-11,30.04
U00812,C0031,2024-11-14,137.43
U00812,C0093,2024-10-01,163.51
U00813,C0027,2024-11-08,73.82
U00813,C0070,2023-09-29,162.14
U00813,C0128,2024-12-29,159.74
U00814,C0039,2023-06-01,78.12
U00814,C0200,2024-05-04,162.93
U00814,C0168,2023-04-26,115.57
U00814,C0038,2023-10-13,28.93
U00814,C0082,2023-11-27,198.95
U00815,C0099,2023-11-23,98.84
U00815,C0091,2024-05-07,138.68
U00816,C0163,2024-10-31,184.32
U00816,C0086,2024-01-28,83.73
U00816,C0036,2024-05-24,107.75
U00817,C0138,2024-08-17,142.98
U00817,C0059,2024-06-23,115.58
U00817,C0099,2024-12-11,162.26
U00817,C0022,2023-08-13,140.62
U00818,C0001,2024-01-07,111.67
U00818,C0053,2023-05-17,184.18
U00818,C0005,2023-03-03,182.27
U00819,C0200,2024-04-16,28.83
U00819,C0036,2024-07-18,194.36
U00819,C0076,2024-03-07,48.5
U00820,C0015,2024-12-21,28.62
U00820,C0192,2023-01-27,139.22
U00820,C0036,2024-03-10,74.34
U00820,C0031,2024-12-19,21.2
U00820,C0179,2024-08-18,14.75
U00821,C0041,2023-03-22,49.01
U00821,C0008,2023-01-13,113.84
U00821,C0038,2024-03-02,29.94
U00821,C0094,2023-07-06,93.95
U00821,C0037,2023-05-24,149.62
U00822,C0077,2023-12-12,88.79
U00822,C0121,2024-10-22,139.05
U00822,C0106,2023-10-21,22.25
U00822,C0185,2023-03-03,176.23
U00823,C0193,2023-06-27,100.66
U00824,C0109,2024-11-27,189.65
U00825,C0183,2023-11-10,141.87
U00825,C0067,2024-03-09,186.29
U00825,C0147,2023-10-06,194.62
U00825,C0129,2024-06-18,75.51
U00826,C0191,2023-07-08,164.5
U00826,C0055,2024-07-26,121.02
U00826,C0103,2023-03-21,163.31
U00826,C0159,2024-04-24,95.48
U00826,C0015,2024-10-30,128.38
U00826,C0057,2024-01-25,32.96
U00826,C0101,2024-01-16,129.33
U00827,C0028,2023-03-21,72.54
U00827,C0027,2023-12-10,5.61
U00828,C0139,2023-08-05,119.42
U00828,C0028,2023-11-13,37.55
U00828,C0017,2023-07-26,127.68
U00829,C0069,2023-03-29,195.33
U00830,C0145,2023-11-19,18.64
U00830,C0124,2023-11-13,1.7
U00830,C0012,2024-01-01,150.34
U00830,C0013,2024-02-12,100.04
U00831,C0101,2023-05-13,140.53
U00831,C0186,2023-04-10,66.26
U00831,C0092,2024-05-30,20.2
U00832,C0039,2024-08-23,173.76
U00832,C0007,2023-02-08,58.02
U00832,C0151,2023-06-05,136.47
U00832,C0098,2023-03-22,177.04
U00832,C0123,2023-04-06,190.56
U00833,C0056,2023-05-25,153.77
U00833,C0175,2023-06-14,198.68
U00833,C0168,2024-05-28,103.26
U00834,C0167,2023-05-15,67.8
U00834,C0134,2024-01-04,124.69
U00834,C0197,2024-03-17,8.0
U00834,C0088,2024-12-30,154.84
U00834,C0115,2024-02-01,47.82
U00835,C0156,2023-05-27,153.26
U00835,C0020,2023-11-13,109.43
U00835,C0040,2023-03-31,99.78
U00835,C0146,2024-04-10,62.74
U00835,C0161,2023-10-30,32.29
U00835,C0128,2023-10-14,115.3
U00835,C0025,2023-12-28,17.85
U00835,C0004,2023-07-03,142.13
U00836,C0122,2024-10-27,184.83
U00836,C0066,2023-05-07,194.34
U00836,C0196,2024-05-14,7.92
U00836,C0114,2023-10-21,80.19
U00837,C0175,2023-11-18,74.74
U00837,C0034,2024-11-29,82.64
U00837,C0113,2024-04-05,52.57
U00837,C0094,2024-11-29,8.54
U00837,C0132,2024-10-21,11.41
U00837,C0160,2023-09-08,139.95
U00838,C0040,2023-06-12,114.03
U00838,C0027,2023-03-16,44.61
U00838,C0075,2024-04-18,133.83
U00838,C0097,2023-12-24,93.18
U00839,C0120,2023-04-21,183.49
U00839,C0028,2024-02-11,153.64
U00839,C0022,2023-07-24,80.3
U00839,C0047,2023-03-08,63.46
U00840,C0125,2023-02-09,109.02
U00840,C0055,2024-04-26,29.1
U00840,C0180,2023-08-07,64.04
U00840,C0190,2023-02-02,197.56
U00840,C0122,2024-01-25,12.48
U00840,C0030,2024-01-06,157.91
U00840,C0072,2024-04-29,42.68
U00840,C0117,2023-08-05,173.6
U00841,C0176,2023-05-26,13.85
U00841,C0109,2024-02-19,16.34
U00841,C0070,2024-12-30,90.28
U00841,C0065,2024-03-05,104.96
U00841,C0163,2024-11-16,178.61
U00841,C0046,2023-07-08,166.11
U00841,C0022,2023-04-05,178.99
U00842,C0193,2023-07-23,69.86
U00842,C0077,2024-03-05,96.33
U00842,C0043,2024-07-02,137.77
U00843,C0179,2023-12-30,182.52
U00843,C0112,2024-08-07,77.83
U00844,C0153,2023-07-23,15.56
U00845,C0158,2023-11-21,2.84
U00845,C0038,2024-04-14,186.76
U00845,C0083,2024-05-26,172.86
U00845,C0171,2023-04-27,158.4
U00846,C0068,2024-04-06,188.66
U00846,C0134,2023-05-09,126.86
U00846,C0185,2024-10-16,193.89
U00846,C0001,2023-04-10,7.3
U00847,C0049,2023-06-20,120.19
U00847,C0108,2023-08-10,69.62
U00847,C0179,2023-07-15,194.35
U00847,C0140,2024-08-13,191.02
U00847,C0199,2024-01-15,162.76
U00848,C0079,2024-05-29,163.81
U00849,C0128,2024-04-11,82.81
U00849,C0167,2023-12-27,70.44
U00850,C0134,2023-06-30,91.76
U00850,C0196,2024-01-18,35.38
U00850,C0086,2024-09-01,32.53
U00850,C0030,2024-03-22,76.31
U00851,C0177,2024-12-19,124.08
U00851,C0175,2023-04-12,199.07
U00851,C0112,2023-04-17,17.93
U00851,C0163,2023-01-17,123.25
U00851,C0073,2024-02-26,20.74
U00852,C0160,2024-05-30,116.25
U00852,C0140,2023-02-03,133.54
U00852,C0026,2024-03-06,42.37
U00852,C0163,2024-04-10,110.32
U00852,C0114,2023-04-28,39.11
U00853,C0032,2024-10-22,140.77
U00853,C0090,2024-02-10,1.52
U00853,C0119,2024-01-19,156.44
U00853,C0106,2024-06-03,56.72
U00854,C0068,2024-02-29,6.53
U00854,C0079,2023-01-27,30.68
U00854,C0107,2024-01-19,168.15
U00854,C0173,2024-06-15,164.01
U00854,C0062,2024-09-06,63.49
U00854,C0002,2023-06-24,191.83
U00855,C0062,2024-03-15,25.77
U00855,C0143,2024-10-13,78.08
U00855,C0101,2023-06-27,80.62
U00855,C0050,2023-11-22,103.46
U00855,C0158,2024-03-23,46.19
U00855,C0165,2024-12-28,160.23
U00855,C0014,2024-05-31,23.67
U00855,C0148,2024-08-13,156.86
U00856,C0161,2023-07-28,18.65
U00856,C0067,2023-01-27,87.48
U00856,C0142,2024-10-05,154.01
U00856,C0041,2023-06-06,5.56
U00856,C0083,2024-12-25,108.73
U00857,C0147,2024-10-08,155.52
U00857,C0098,2023-07-11,47.94
U00857,C0007,2023-08-16,59.38
U00857,C0191,2024-07-02,168.09
U00857,C0188,2024-01-23,154.08
U00857,C0034,2024-11-06,10.35
U00857,C0117,2023-03-26,187.0
U00857,C0163,2024-10-04,4.63
U00858,C0027,2023-09-26,178.92
U00858,C0029,2023-04-06,15.48
U00858,C0118,2024-01-06,182.54
U00858,C0153,2023-08-01,78.16
U00858,C0032,2024-05-17,159.09
U00858,C0028,2024-02-28,14.72
U00858,C0037,2024-10-02,15.26
U00858,C0073,2024-12-04,83.98
U00859,C0163,2023-07-02,131.93
U00859,C0116,2024-10-08,121.33
U00859,C0042,2023-02-02,23.44
U00859,C0047,2023-12-18,198.75
U00859,C0077,2024-05-10,198.98
U00859,C0003,2024-09-06,109.3
U00860,C0190,2023-05-05,38.57
U00860,C0066,2023-01-31,107.19
U00861,C0195,2023-04-28,179.71
U00861,C0040,2023-01-31,65.51
U00861,C0056,2023-08-14,16.69
U00861,C0094,2024-12-09,187.97
U00862,C0124,2023-12-23,141.62
U00862,C0052,2024-10-29,58.86
U00862,C0024,2024-05-22,87.21
U00863,C0050,2024-02-07,20.58
U00863,C0065,2024-08-24,62.32
U00863,C0045,2023-07-30,190.75
U00863,C0051,2024-05-14,86.69
U00863,C0176,2024-04-01,84.75
U00863,C0184,2023-10-06,163.18
U00863,C0072,2024-09-29,21.51
U00864,C0052,2024-01-18,179.58
U00864,C0146,2023-03-07,89.88
U00864,C0091,2023-02-04,191.62
U00865,C0105,2024-10-22,190.08
U00865,C0076,2024-06-27,70.45
U00865,C0155,2023-01-31,22.93
U00866,C0110,2023-08-09,131.39
U00866,C0048,2024-01-16,29.01
U00866,C0092,2023-11-18,24.46
U00866,C0063,2023-11-23,137.66
U00866,C0019,2023-12-03,42.75
U00867,C0083,2024-01-30,56.72
U00867,C0060,2023-08-06,105.45
U00867,C0144,2023-04-16,112.19
U00867,C0017,2024-09-14,189.25
U00868,C0172,2024-11-29,151.24
U00868,C0020,2023-11-22,162.68
U00868,C0147,2023-07-22,39.42
U00868,C0166,2024-05-20,99.73
U00868,C0108,2023-10-09,84.25
U00869,C0044,2023-12-01,118.23
U00869,C0154,2023-08-31,115.28
U00870,C0165,2024-04-17,56.87
U00870,C0148,2024-02-17,7.4
U00870,C0002,2024-06-30,183.61
U00871,C0166,2023-01-17,13.89
U00872,C0107,2023-11-05,54.93
U00872,C0186,2023-12-21,80.07
U00873,C0081,2024-02-07,59.69
U00873,C0127,2024-04-10,98.67
U00873,C0157,2024-10-18,193.43
U00873,C0013,2023-05-05,168.62
U00874,C0027,2024-12-05,144.85
U00874,C0008,2023-08-20,34.04
U00874,C0058,2023-07-15,144.82
U00874,C0013,2024-01-13,163.23
U00874,C0003,2024-07-04,197.91
U00874,C0036,2024-12-05,173.6
U00874,C0083,2023-09-23,176.66
U00875,C0013,2023-11-08,15.01
U00876,C0157,2024-12-16,34.07
U00876,C0098,2023-05-22,116.69
U00876,C0070,2023-05-03,25.26
U00877,C0193,2023-05-06,104.35
U00877,C0150,2023-09-04,115.58
U00877,C0106,2024-11-08,98.02
U00877,C0164,2023-10-15,64.38
U00877,C0115,2024-05-09,45.17
U00877,C0172,2023-09-28,153.24
U00878,C0091,2023-07-30,138.99
U00878,C0143,2023-03-18,194.35
U00878,C0063,2023-03-03,42.5
U00878,C0169,2024-11-17,43.23
U00878,C0166,2024-01-30,37.58
U00879,C0054,2024-06-24,102.79
U00879,C0152,2023-11-17,152.1
U00880,C0117,2024-05-31,21.13
U00880,C0168,2023-05-14,43.76
U00880,C0040,2024-01-08,77.12
U00881,C0159,2024-02-14,37.59
U00881,C0132,2023-10-12,84.62
U00881,C0052,2024-12-03,61.43
U00881,C0200,2024-08-14,129.68
U00882,C0028,2023-04-23,48.11
U00882,C0191,2024-04-16,37.41
U00883,C0170,2024-06-27,90.53
U00884,C0141,2024-03-17,42.41
U00884,C0022,2024-02-11,100.44
U00884,C0091,2024-06-04,66.75
U00885,C0095,2024-10-26,76.5
U00885,C0026,2024-03-08,38.79
U00885,C0013,2023-07-13,80.54
U00886,C0136,2024-03-19,21.84
U00886,C0156,2023-02-21,129.27
U00886,C0127,2023-04-24,43.92
U00886,C0133,2023-02-24,179.01
U00887,C0062,2023-10-10,45.29
U00887,C0017,2024-09-27,139.9
U00887,C0137,2024-02-19,78.38
U00887,C0026,2023-04-14,43.98
U00888,C0178,2023-07-28,69.53
U00888,C0069,2023-10-22,141.17
U00888,C0127,2023-10-22,146.78
U00888,C0053,2023-04-07,37.02
U00888,C0044,2024-12-18,124.42
U00889,C0177,2023-03-13,33.33
U00889,C0062,2023-12-07,179.97
U00889,C0044,2023-05-26,192.45
U00889,C0081,2024-11-13,94.92
U00889,C0175,2023-12-09,4.17
U00890,C0020,2024-08-20,0.2
U00890,C0044,2023-09-11,94.51
U00890,C0174,2023-02-16,163.79
U00890,C0195,2024-08-03,136.01
U00890,C0003,2023-10-25,167.07
U00890,C0153,2024-06-21,100.63
U00890,C0091,2023-05-31,155.05
U00890,C0122,2023-04-13,60.92
U00891,C0116,2023-09-21,132.68
U00891,C0126,2023-09-17,72.86
U00891,C0189,2023-01-14,165.55
U00891,C0090,2023-11-05,142.03
U00891,C0140,2024-06-14,154.91
U00892,C0153,2024-10-17,4.15
U00892,C0124,2024-02-25,171.25
U00892,C0029,2024-11-06,198.82
U00892,C0070,2024-01-01,99.57
U00892,C0176,2023-09-08,115.52
U00892,C0133,2024-12-13,194.66
U00893,C0191,2024-01-22,127.75
U00893,C0023,2023-10-08,175.43
U00893,C0050,2024-11-26,108.98
U00894,C0135,2024-02-05,117.83
U00894,C0045,2023-10-10,61.86
U00894,C0068,2023-02-12,115.9
U00894,C0174,2024-12-19,68.65
U00894,C0090,2024-09-19,24.59
U00894,C0085,2024-04-10,113.33
U00895,C0089,2024-12-02,29.43
U00895,C0074,2024-11-28,30.05
U00895,C0029,2023-10-24,124.76
U00895,C0003,2024-11-11,32.52
U00895,C0128,2024-05-13,57.65
U00896,C0004,2024-08-30,24.69
U00896,C0117,2024-05-15,61.16
U00896,C0011,2024-03-16,70.45
U00896,C0056,2023-01-01,9.98
U00896,C0073,2023-05-22,70.04
U00897,C0129,2024-07-28,31.01
U00897,C0171,2023-03-30,142.64
U00897,C0197,2023-05-27,199.18
U00898,C0150,2023-10-25,43.77
U00898,C0021,2024-04-29,186.59
U00899,C0174,2024-03-08,79.82
U00899,C0164,2023-04-11,178.61
U00899,C0099,2023-11-06,119.41
U00900,C0112,2023-11-27,160.88
U00900,C0174,2023-05-23,136.66
U00901,C0035,2024-07-21,39.9
U00901,C0107,2023-11-09,17.12
U00902,C0161,2024-01-20,156.48
U00902,C0119,2024-03-23,19.21
U00902,C0140,2024-06-23,88.38
U00902,C0047,2023-11-17,100.76
U00903,C0092,2024-04-22,84.1
U00903,C0120,2024-02-25,92.26
U00903,C0091,2024-07-26,5.28
U00903,C0110,2024-03-07,17.69
U00904,C0078,2024-08-17,102.44
U00904,C0063,2023-05-11,124.18
U00905,C0076,2024-11-17,1.19
U00905,C0014,2024-06-14,92.04
U00905,C0194,2023-02-25,16.93
U00905,C0101,2023-10-04,165.98
U00905,C0033,2024-10-27,21.41
U00905,C0104,2024-08-31,19.48
U00906,C0124,2023-03-04,24.29
U00906,C0177,2024-08-21,134.88
U00906,C0085,2023-02-24,140.31
U00907,C0144,2023-08-17,179.01
U00907,C0190,2024-10-17,170.45
U00907,C0127,2023-11-05,125.65
U00907,C0035,2023-01-07,161.12
U00908,C0052,2023-06-06,120.76
U00908,C0030,2023-05-04,103.96
U00908,C0018,2023-09-11,40.86
U00908,C0001,2024-04-30,4.93
U00909,C0101,2024-02-19,96.74
U00909,C0015,2023-07-08,164.05
U00909,C0032,2024-07-13,52.05
U00909,C0077,2024-09-19,136.26
U00910,C0158,2023-07-09,28.34
U00910,C0032,2024-11-04,48.14
U00910,C0111,2024-06-07,148.33
U00910,C0038,2024-07-13,40.07
U00910,C0163,2024-05-06,58.01
U00910,C0006,2024-11-14,20.0
U00911,C0095,2024-01-31,139.53
U00911,C0171,2023-04-20,92.79
U00911,C0071,2024-03-11,29.63
U00911,C0101,2023-10-18,91.42
U00912,C0003,2024-10-22,130.08
U00912,C0149,2024-11-03,123.98
U00912,C0078,2023-02-13,181.62
U00912,C0009,2023-12-30,192.56
U00913,C0186,2023-06-12,71.55
U00913,C0118,2024-05-30,42.16
U00913,C0071,2024-12-24,105.01
U00913,C0003,2024-06-09,12.55
U00914,C0091,2023-12-14,91.9
U00914,C0168,2023-05-24,55.67
U00914,C0185,2024-11-05,60.59
U00914,C0145,2024-02-08,13.64
U00915,C0124,2023-07-04,115.21
U00915,C0097,2024-06-03,155.08
U00915,C0121,2024-06-22,51.85
U00915,C0156,2024-12-15,64.82
U00915,C0169,2024-08-17,69.62
U00916,C0104,2023-06-12,46.34
U00916,C0018,2024-11-12,21.24
U00916,C0012,2024-11-26,95.28
U00916,C0008,2023-08-26,196.27
U00917,C0188,2024-01-29,151.16
U00917,C0061,2024-03-06,184.48
U00917,C0027,2023-03-05,122.38
U00917,C0045,2023-04-28,7.48
U00917,C0187,2023-03-16,88.31
U00918,C0162,2023-11-25,21.53
U00918,C0008,2024-04-05,75.53
U00918,C0045,2024-10-14,114.76
U00919,C0065,2024-03-24,135.77
U00919,C0126,2023-08-19,40.24
U00920,C0136,2023-03-30,116.42
U00920,C0050,2024-10-06,191.97
U00921,C0009,2023-01-06,71.91
U00921,C0036,2024-02-22,113.66
U00922,C0088,2024-05-23,38.03
U00922,C0048,2023-08-01,114.07
U00922,C0175,2024-04-30,100.17
U00922,C0187,2024-01-01,123.7
U00922,C0165,2024-07-26,170.68
U00922,C0136,2023-03-10,87.78
U00923,C0019,2024-06-13,59.65
U00923,C0146,2023-05-01,99.74
U00923,C0021,2023-02-22,120.3
U00923,C0033,2023-12-05,4.51
U00924,C0075,2023-03-11,174.49
U00924,C0065,2023-06-11,193.62
U00924,C0100,2023-03-18,106.88
U00924,C0181,2023-09-05,170.64
U00924,C0092,2024-09-17,100.01
U00925,C0015,2023-04-24,116.55
U00925,C0140,2023-09-27,130.65
U00925,C0179,2023-02-03,67.61
U00926,C0086,2023-05-23,40.85
U00926,C0196,2023-12-04,184.83
U00926,C0016,2024-11-10,182.46
U00927,C0127,2024-07-31,180.86
U00927,C0019,2024-12-20,167.0
U00928,C0089,2024-09-19,185.87
U00928,C0019,2024-07-18,95.75
U00928,C0107,2023-05-13,54.1
U00928,C0154,2023-02-12,20.81
U00928,C0190,2024-05-23,101.52
U00929,C0111,2023-01-22,186.25
U00929,C0123,2023-01-27,154.72
U00929,C0078,2023-07-20,106.84
U00929,C0059,2024-01-24,136.39
U00930,C0142,2024-01-22,139.09
U00930,C0124,2024-03-16,140.27
U00930,C0014,2024-07-16,27.55
U00930,C0100,2024-03-24,23.6
U00930,C0197,2024-09-22,196.51
U00931,C0050,2023-03-01,47.63
U00931,C0088,2023-04-05,117.72
U00931,C0112,2023-08-21,82.61
U00932,C0138,2023-09-13,162.52
U00932,C0146,2023-03-20,11.33
U00932,C0012,2024-03-25,36.12
U00932,C0004,2023-02-14,62.83
U00932,C0185,2024-09-08,131.04
U00933,C0075,2024-02-12,95.74
U00933,C0034,2023-05-06,131.32
U00933,C0156,2023-03-20,50.04
U00934,C0127,2023-08-14,88.71
U00934,C0181,2023-11-06,188.29
U00934,C0189,2024-07-18,58.54
U00934,C0092,2024-10-31,48.84
U00935,C0082,2023-12-21,180.09
U00935,C0179,2024-12-23,190.11
U00935,C0139,2024-05-12,55.96
U00935,C0129,2023-07-28,182.41
U00935,C0027,2024-06-17,46.11
U00935,C0014,2024-07-20,42.15
U00936,C0037,2024-12-16,88.06
U00936,C0010,2024-04-09,190.61
U00936,C0061,2023-01-22,99.78
U00937,C0072,2024-08-25,76.84
U00938,C0022,2024-05-22,3.77
U00938,C0016,2024-01-27,76.93
U00938,C0072,2023-02-15,44.89
U00938,C0157,2024-01-24,36.89
U00938,C0099,2024-03-17,106.5
U00939,C0009,2023-01-27,182.01
U00939,C0139,2023-12-11,184.54
U00939,C0196,2023-09-26,162.05
U00939,C0090,2024-08-28,43.31
U00940,C0186,2024-09-28,86.82
U00941,C0187,2023-02-28,161.48
U00941,C0189,2024-07-20,77.62
U00941,C0193,2024-11-25,57.48
U00942,C0137,2023-09-24,32.51
U00942,C0119,2024-01-26,93.47
U00942,C0109,2023-09-01,26.37
U00942,C0147,2023-01-16,56.14
U00942,C0185,2024-11-29,190.19
U00942,C0146,2023-03-29,199.76
U00942,C0197,2024-07-09,59.16
U00942,C0133,2024-08-07,78.92
U00943,C0093,2024-10-30,162.05
U00943,C0069,2024-09-14,2.47
U00943,C0169,2023-11-11,113.69
U00943,C0065,2023-11-25,167.2
U00944,C0114,2024-04-22,7.4
U00944,C0119,2024-01-03,96.04
U00944,C0005,2024-07-23,43.57
U00944,C0113,2023-03-01,115.91
U00944,C0003,2023-03-23,55.29
U00945,C0081,2023-09-22,153.2
U00945,C0017,2023-10-10,51.91
U00945,C0113,2024-05-21,25.44
U00945,C0047,2024-10-07,34.9
U00946,C0168,2024-12-01,101.34
U00946,C0013,2024-03-26,115.98
U00946,C0060,2023-02-12,110.68
U00946,C0030,2023-08-22,12.16
U00946,C0010,2023-09-23,195.06
U00946,C0048,2023-01-17,135.68
U00947,C0091,2023-12-25,21.83
U00947,C0139,2024-06-03,88.76
U00947,C0184,2024-06-07,15.49
U00947,C0012,2023-07-28,65.16
U00947,C0154,2024-01-16,165.83
U00947,C0061,2024-11-28,83.19
U00948,C0073,2024-09-13,157.63
U00948,C0037,2023-12-10,195.02
U00948,C0007,2024-10-29,74.94
U00948,C0084,2023-10-29,124.38
U00949,C0012,2023-06-03,182.37
U00949,C0075,2023-01-27,21.25
U00950,C0081,2024-06-04,156.69
U00950,C0131,2024-12-30,68.81
U00950,C0184,2023-08-09,75.77
U00951,C0169,2024-10-26,15.69
U00951,C0186,2023-03-21,191.73
U00951,C0039,2023-08-18,113.08
U00951,C0098,2024-08-11,126.06
U00952,C0138,2024-09-13,94.47
U00952,C0188,2024-06-21,104.07
U00952,C0032,2023-11-21,53.84
U00952,C0136,2024-08-12,58.61
U00952,C0014,2023-09-07,65.74
U00953,C0093,2023-04-29,138.61
U00953,C0060,2024-03-31,146.56
U00953,C0117,2024-02-24,72.38
U00953,C0081,2023-12-27,112.09
U00953,C0192,2023-03-20,182.93
U00954,C0155,2023-08-24,113.87
U00954,C0059,2023-05-09,185.14
U00954,C0115,2023-09-08,155.29
U00954,C0108,2024-02-22,134.82
U00955,C0156,2023-11-18,23.59
U00955,C0067,2024-02-23,84.2
U00955,C0074,2023-06-01,115.2
U00955,C0088,2024-10-09,176.29
U00956,C0047,2023-01-16,33.35
U00956,C0117,2024-03-04,52.68
U00957,C0121,2023-02-04,166.77
U00957,C0191,2023-01-25,138.01
U00957,C0026,2023-03-16,26.48
U00957,C0033,2024-06-26,183.72
U00958,C0091,2024-12-30,58.68
U00958,C0033,2023-12-11,179.49
U00958,C0103,2023-12-11,118.3
U00958,C0179,2024-09-23,21.55
U00958,C0143,2023-02-16,14.75
U00958,C0062,2023-12-30,189.98
U00959,C0162,2024-05-03,140.02
U00959,C0116,2023-07-07,144.74
U00959,C0190,2024-08-26,183.27
U00959,C0112,2024-06-05,16.76
U00959,C0075,2023-01-08,118.71
U00959,C0194,2024-01-14,134.78
U00960,C0083,2024-08-25,55.86
U00960,C0113,2023-04-10,46.45
U00960,C0046,2024-05-20,68.22
U00960,C0131,2024-07-31,103.54
U00961,C0131,2024-01-29,63.72
U00961,C0110,2023-07-02,190.7
U00961,C0074,2023-02-12,162.8
U00961,C0083,2023-08-04,86.11
U00962,C0158,2023-12-22,56.96
U00962,C0081,2023-05-02,57.57
U00962,C0026,2024-05-13,87.78
U00963,C0074,2024-11-13,55.73
U00963,C0067,2023-04-09,41.37
U00963,C0156,2024-06-04,150.97
U00963,C0193,2023-01-29,119.68
U00963,C0028,2023-02-10,191.97
U00963,C0060,2024-07-06,107.58
U00964,C0126,2024-01-14,40.63
U00964,C0007,2024-08-07,85.3
U00965,C0033,2023-04-23,143.25
U00965,C0117,2023-05-03,88.88
U00965,C0076,2024-03-18,98.65
U00966,C0036,2024-11-15,23.29
U00966,C0072,2023-12-29,160.73
U00967,C0057,2024-06-03,67.07
U00967,C0187,2024-04-09,126.12
U00967,C0020,2024-06-09,134.42
U00967,C0084,2023-03-17,141.36
U00967,C0041,2023-11-19,178.45
U00968,C0026,2024-12-23,158.84
U00969,C0143,2023-02-06,189.84
U00969,C0170,2024-10-04,1.59
U00969,C0161,2023-05-21,117.27
U00970,C0057,2024-05-11,162.77
U00970,C0173,2024-05-23,56.52
U00970,C0051,2023-07-23,126.95
U00970,C0068,2023-04-01,190.17
U00970,C0121,2023-08-08,0.64
U00970,C0039,2023-03-10,98.14
U00971,C0182,2024-12-05,52.61
U00971,C0046,2024-01-25,126.21
U00971,C0010,2023-08-29,127.54
U00971,C0108,2024-05-10,106.09
U00972,C0077,2024-02-06,119.57
U00972,C0060,2024-07-10,96.19
U00972,C0075,2023-04-09,43.79
U00972,C0172,2023-10-22,83.92
U00972,C0125,2024-04-02,65.08
U00972,C0126,2024-11-09,84.97
U00972,C0162,2023-06-30,92.95
U00973,C0030,2024-02-12,140.96
U00973,C0089,2024-05-10,168.02
U00973,C0179,2024-05-15,120.21
U00974,C0008,2023-08-09,177.96
U00974,C0075,2024-02-23,12.16
U00974,C0069,2023-11-27,52.32
U00974,C0130,2023-11-22,82.25
U00975,C0109,2024-05-12,145.64
U00975,C0103,2023-12-14,127.25
U00975,C0067,2023-02-16,61.7
U00975,C0014,2024-02-24,44.26
U00975,C0069,2023-06-20,107.2
U00976,C0029,2024-09-11,107.95
U00976,C0158,2023-01-22,160.48
U00976,C0157,2023-04-03,156.09
U00976,C0085,2023-12-08,182.45
U00976,C0034,2024-07-20,12.69
U00977,C0054,2024-01-06,107.09
U00978,C0138,2024-02-28,43.12
U00978,C0102,2023-09-12,188.0
U00978,C0184,2023-02-06,169.1
U00978,C0059,2024-06-23,20.5
U00978,C0075,2024-02-12,158.27
U00978,C0042,2023-02-13,31.39
U00978,C0096,2023-11-05,4.85
U00978,C0085,2024-10-08,154.48
U00979,C0070,2024-01-22,131.06
U00979,C0192,2023-05-15,163.66
U00979,C0032,2023-10-04,172.4
U00980,C0130,2024-12-21,152.48
U00980,C0185,2024-03-01,4.03
U00981,C0139,2024-08-25,158.52
U00981,C0155,2023-07-18,166.29
U00981,C0039,2023-11-16,156.95
U00981,C0025,2024-03-11,102.47
U00981,C0189,2023-01-24,60.43
U00982,C0026,2024-04-27,75.32
U00982,C0068,2024-03-15,18.61
U00982,C0168,2024-02-21,112.2
U00982,C0148,2024-05-09,56.88
U00983,C0130,2024-02-08,190.29
U00983,C0063,2024-07-13,142.92
U00983,C0098,2024-04-08,44.81
U00983,C0005,2023-01-26,79.47
U00983,C0128,2023-08-26,89.42
U00984,C0028,2023-05-28,161.94
U00984,C0165,2023-03-27,19.08
U00984,C0080,2023-06-23,41.54
U00984,C0086,2024-05-16,118.68
U00985,C0104,2024-04-29,104.68
U00985,C0158,2024-08-03,152.12
U00986,C0127,2024-02-26,62.29
U00986,C0065,2023-12-12,166.86
U00987,C0177,2024-08-01,119.75
U00988,C0069,2024-07-12,99.96
U00988,C0177,2024-10-29,47.15
U00988,C0054,2024-04-17,141.77
U00988,C0194,2024-06-10,110.96
U00988,C0144,2023-03-25,184.25
U00988,C0126,2024-03-11,139.85
U00989,C0194,2024-06-16,149.63
U00989,C0004,2023-06-20,39.47
U00989,C0042,2023-04-27,7.81
U00990,C0044,2024-05-13,27.97
U00990,C0161,2024-07-14,83.63
U00990,C0135,2023-01-10,59.35
U00991,C0076,2023-10-05,104.5
U00991,C0185,2024-09-21,177.91
U00991,C0174,2024-07-31,130.04
U00992,C0134,2023-07-29,160.56
U00992,C0176,2024-01-16,103.88
U00993,C0119,2023-05-19,32.85
U00993,C0054,2024-04-30,1.96
U00993,C0085,2024-03-02,35.85
U00994,C0002,2023-07-24,138.81
U00994,C0080,2024-07-04,91.72
U00994,C0180,2023-04-07,12.22
U00994,C0049,2024-04-24,118.89
U00995,C0163,2023-08-20,68.99
U00995,C0144,2023-01-15,185.58
U00996,C0110,2023-11-10,73.45
U00996,C0150,2024-02-17,186.86
U00996,C0187,2024-07-28,108.2
U00997,C0020,2023-08-10,56.0
U00997,C0152,2023-09-27,112.73
U00997,C0040,2023-05-10,159.38
U00997,C0027,2024-08-24,128.97
U00998,C0148,2024-09-11,55.45
U00998,C0198,2024-09-22,133.7
U00998,C0152,2024-04-29,41.86
U00999,C0060,2023-08-10,18.27
U01000,C0038,2023-11-28,15.56
U01000,C0037,2023-02-23,27.39
U01000,C0043,2024-03-26,85.08
U01000,C0122,2024-04-28,65.42
U01000,C0001,2024-05-27,152.0
U01001,C0101,2024-01-30,141.25
U01001,C0097,2023-12-30,62.35
U01001,C0199,2024-06-18,63.39
U01002,C0155,2023-06-20,189.1
U01002,C0055,2023-10-12,142.27
U01003,C0144,2024-12-02,24.05
U01003,C0114,2024-03-21,130.42
U01003,C0126,2023-07-02,5.06
U01003,C0178,2024-01-10,171.07
U01003,C0065,2024-11-17,69.2
U01004,C0158,2024-01-27,74.84
U01004,C0144,2023-01-11,39.17
U01004,C0049,2024-01-05,105.2
U01005,C0080,2023-12-03,18.82
U01006,C0065,2024-09-13,54.61
U01006,C0129,2024-10-24,54.99
U01006,C0004,2024-05-05,79.66
U01007,C0181,2024-04-27,199.45
U01007,C0065,2024-10-09,90.9
U01007,C0071,2023-06-27,94.69
U01007,C0161,2024-10-25,150.12
U01007,C0015,2023-04-17,7.64
U01007,C0147,2023-01-30,122.58
U01007,C0008,2024-12-31,30.64
U01007,C0184,2023-07-01,174.18
U01008,C0108,2023-02-27,88.68
U01008,C0031,2024-12-28,12.47
U01009,C0140,2023-07-18,131.02
U01009,C0072,2023-01-18,66.53
U01010,C0082,2024-01-11,103.27
U01010,C0182,2024-11-11,80.63
U01010,C0044,2024-11-14,133.93
U01010,C0151,2023-03-08,38.59
U01011,C0038,2024-03-30,8.9
U01011,C0187,2024-09-15,39.74
U01011,C0069,2024-06-01,81.85
U01011,C0022,2024-10-12,149.37
U01011,C0045,2023-01-04,62.23
U01012,C0031,2024-12-14,17.22
U01012,C0088,2024-04-19,17.63
U01012,C0120,2023-04-03,36.5
U01012,C0146,2023-03-30,37.13
U01013,C0006,2023-08-11,127.59
U01013,C0197,2024-04-16,16.25
U01013,C0044,2023-09-10,61.56
U01013,C0003,2024-11-28,128.46
U01014,C0049,2023-02-24,75.86
U01014,C0192,2023-10-21,35.6
U01014,C0194,2023-05-24,113.01
U01014,C0189,2024-02-28,45.19
U01014,C0034,2023-07-12,54.56
U01014,C0080,2023-07-24,35.42
U01015,C0179,2023-04-05,97.98
U01015,C0113,2024-08-15,72.72
U01015,C0068,2024-10-19,104.61
U01016,C0176,2023-06-09,107.59
U01016,C0044,2023-08-04,198.75
U01016,C0010,2024-03-20,69.38
U01016,C0150,2024-11-29,159.25
U01016,C0099,2023-08-01,68.44
U01017,C0142,2023-09-22,43.65
U01017,C0191,2023-09-25,6.29
U01017,C0069,2023-04-29,103.41
U01017,C0024,2024-10-08,37.29
U01017,C0132,2023-05-24,93.45
U01017,C0198,2023-11-27,74.46
U01017,C0054,2024-01-22,131.66
U01018,C0083,2023-06-12,84.28
U01018,C0180,2023-12-09,67.33
U01018,C0027,2023-04-13,37.42
U01018,C0162,2024-01-02,61.26
U01018,C0092,2024-04-23,109.36
U01018,C0003,2023-01-23,87.8
U01019,C0152,2024-02-13,94.71
U01019,C0148,2023-09-07,50.51
U01019,C0178,2024-01-18,120.19
U01019,C0112,2024-05-09,135.71
U01020,C0060,2023-04-21,84.2
U01020,C0196,2023-10-03,190.8
U01020,C0130,2024-02-15,118.62
U01021,C0043,2024-09-03,193.05
U01021,C0077,2024-06-20,39.69
U01022,C0193,2023-05-25,160.3
U01022,C0036,2024-04-14,79.2
U01022,C0034,2024-04-16,0.17
U01022,C0170,2023-06-01,40.08
U01022,C0086,2023-06-26,60.26
U01022,C0014,2023-03-24,36.92
U01022,C0024,2023-07-28,87.31
U01022,C0080,2023-09-08,30.83
U01023,C0199,2023-06-13,68.94
U01023,C0096,2024-04-27,109.97
U01023,C0002,2024-02-08,139.76
U01023,C0123,2024-04-28,133.69
U01024,C0181,2023-05-12,63.67
U01024,C0063,2023-05-17,79.98
U01024,C0196,2023-12-01,179.6
U01024,C0025,2024-11-21,146.07
U01024,C0100,2024-03-10,119.39
U01025,C0089,2024-08-23,5.38
U01025,C0126,2024-09-15,35.63
U01025,C0172,2023-08-29,73.83
U01025,C0190,2023-12-15,100.29
U01026,C0154,2024-02-12,182.92
U01027,C0036,2023-08-05,60.39
U01027,C0128,2023-04-06,67.92
U01027,C0049,2024-10-31,35.98
U01027,C0012,2023-06-04,56.99
U01028,C0124,2024-03-07,35.9
U01028,C0009,2024-02-12,136.47
U01028,C0067,2023-04-19,92.98
U01029,C0176,2023-04-14,131.17
U01029,C0188,2024-02-19,160.71
U01030,C0082,2023-05-12,114.94
U01031,C0117,2024-10-31,191.98
U01031,C0003,2024-02-16,84.49
U01031,C0125,2023-02-25,60.59
U01032,C0163,2024-04-06,100.41
U01032,C0030,2024-04-29,142.4
U01032,C0155,2024-07-01,194.35
U01033,C0046,2024-06-28,151.92
U01033,C0109,2024-11-21,16.0
U01034,C0182,2024-08-27,51.57
U01035,C0158,2023-02-19,92.95
U01035,C0187,2023-02-10,24.31
U01035,C0117,2024-05-16,92.05
U01035,C0112,2023-02-21,177.83
U01036,C0065,2023-10-31,153.37
U01036,C0109,2023-01-25,108.55
U01036,C0087,2023-07-03,58.65
U01036,C0173,2024-03-03,3.5
U01037,C0163,2023-04-25,71.45
U01037,C0010,2023-02-07,106.25
U01037,C0153,2024-02-10,49.73
U01038,C0025,2023-05-29,126.58
U01038,C0033,2024-03-17,178.54
U01039,C0118,2023-09-07,183.76
U01039,C0177,2024-06-20,113.81
U01039,C0159,2023-02-11,15.31
U01040,C0038,2024-10-15,162.5
U01040,C0156,2023-04-14,76.38
U01040,C0186,2023-03-22,67.55
U01041,C0078,2023-07-08,190.07
U01041,C0109,2023-09-21,144.32
U01041,C0103,2023-03-23,167.37
U01041,C0006,2024-03-19,193.03
U01042,C0147,2024-07-06,170.85
U01042,C0067,2023-09-07,138.85
U01042,C0078,2023-02-20,74.85
U01042,C0158,2024-04-29,43.04
U01042,C0132,2024-03-23,54.96
U01043,C0048,2023-02-16,120.92
U01043,C0071,2023-07-05,135.64
U01043,C0129,2023-10-07,1.01
U01043,C0172,2023-08-01,3.74
U01044,C0034,2024-04-18,119.82
U01044,C0071,2024-10-12,63.63
U01044,C0069,2023-08-15,44.96
U01045,C0057,2024-12-30,121.86
U01045,C0017,2024-04-16,117.58
U01045,C0157,2024-10-12,119.05
U01045,C0074,2024-07-08,77.81
U01045,C0187,2024-07-25,2.51
U01046,C0089,2024-04-18,170.87
U01046,C0114,2024-05-25,42.13
U01046,C0039,2024-12-15,34.0
U01047,C0104,2024-08-08,193.54
U01047,C0009,2024-10-08,97.31
U01047,C0170,2023-12-20,16.62
U01048,C0136,2023-11-19,90.3
U01048,C0095,2024-04-23,5.91
U01048,C0078,2024-10-01,116.99
U01048,C0075,2024-10-01,70.33
U01048,C0193,2024-03-17,83.08
U01049,C0193,2023-08-29,75.06
U01049,C0073,2024-07-04,26.34
U01049,C0143,2024-09-13,189.76
U01049,C0191,2023-05-07,19.4
U01049,C0126,2023-08-12,42.26
U01050,C0075,2023-06-12,153.37
U01050,C0046,2024-02-15,110.01
U01051,C0056,2023-10-13,63.88
U01051,C0108,2024-01-07,126.06
U01051,C0154,2024-11-11,176.95
U01052,C0196,2023-08-19,171.81
U01052,C0163,2024-05-21,151.37
U01052,C0082,2023-10-21,165.23
U01052,C0129,2024-04-05,31.39
U01052,C0138,2023-07-01,80.01
U01052,C0137,2023-01-04,106.53
U01052,C0101,2023-12-09,152.59
U01053,C0175,2024-10-30,83.62
U01053,C0026,2024-03-04,82.06
U01053,C0099,2024-10-13,5.81
U01053,C0149,2023-08-18,27.71
U01054,C0021,2024-02-23,189.1
U01054,C0154,2023-11-29,121.96
U01054,C0147,2023-06-20,113.86
U01054,C0188,2024-04-28,136.87
U01055,C0006,2023-07-17,170.06
U01055,C0191,2023-06-15,91.55
U01055,C0154,2023-09-03,35.04
U01055,C0168,2024-12-30,184.28
U01055,C0100,2023-11-27,26.53
U01055,C0142,2023-03-08,178.89
U01055,C0131,2023-07-31,115.52
U01056,C0176,2023-07-01,194.56
U01056,C0155,2024-05-27,128.28
U01056,C0114,2024-09-10,167.58
U01056,C0062,2023-06-13,48.97
U01057,C0018,2024-11-24,81.27
U01057,C0002,2024-06-16,199.11
U01057,C0192,2024-01-30,14.07
U01057,C0009,2024-03-03,191.51
U01057,C0175,2024-07-04,24.2
U01058,C0166,2024-05-07,165.55
U01058,C0137,2023-03-03,58.59
U01058,C0183,2024-02-12,165.66
U01058,C0007,2023-02-10,72.67
U01058,C0113,2024-06-07,125.85
U01059,C0032,2023-09-26,151.59
U01059,C0027,2024-08-16,150.72
U01059,C0038,2023-04-25,144.4
U01060,C0169,2023-09-06,159.11
U01060,C0087,2023-08-04,52.9
U01060,C0037,2023-12-04,128.41
U01061,C0182,2023-09-08,151.4
U01061,C0126,2023-12-17,59.06
U01062,C0116,2024-08-04,55.06
U01062,C0180,2023-02-06,152.26
U01062,C0067,2023-06-01,104.36
U01063,C0095,2024-07-31,72.54
U01064,C0184,2024-10-11,60.95
U01064,C0041,2024-12-31,87.97
U01064,C0146,2023-10-29,30.89
U01065,C0033,2023-09-21,127.35
U01065,C0038,2023-01-29,170.18
U01065,C0156,2024-08-20,60.59
U01065,C0075,2024-08-21,2.41
U01065,C0099,2024-01-08,144.23
U01066,C0133,2023-12-19,128.77
U01066,C0104,2024-08-24,170.52
U01066,C0123,2023-11-18,104.67
U01066,C0159,2024-01-23,173.08
U01066,C0044,2024-05-11,129.68
U01067,C0124,2023-12-17,44.97
U01067,C0045,2023-07-31,44.86
U01067,C0098,2023-10-12,121.73
U01067,C0004,2023-05-03,130.0
U01067,C0172,2024-01-01,99.76
U01067,C0017,2024-08-06,182.54
U01068,C0192,2024-11-11,6.57
U01068,C0135,2024-10-03,19.77
U01068,C0059,2023-12-04,101.48
U01068,C0190,2023-10-05,110.66
U01068,C0052,2024-07-01,169.32
U01068,C0094,2024-07-04,174.52
U01069,C0015,2023-07-07,137.94
U01069,C0115,2024-10-28,171.5
U01069,C0146,2023-08-22,137.93
U01069,C0134,2024-04-12,35.49
U01069,C0064,2024-09-15,53.15
U01069,C0063,2023-10-12,18.27
U01069,C0066,2023-07-14,146.67
U01069,C0190,2023-03-07,181.23
U01070,C0078,2023-08-01,45.52
U01070,C0016,2024-08-22,152.34
U01071,C0026,2024-10-11,14.61
U01071,C0138,2024-05-04,23.28
U01071,C0014,2023-03-27,95.21
U01071,C0082,2023-04-13,108.47
U01072,C0125,2023-01-10,116.34
U01072,C0077,2023-04-25,144.0
U01072,C0146,2024-03-29,155.48
U01073,C0163,2024-04-12,198.45
U01073,C0158,2023-09-15,150.91
U01074,C0127,2024-06-03,96.66
U01074,C0162,2023-10-18,190.29
U01074,C0046,2023-11-03,52.84
U01074,C0085,2024-06-28,49.8
U01075,C0144,2024-10-02,88.01
U01075,C0129,2023-07-06,97.52
U01075,C0080,2023-11-23,178.67
U01076,C0127,2024-03-18,134.6
U01076,C0042,2023-04-07,185.06
U01076,C0046,2024-03-29,68.49
U01076,C0017,2024-12-04,107.72
U01077,C0200,2023-08-26,42.64
U01077,C0028,2024-05-28,61.08
U01078,C0121,2023-08-04,114.2
U01078,C0027,2023-06-08,64.75
U01078,C0176,2023-07-16,153.28
U01078,C0077,2023-06-25,170.47
U01078,C0157,2024-09-16,132.52
U01079,C0133,2024-09-01,157.75
U01079,C0122,2023-10-03,45.74
U01079,C0168,2023-09-27,94.4
U01080,C0078,2023-12-29,165.85
U01080,C0095,2023-11-19,89.94
U01080,C0038,2024-03-11,112.66
U01080,C0079,2024-03-03,1.13
U01080,C0086,2024-02-18,11.06
U01080,C0187,2024-02-23,70.72
U01081,C0117,2023-07-27,41.72
U01081,C0197,2023-09-20,58.96
U01081,C0071,2024-01-18,4.74
U01081,C0005,2024-03-13,158.18
U01081,C0181,2023-11-30,111.61
U01082,C0056,2023-04-20,14.89
U01082,C0159,2023-06-14,65.1
U01082,C0129,2024-05-06,188.3
U01082,C0113,2024-08-30,93.97
U01082,C0071,2023-02-17,156.25
U01083,C0181,2023-10-14,197.39
U01083,C0125,2024-08-23,75.0
U01083,C0064,2023-04-14,11.22
U01084,C0138,2023-10-19,22.21
U01084,C0095,2023-05-18,176.17
U01084,C0113,2023-03-17,64.91
U01085,C0106,2023-07-24,112.37
U01085,C0039,2024-03-24,49.05
U01085,C0151,2024-08-09,109.32
U01085,C0077,2024-11-07,52.14
U01085,C0147,2024-06-27,163.46
U01086,C0036,2024-12-29,147.81
U01086,C0198,2024-01-05,181.02
U01086,C0018,2024-04-01,149.45
U01086,C0180,2023-08-08,36.83
U01087,C0118,2024-11-24,194.29
U01087,C0093,2023-09-23,51.07
U01087,C0086,2023-01-24,28.05
U01087,C0051,2024-10-19,82.16
U01088,C0125,2023-03-03,182.6
U01088,C0013,2024-06-08,74.69
U01088,C0136,2024-08-02,87.44
U01089,C0130,2023-12-01,158.03
U01090,C0148,2023-03-19,113.06
U01090,C0086,2024-07-25,156.12
U01090,C0163,2024-06-28,31.64
U01090,C0018,2024-06-09,169.26
U01091,C0120,2024-10-27,198.59
U01091,C0157,2023-03-16,153.42
U01092,C0071,2023-06-05,130.09
U01092,C0120,2023-03-16,36.33
U01092,C0116,2024-08-12,67.96
U01093,C0178,2024-02-16,114.95
U01093,C0190,2023-01-07,124.74
U01093,C0111,2024-02-04,3.77
U01093,C0006,2023-08-19,64.48
U01094,C0058,2024-11-21,153.56
U01094,C0150,2024-06-29,91.55
U01095,C0198,2024-08-13,30.52
U01095,C0148,2023-06-01,41.23
U01095,C0091,2023-07-05,20.18
U01095,C0184,2024-06-30,120.38
U01096,C0200,2023-12-02,174.11
U01096,C0033,2023-08-24,131.63
U01096,C0139,2023-07-26,60.59
U01096,C0090,2024-03-10,198.2
U01096,C0018,2023-08-27,187.26
U01097,C0091,2024-03-26,24.62
U01097,C0007,2024-01-20,5.08
U01097,C0036,2023-08-02,76.08
U01098,C0103,2024-01-25,118.04
U01098,C0051,2023-05-08,18.57
U01098,C0053,2023-06-29,101.34
U01099,C0133,2023-08-03,24.07
U01099,C0032,2024-05-15,148.13
U01099,C0042,2024-01-02,149.94
U01099,C0194,2023-11-21,83.03
U01100,C0024,2024-05-04,51.06
U01100,C0130,2023-04-25,188.98
U01100,C0093,2023-01-17,1.45
U01101,C0103,2023-03-08,86.83
U01101,C0026,2024-10-29,60.14
U01101,C0091,2024-12-19,16.89
U01101,C0093,2024-10-21,162.03
U01101,C0080,2024-04-27,3.17
U01102,C0187,2024-08-01,1.85
U01102,C0166,2024-06-15,31.15
U01102,C0083,2024-12-12,93.96
U01102,C0012,2023-02-09,12.24
U01102,C0037,2023-08-03,173.27
U01102,C0064,2024-11-07,58.62
U01102,C0046,2024-09-24,82.98
U01103,C0045,2023-06-05,148.39
U01103,C0133,2024-11-15,36.32
U01104,C0029,2024-02-18,125.06
U01104,C0042,2023-09-29,124.38
U01104,C0008,2023-01-30,156.65
U01104,C0128,2023-12-06,5.7
U01104,C0053,2024-04-26,6.84
U01104,C0079,2023-05-28,182.72
U01105,C0097,2024-09-04,144.5
U01106,C0026,2023-12-24,179.44
U01106,C0004,2023-04-05,83.98
U01107,C0122,2024-03-01,171.23
U01107,C0119,2024-07-03,88.08
U01108,C0164,2023-05-12,64.58
U01108,C0001,2024-07-06,73.12
U01108,C0080,2024-09-20,133.69
U01108,C0122,2023-04-09,95.56
U01108,C0121,2024-08-07,39.26
U01108,C0066,2023-08-13,102.95
U01109,C0037,2023-04-08,143.45
U01109,C0058,2023-10-17,177.38
U01109,C0169,2023-04-18,49.96
U01109,C0022,2023-09-14,36.93
U01109,C0191,2024-11-06,60.22
U01110,C0119,2024-08-14,197.53
U01110,C0172,2023-10-01,151.98
U01110,C0152,2023-05-15,65.59
U01110,C0134,2024-01-19,132.24
U01110,C0133,2024-08-16,147.28
U01111,C0192,2023-01-15,28.59
U01111,C0099,2023-02-04,167.08
U01111,C0162,2023-09-01,32.38
U01111,C0013,2023-11-27,2.34
U01111,C0051,2024-05-07,96.77
U01111,C0047,2023-12-19,37.55
U01112,C0148,2023-09-27,109.18
U01112,C0104,2023-05-01,148.99
U01112,C0116,2024-11-02,153.7
U01112,C0055,2023-12-12,67.45
U01112,C0117,2023-07-10,51.06
U01112,C0160,2024-05-14,154.4
U01113,C0025,2024-06-15,52.57
U01113,C0172,2024-01-10,85.3
U01113,C0088,2023-01-27,192.95
U01113,C0196,2023-05-10,18.92
U01114,C0029,2024-04-08,87.23
U01114,C0031,2023-03-26,193.26
U01114,C0141,2024-05-31,36.52
U01114,C0183,2024-06-07,38.98
U01114,C0076,2024-11-27,44.37
U01114,C0033,2023-01-18,39.74
U01114,C0089,2023-12-29,105.11
U01114,C0079,2023-06-05,112.58
U01115,C0013,2023-08-24,138.74
U01115,C0137,2024-06-27,33.35
U01115,C0093,2023-06-12,20.03
U01115,C0139,2023-06-19,126.98
U01116,C0058,2024-03-10,171.66
U01116,C0193,2023-10-13,9.78
U01116,C0184,2024-02-15,59.3
U01116,C0039,2024-06-18,194.4
U01116,C0139,2024-05-02,93.6
U01116,C0157,2023-05-20,144.31
U01117,C0020,2024-07-23,133.62
U01117,C0065,2023-08-02,184.61
U01117,C0182,2024-09-19,118.8
U01118,C0194,2023-05-24,28.76
U01118,C0106,2023-06-14,152.92
U01119,C0063,2024-02-05,118.28
U01119,C0101,2023-09-12,166.87
U01119,C0041,2023-03-14,45.26
U01119,C0166,2023-10-10,28.09
U01119,C0108,2024-02-16,24.69
U01120,C0173,2024-11-19,55.09
U01120,C0039,2023-12-02,2.15
U01120,C0053,2023-05-01,104.12
U01120,C0114,2024-06-20,20.52
U01120,C0037,2024-10-05,119.69
U01121,C0113,2024-07-08,148.58
U01121,C0077,2024-04-10,30.74
U01121,C0032,2023-12-16,175.05
U01122,C0011,2024-08-22,33.69
U01122,C0098,2024-12-27,138.29
U01122,C0066,2024-05-13,151.69
U01122,C0029,2023-08-19,104.57
U01122,C0161,2023-04-01,199.52
U01122,C0120,2024-09-09,191.95
U01122,C0110,2024-01-07,48.26
U01123,C0127,2024-10-15,21.04
U01123,C0180,2023-10-14,168.46
U01123,C0111,2023-10-10,180.95
U01123,C0108,2024-10-17,101.56
U01123,C0015,2024-03-05,133.4
U01124,C0092,2023-04-14,142.62
U01124,C0022,2024-05-12,48.55
U01124,C0004,2024-05-21,44.28
U01125,C0069,2024-12-26,97.57
U01125,C0027,2024-09-13,167.48
U01125,C0200,2024-01-20,121.33
U01126,C0171,2024-10-20,190.81
U01126,C0098,2024-08-12,18.98
U01126,C0011,2023-09-02,72.14
U01126,C0155,2024-11-19,141.86
U01126,C0028,2024-09-10,84.37
U01126,C0152,2024-02-08,143.66
U01127,C0166,2024-03-26,170.45
U01128,C0134,2024-03-18,133.81
U01128,C0010,2023-01-27,43.21
U01128,C0103,2023-07-05,4.83
U01128,C0161,2023-12-03,19.76
U01129,C0008,2023-12-19,70.48
U01129,C0187,2023-09-12,55.33
U01129,C0117,2023-02-18,64.9
U01129,C0065,2024-12-16,198.2
U01129,C0092,2023-09-27,153.72
U01129,C0175,2023-06-14,41.88
U01130,C0141,2023-12-23,156.19
U01130,C0166,2023-06-26,168.94
U01130,C0083,2023-04-02,66.75
U01130,C0190,2024-09-23,107.65
U01130,C0103,2023-08-22,63.31
U01131,C0185,2024-02-20,62.58
U01131,C0024,2024-05-24,127.9
U01131,C0164,2024-01-27,40.43
U01132,C0125,2023-06-13,191.86
U01132,C0090,2023-11-27,3.19
U01132,C0087,2023-07-14,116.37
U01132,C0113,2024-06-02,140.05
U01132,C0093,2024-07-27,59.24
U01132,C0194,2024-07-27,107.65
U01133,C0179,2023-04-06,18.11
U01133,C0020,2024-09-04,182.94
U01133,C0051,2024-11-10,80.93
U01134,C0184,2023-12-29,79.35
U01134,C0088,2024-01-30,20.73
U01134,C0137,2023-10-28,122.68
U01135,C0083,2023-10-08,5.27
U01135,C0058,2023-08-18,166.65
U01135,C0114,2023-08-13,49.07
U01135,C0011,2023-08-20,88.07
U01135,C0063,2023-08-10,29.08
U01135,C0141,2023-10-31,48.74
U01135,C0040,2023-01-22,171.51
U01135,C0171,2024-05-09,167.59
U01136,C0142,2024-02-27,37.21
U01136,C0146,2024-06-15,116.18
U01136,C0050,2024-10-04,115.09
U01137,C0100,2024-03-17,74.05
U01137,C0192,2023-08-29,64.03
U01137,C0067,2024-01-01,15.41
U01137,C0181,2024-12-10,26.9
U01137,C0094,2024-12-20,49.38
U01137,C0068,2024-07-05,115.79
U01138,C0130,2024-05-02,107.07
U01138,C0182,2023-04-18,161.45
U01139,C0185,2024-10-22,195.3
U01139,C0090,2023-08-18,93.06
U01139,C0184,2024-08-11,167.32
U01139,C0180,2024-04-16,123.76
U01140,C0112,2024-07-27,89.69
U01140,C0017,2024-10-27,11.51
U01140,C0044,2023-12-22,95.33
U01140,C0006,2024-12-24,29.58
U01141,C0017,2023-09-16,189.47
U01141,C0185,2023-01-29,142.72
U01141,C0071,2024-05-17,86.17
U01141,C0146,2023-05-17,197.24
U01142,C0116,2024-12-14,134.93
U01142,C0080,2023-12-05,46.51
U01142,C0138,2024-06-04,189.25
U01143,C0139,2024-08-23,62.89
U01143,C0175,2023-01-07,194.18
U01144,C0194,2024-08-24,23.94
U01144,C0092,2023-03-14,122.77
U01145,C0187,2023-09-12,195.96
U01145,C0042,2023-07-03,167.15
U01145,C0188,2023-01-31,129.88
U01145,C0050,2024-05-21,145.73
U01146,C0025,2024-12-18,189.81
U01146,C0104,2024-02-01,160.98
U01146,C0147,2024-01-26,139.28
U01147,C0088,2023-04-09,62.24
U01147,C0047,2023-07-01,141.45
U01148,C0128,2023-08-21,70.24
U01148,C0024,2024-10-24,126.6
U01148,C0048,2023-12-14,90.35
U01148,C0067,2023-04-07,104.77
U01148,C0103,2023-01-21,175.86
U01148,C0052,2023-03-04,196.4
U01149,C0096,2023-06-22,0.35
U01149,C0025,2024-06-25,2.52
U01150,C0079,2024-07-30,74.97
U01150,C0008,2023-03-13,191.14
U01150,C0146,2023-07-13,127.3
U01151,C0138,2024-11-30,182.52
U01151,C0056,2024-09-06,74.83
U01151,C0089,2023-07-01,178.29
U01151,C0025,2024-12-24,169.19
U01152,C0130,2023-02-09,187.06
U01152,C0039,2023-05-04,161.44
U01152,C0114,2023-11-16,187.01
U01152,C0008,2023-04-21,69.81
U01152,C0160,2023-07-04,118.02
U01153,C0026,2023-07-17,120.7
U01153,C0128,2024-09-19,184.0
U01154,C0169,2023-03-09,67.67
U01154,C0141,2024-01-10,28.28
U01154,C0100,2024-05-17,37.67
U01154,C0115,2024-02-18,8.32
U01154,C0030,2023-03-02,183.32
U01154,C0172,2024-05-06,162.18
U01154,C0142,2024-11-06,141.53
U01155,C0026,2023-11-25,182.37
U01155,C0134,2024-07-30,115.02
U01155,C0024,2024-06-28,104.33
U01155,C0170,2024-07-13,128.64
U01155,C0168,2023-10-17,64.06
U01156,C0051,2024-03-12,80.85
U01156,C0075,2024-01-22,16.48
U01156,C0161,2023-01-25,98.25
U01157,C0124,2023-11-10,99.52
U01157,C0157,2023-10-22,154.17
U01157,C0100,2024-12-16,11.02
U01158,C0049,2024-08-07,108.56
U01158,C0023,2024-10-18,62.73
U01158,C0079,2023-02-19,106.86
U01158,C0151,2023-02-18,193.35
U01158,C0192,2024-01-30,37.65
U01159,C0014,2024-06-04,74.16
U01159,C0176,2024-12-16,8.94
U01159,C0112,2023-08-08,19.73
U01159,C0190,2023-07-10,178.47
U01159,C0131,2024-12-30,64.06
U01159,C0135,2023-07-28,99.06
U01159,C0046,2024-08-07,128.08
U01160,C0098,2023-07-30,180.06
U01161,C0075,2023-09-04,131.92
U01161,C0002,2023-12-05,196.88
U01162,C0059,2024-09-28,133.71
U01162,C0096,2024-03-08,136.08
U01162,C0103,2024-12-28,172.75
U01162,C0012,2024-10-03,61.95
U01162,C0040,2024-10-31,147.33
U01162,C0037,2023-10-07,81.84
U01162,C0154,2023-01-11,83.18
U01162,C0064,2024-02-28,75.43
U01163,C0049,2023-01-11,125.31
U01163,C0200,2024-02-09,8.36
U01163,C0125,2024-04-04,25.78
U01163,C0065,2024-12-07,44.59
U01163,C0154,2024-10-14,22.88
U01164,C0126,2023-07-07,107.39
U01164,C0018,2023-06-21,188.7
U01165,C0175,2024-02-12,56.96
U01165,C0184,2023-10-21,56.94
U01165,C0178,2024-08-06,52.3
U01166,C0102,2023-07-25,25.42
U01166,C0052,2023-02-06,93.79
U01166,C0023,2023-04-22,22.28
U01166,C0143,2023-02-08,166.62
U01166,C0128,2023-07-08,16.72
U01167,C0018,2024-01-15,87.62
U01167,C0062,2023-05-27,88.4
U01167,C0112,2023-02-12,132.58
U01167,C0158,2024-05-30,153.36
U01168,C0054,2023-11-22,8.75
U01168,C0186,2023-01-15,189.72
U01169,C0065,2024-04-18,40.13
U01169,C0045,2024-10-21,11.29
U01169,C0090,2024-01-25,30.62
U01170,C0017,2024-10-04,38.87
U01170,C0058,2024-11-04,144.24
U01170,C0048,2023-01-26,174.27
U01171,C0063,2024-06-25,57.56
U01171,C0155,2023-06-14,28.67
U01172,C0015,2023-01-18,123.72
U01172,C0029,2023-06-23,144.82
U01172,C0176,2023-11-26,74.07
U01172,C0017,2023-05-27,180.3
U01172,C0105,2024-12-01,46.73
U01172,C0133,2024-01-26,0.68
U01172,C0137,2023-03-01,162.74
U01173,C0031,2024-07-31,109.12
U01173,C0058,2023-01-21,129.77
U01173,C0196,2024-05-02,187.44
U01173,C0161,2024-10-22,77.21
U01173,C0010,2024-12-03,123.21
U01174,C0192,2024-05-17,122.52
U01174,C0061,2023-12-20,196.03
U01174,C0175,2024-10-13,91.0
U01175,C0040,2023-10-21,127.42
U01175,C0117,2023-06-28,192.61
U01175,C0138,2024-02-02,199.83
U01175,C0093,2023-06-14,73.62
U01175,C0058,2023-01-22,86.35
U01175,C0037,2023-11-04,28.8
U01176,C0182,2023-05-09,168.03
U01176,C0139,2023-12-28,41.62
U01176,C0059,2024-02-20,84.23
U01176,C0103,2024-03-03,92.12
U01177,C0100,2023-11-30,133.07
U01177,C0119,2023-05-17,144.66
U01177,C0094,2023-07-30,49.2
U01177,C0087,2024-12-30,38.19
U01178,C0187,2024-09-25,72.68
U01178,C0169,2024-04-19,109.64
U01179,C0105,2024-02-07,28.27
U01179,C0096,2023-04-22,108.57
U01179,C0165,2024-04-08,60.06
U01179,C0079,2024-09-30,82.42
U01179,C0055,2023-07-24,43.44
U01180,C0041,2024-03-18,36.06
U01180,C0169,2024-03-29,4.77
U01180,C0099,2023-07-31,77.19
U01180,C0133,2024-11-14,34.47
U01181,C0175,2023-06-04,82.26
U01181,C0145,2024-04-24,49.14
U01181,C0197,2023-05-14,152.52
U01181,C0040,2024-05-13,63.24
U01181,C0165,2024-09-19,106.12
U01181,C0103,2024-10-05,175.18
U01181,C0148,2024-11-23,19.41
U01181,C0051,2023-03-08,17.15
U01182,C0014,2023-12-06,170.52
U01183,C0092,2023-06-04,191.59
U01183,C0052,2023-11-11,168.14
U01183,C0191,2024-01-07,124.65
U01184,C0115,2024-12-21,35.04
U01184,C0122,2023-11-07,20.3
U01184,C0087,2024-07-29,31.96
U01185,C0042,2023-06-12,112.33
U01185,C0107,2024-10-05,93.91
U01185,C0031,2023-10-15,137.99
U01185,C0137,2023-09-13,195.22
U01185,C0159,2024-11-10,189.08
U01185,C0105,2024-03-31,19.41
U01186,C0098,2024-04-29,75.87
U01187,C0006,2024-12-05,197.55
U01187,C0151,2024-01-07,186.19
U01188,C0047,2024-11-18,113.36
U01188,C0115,2023-12-14,197.56
U01188,C0006,2024-01-14,13.78
U01188,C0126,2023-05-19,124.81
U01189,C0039,2024-10-11,64.14
U01189,C0029,2024-12-29,158.56
U01189,C0172,2023-03-27,70.94
U01189,C0051,2024-05-21,3.19
U01190,C0107,2023-10-14,196.41
U01190,C0044,2023-01-25,97.92
U01190,C0094,2023-06-20,10.4
U01190,C0065,2023-09-02,140.1
U01190,C0050,2023-09-27,89.79
U01190,C0132,2024-03-19,67.5
U01191,C0195,2024-11-06,16.05
U01191,C0169,2024-07-18,6.27
U01191,C0118,2024-10-01,2.14
U01192,C0078,2024-01-25,77.68
U01192,C0098,2024-12-12,134.38
U01192,C0052,2024-12-14,75.03
U01192,C0121,2024-01-11,160.63
U01193,C0109,2023-09-25,110.48
U01193,C0105,2024-05-15,56.33
U01193,C0182,2023-03-27,182.67
U01193,C0088,2024-11-18,16.96
U01193,C0034,2024-11-13,182.67
U01193,C0089,2024-06-05,179.16
U01194,C0033,2023-04-20,48.59
U01195,C0017,2024-08-08,160.29
U01195,C0040,2023-03-31,172.74
U01196,C0004,2023-12-16,174.03
U01197,C0040,2024-10-08,174.68
U01197,C0150,2024-11-11,21.17
U01197,C0161,2023-05-05,11.23
U01197,C0118,2023-05-23,39.9
U01198,C0021,2024-03-19,158.32
U01198,C0048,2023-08-27,42.04
U01198,C0024,2023-03-23,77.38
U01198,C0184,2024-10-02,105.87
U01198,C0001,2024-05-02,163.51
U01199,C0127,2023-10-22,146.31
U01199,C0155,2024-08-29,173.0
U01199,C0181,2023-03-04,88.5
U01199,C0048,2024-06-03,1.26
U01199,C0121,2023-06-30,194.84
U01200,C0139,2024-12-17,24.8
U01200,C0148,2023-03-19,37.64
U01200,C0049,2023-11-26,151.26
U01201,C0102,2023-10-31,120.31
U01201,C0163,2024-06-02,128.12
U01201,C0152,2023-08-12,85.3
U01202,C0189,2024-11-30,50.33
U01202,C0062,2023-06-15,12.93
U01202,C0136,2023-03-06,98.78
U01202,C0002,2023-03-03,123.97
U01202,C0168,2024-03-16,15.99
U01203,C0184,2023-04-01,63.68
U01203,C0115,2024-01-06,139.62
U01203,C0004,2024-09-12,135.64
U01203,C0191,2023-03-09,113.84
U01203,C0173,2023-11-23,90.16
U01204,C0123,2024-05-15,62.69
U01204,C0095,2023-07-14,45.62
U01204,C0128,2023-06-24,8.54
U01204,C0077,2023-12-28,81.95
U01204,C0196,2024-04-17,64.87
U01205,C0104,2024-01-30,83.92
U01205,C0119,2023-01-26,174.67
U01205,C0116,2023-11-21,76.29
U01205,C0040,2024-10-09,29.88
U01205,C0037,2024-01-10,2.79
U01206,C0170,2023-08-11,18.97
U01206,C0045,2024-02-05,94.46
U01206,C0039,2023-10-05,67.46
U01206,C0152,2023-01-23,99.46
U01206,C0048,2023-06-12,60.7
U01207,C0141,2024-05-26,86.57
U01207,C0072,2023-06-13,97.47
U01207,C0059,2024-11-12,11.95
U01207,C0049,2023-04-19,13.38
U01207,C0125,2023-11-28,141.2
U01207,C0156,2024-09-14,57.86
U01207,C0186,2023-08-29,103.75
U01208,C0056,2023-11-12,126.3
U01208,C0107,2023-12-13,126.09
U01208,C0126,2024-12-01,123.7
U01208,C0004,2024-09-18,24.37
U01209,C0073,2024-01-18,161.42
U01209,C0088,2023-05-12,73.91
U01210,C0017,2024-12-05,46.69
U01210,C0005,2023-11-17,126.77
U01210,C0115,2024-05-02,157.36
U01210,C0095,2024-07-22,68.15
U01210,C0107,2023-12-06,139.67
U01210,C0064,2023-05-11,193.09
U01210,C0054,2024-10-09,114.45
U01210,C0084,2023-08-23,141.62
U01211,C0064,2023-01-20,62.69
U01211,C0126,2023-04-08,76.83
U01211,C0145,2023-06-01,124.72
U01211,C0121,2023-03-25,105.85
U01212,C0187,2024-02-03,155.49
U01212,C0069,2023-10-10,142.38
U01212,C0018,2024-01-08,169.55
U01212,C0116,2023-03-02,94.75
U01213,C0001,2024-09-27,96.51
U01213,C0084,2023-05-30,156.74
U01213,C0092,2023-11-24,96.94
U01214,C0138,2023-07-12,191.55
U01214,C0052,2024-09-03,121.02
U01214,C0166,2023-10-30,146.68
U01215,C0050,2024-01-21,84.6
U01215,C0135,2023-01-12,59.64
U01215,C0130,2023-07-29,28.81
U01215,C0073,2023-01-26,5.76
U01215,C0064,2024-10-21,152.47
U01216,C0120,2023-06-01,89.34
U01216,C0199,2024-01-27,111.05
U01217,C0195,2024-04-11,55.19
U01217,C0081,2024-12-24,121.31
U01217,C0028,2023-10-19,32.58
U01217,C0071,2023-05-12,64.56
U01218,C0014,2023-12-01,110.52
U01219,C0081,2024-07-17,5.09
U01219,C0185,2024-03-20,129.27
U01219,C0097,2024-02-10,35.6
U01220,C0195,2023-11-28,113.12
U01220,C0009,2024-08-05,7.88
U01220,C0165,2024-06-07,11.17
U01220,C0073,2024-12-31,26.37
U01221,C0018,2023-06-05,20.45
U01221,C0036,2023-06-17,188.02
U01222,C0194,2023-12-13,16.23
U01222,C0093,2023-12-18,150.17
U01222,C0092,2024-05-19,80.11
U01223,C0107,2024-02-10,138.92
U01223,C0165,2024-07-15,164.57
U01224,C0115,2023-08-21,47.85
U01224,C0041,2024-10-22,136.7
U01224,C0030,2023-01-25,10.5
U01224,C0196,2024-12-15,45.1
U01224,C0067,2023-02-13,8.44
U01225,C0040,2024-02-01,151.19
U01225,C0036,2024-11-17,79.16
U01225,C0129,2024-06-06,153.11
U01225,C0082,2024-05-19,4.7
U01225,C0083,2024-12-14,82.99
U01226,C0052,2023-02-06,41.77
U01226,C0151,2024-08-19,98.29
U01227,C0021,2024-06-05,179.72
U01227,C0149,2023-06-18,79.44
U01227,C0095,2023-06-05,107.25
U01228,C0191,2024-06-07,77.68
U01228,C0160,2023-07-26,150.83
U01228,C0073,2023-09-20,66.9
U01228,C0069,2023-12-01,179.59
U01228,C0143,2024-02-07,23.83
U01228,C0096,2023-10-20,90.33
U01229,C0167,2024-02-20,40.92
U01229,C0172,2023-04-26,8.33
U01229,C0132,2023-04-20,148.56
U01230,C0052,2024-12-07,134.84
U01230,C0195,2024-08-30,163.57
U01230,C0146,2024-01-05,92.76
U01230,C0189,2024-10-25,125.22
U01230,C0192,2024-08-03,178.04
U01230,C0077,2023-09-16,43.36
U01231,C0004,2023-08-10,165.92
U01232,C0053,2024-02-05,120.36
U01232,C0128,2023-06-19,184.16
U01232,C0185,2024-05-06,112.17
U01232,C0100,2023-10-20,159.0
U01232,C0084,2024-11-14,171.47
U01232,C0118,2023-09-12,15.53
U01233,C0001,2024-09-26,10.01
U01233,C0008,2023-01-12,189.36
U01234,C0078,2023-02-24,73.61
U01234,C0114,2024-10-23,38.16
U01234,C0098,2024-03-09,148.37
U01234,C0187,2024-01-17,15.22
U01234,C0146,2024-03-03,130.73
U01234,C0041,2023-11-01,154.09
U01234,C0025,2023-05-03,60.41
U01235,C0053,2024-11-29,158.55
U01235,C0031,2024-05-02,34.92
U01235,C0163,2023-04-26,17.22
U01236,C0149,2023-10-07,54.01
U01236,C0178,2024-12-20,112.65
U01236,C0143,2023-03-06,146.29
U01237,C0017,2024-11-25,75.49
U01237,C0102,2023-02-08,99.48
U01238,C0106,2024-11-03,12.6
U01238,C0045,2023-10-15,141.98
U01238,C0004,2024-05-05,40.54
U01238,C0148,2023-10-01,4.88
U01238,C0012,2023-10-06,192.64
U01239,C0177,2023-01-02,199.17
U01239,C0115,2023-02-15,174.7
U01240,C0112,2023-02-18,57.3
U01240,C0144,2023-04-01,119.61
U01240,C0180,2024-04-12,164.14
U01240,C0126,2024-07-11,32.78
U01240,C0060,2024-11-05,180.36
U01241,C0139,2023-12-22,81.4
U01241,C0038,2024-08-17,80.36
U01241,C0083,2024-04-23,196.7
U01241,C0189,2023-10-27,29.53
U01241,C0164,2024-11-19,150.33
U01242,C0139,2023-03-30,120.43
U01242,C0105,2023-05-21,66.56
U01242,C0093,2024-01-03,129.09
U01242,C0111,2024-04-06,150.74
U01243,C0043,2024-09-05,68.33
U01243,C0011,2024-10-09,166.4
U01243,C0088,2023-06-13,170.22
U01243,C0130,2024-08-10,27.9
U01243,C0161,2023-07-30,164.94
U01243,C0038,2024-02-10,16.35
U01244,C0029,2023-02-12,103.91
U01244,C0129,2024-08-12,0.81
U01244,C0140,2024-07-17,132.93
U01245,C0059,2024-12-27,157.54
U01245,C0176,2024-05-15,23.38
U01246,C0096,2024-02-07,43.81
U01246,C0141,2023-12-26,149.97
U01246,C0102,2024-12-05,150.31
U01246,C0134,2023-04-19,45.16
U01246,C0169,2024-10-21,90.73
U01247,C0193,2023-04-21,99.04
U01247,C0049,2023-03-15,138.99
U01247,C0184,2023-11-10,48.37
U01247,C0001,2024-02-20,60.57
U01247,C0130,2023-08-03,108.39
U01248,C0049,2023-01-17,6.22
U01248,C0007,2023-05-04,41.42
U01249,C0175,2023-05-02,84.38
U01249,C0019,2024-01-02,132.32
U01249,C0018,2023-01-11,139.56
U01249,C0065,2023-11-04,68.63
U01249,C0116,2024-01-19,41.69
U01250,C0151,2024-09-21,118.67
U01250,C0123,2024-11-26,98.27
U01250,C0163,2023-02-02,100.0
U01251,C0066,2024-01-28,150.58
U01251,C0180,2023-04-11,84.54
U01251,C0122,2024-08-24,124.05
U01252,C0176,2024-01-25,7.73
U01252,C0126,2024-05-14,151.81
U01252,C0007,2023-03-30,94.97
U01253,C0022,2024-10-08,184.46
U01253,C0063,2024-04-10,75.97
U01253,C0186,2023-12-12,48.28
U01253,C0184,2024-04-25,6.87
U01254,C0199,2023-08-10,122.74
U01254,C0181,2023-04-08,2.06
U01254,C0116,2023-05-12,118.69
U01255,C0008,2024-05-29,36.25
U01255,C0130,2023-10-09,139.43
U01255,C0114,2024-02-02,160.26
U01255,C0018,2024-07-02,130.74
U01256,C0150,2023-05-01,139.64
U01257,C0116,2023-10-25,120.22
U01257,C0076,2024-03-12,21.93
U01257,C0042,2023-06-08,193.71
U01257,C0011,2023-03-20,39.82
U01258,C0002,2024-10-31,181.08
U01258,C0100,2024-01-21,8.77
U01258,C0199,2023-07-07,44.68
U01258,C0191,2024-11-30,116.71
U01259,C0183,2023-04-14,32.89
U01259,C0114,2023-05-16,148.07
U01259,C0180,2024-09-11,112.55
U01259,C0030,2024-03-24,99.23
U01260,C0111,2024-01-13,126.97
U01260,C0006,2023-04-19,83.72
U01260,C0182,2023-02-04,55.78
U01260,C0135,2024-07-24,140.41
U01260,C0178,2023-03-10,13.04
U01261,C0171,2024-02-15,101.42
U01261,C0092,2023-09-07,181.32
U01261,C0122,2023-05-21,24.2
U01262,C0147,2024-11-11,39.3
U01262,C0048,2024-11-06,199.3
U01263,C0068,2024-11-03,37.1
U01263,C0123,2024-02-28,23.17
U01263,C0018,2023-02-10,46.45
U01264,C0035,2024-12-19,78.14
U01264,C0192,2024-01-16,12.0
U01265,C0029,2024-06-27,1.77
U01265,C0135,2023-05-21,63.91
U01265,C0171,2023-09-07,172.12
U01265,C0069,2023-08-07,37.73
U01265,C0150,2024-05-01,95.66
U01266,C0045,2024-10-10,125.41
U01266,C0100,2023-03-14,29.22
U01266,C0142,2023-05-11,171.57
U01267,C0195,2024-05-04,102.68
U01267,C0018,2023-03-16,113.23
U01268,C0193,2024-01-06,187.52
U01268,C0106,2023-09-26,81.28
U01268,C0161,2024-03-18,8.58
U01269,C0102,2024-11-18,145.3
U01269,C0008,2024-01-18,78.16
U01269,C0050,2024-09-12,167.27
U01270,C0033,2024-06-05,177.75
U01270,C0123,2024-10-23,174.37
U01270,C0158,2024-10-12,31.46
U01271,C0074,2024-03-19,119.96
U01271,C0128,2024-03-03,13.27
U01271,C0198,2023-03-28,140.89
U01271,C0020,2023-05-30,154.58
U01272,C0072,2024-02-07,56.17
U01273,C0088,2023-12-01,183.87
U01273,C0078,2024-04-26,102.29
U01273,C0138,2024-01-31,151.48
U01273,C0155,2024-12-05,117.91
U01274,C0175,2024-08-10,27.45
U01274,C0155,2023-12-12,18.2
U01274,C0154,2024-05-16,195.05
U01274,C0170,2024-06-29,103.4
U01275,C0065,2023-10-23,118.89
U01275,C0162,2023-08-22,62.61
U01275,C0069,2023-11-28,181.44
U01275,C0070,2024-08-02,38.25
U01276,C0050,2024-03-10,133.94
U01276,C0086,2023-07-12,153.66
U01276,C0133,2023-05-23,160.45
U01276,C0174,2024-12-05,59.0
U01276,C0106,2024-12-04,137.2
U01276,C0072,2024-12-30,108.56
U01276,C0068,2023-11-25,40.89
U01276,C0154,2024-04-18,116.35
U01277,C0186,2024-10-15,49.41
U01277,C0075,2024-09-04,157.99
U01278,C0047,2024-02-06,96.87
U01278,C0166,2023-10-05,186.5
U01278,C0128,2024-04-15,107.48
U01278,C0096,2023-05-30,50.95
U01278,C0063,2023-03-15,50.51
U01279,C0141,2024-04-10,186.95
U01279,C0101,2024-07-17,116.72
U01279,C0001,2023-10-11,102.22
U01279,C0018,2024-03-06,39.84
U01279,C0049,2023-02-22,196.32
U01279,C0066,2024-10-05,196.34
U01279,C0127,2024-09-01,21.62
U01280,C0081,2023-07-05,24.58
U01280,C0031,2023-02-25,8.21
U01280,C0036,2023-03-13,55.47
U01281,C0069,2024-12-04,84.65
U01281,C0033,2023-02-10,178.26
U01281,C0025,2024-08-03,11.98
U01281,C0191,2023-04-25,67.52
U01282,C0071,2023-08-25,44.09
U01282,C0073,2024-09-10,114.12
U01282,C0111,2023-10-01,185.57
U01282,C0062,2023-12-29,168.15
U01283,C0142,2023-11-21,152.47
U01283,C0150,2023-06-25,161.14
U01284,C0053,2023-04-04,114.25
U01284,C0139,2024-09-20,195.73
U01284,C0158,2023-10-04,161.91
U01284,C0005,2023-05-08,19.14
U01284,C0042,2024-02-21,44.19
U01285,C0043,2023-04-20,0.63
U01285,C0045,2024-11-18,61.7
U01285,C0057,2024-08-16,172.18
U01285,C0072,2024-01-31,89.23
U01286,C0021,2024-03-30,88.51
U01286,C0105,2024-01-29,170.12
U01286,C0183,2024-01-25,4.61
U01287,C0053,2023-12-17,64.42
U01287,C0173,2024-05-26,101.51
U01287,C0126,2024-02-02,167.64
U01287,C0112,2024-09-13,41.09
U01287,C0135,2023-05-28,140.69
U01288,C0179,2024-02-18,41.43
U01288,C0175,2023-11-18,70.65
U01288,C0097,2023-10-08,49.75
U01288,C0044,2023-10-25,179.69
U01289,C0121,2024-07-30,48.81
U01289,C0007,2024-12-15,12.94
U01289,C0176,2024-12-31,160.02
U01290,C0089,2023-01-21,98.19
U01290,C0093,2024-04-01,181.84
U01290,C0098,2023-04-02,87.47
U01291,C0069,2024-05-05,31.62
U01291,C0094,2023-08-13,170.73
U01291,C0067,2024-10-22,103.43
U01292,C0051,2023-02-19,152.14
U01292,C0010,2023-04-03,141.42
U01292,C0098,2023-06-12,18.48
U01292,C0094,2024-12-13,110.56
U01293,C0135,2023-06-02,58.63
U01293,C0066,2024-03-22,55.7
U01293,C0116,2023-07-10,45.82
U01294,C0134,2023-04-05,124.19
U01294,C0018,2024-08-09,130.92
U01294,C0060,2023-06-30,57.65
U01295,C0109,2023-07-20,120.53
U01295,C0043,2023-03-20,13.48
U01295,C0061,2023-04-14,53.81
U01295,C0005,2023-07-03,106.79
U01296,C0142,2023-06-06,106.73
U01296,C0195,2023-07-11,49.13
U01296,C0095,2023-01-09,65.1
U01296,C0186,2023-06-25,153.27
U01296,C0046,2024-06-09,162.66
U01297,C0015,2023-02-19,93.81
U01297,C0101,2023-05-16,48.39
U01297,C0035,2024-09-15,166.86
U01297,C0043,2024-08-10,156.63
U01298,C0117,2024-12-31,49.64
U01298,C0045,2024-10-17,121.2
U01298,C0182,2023-02-13,13.41
U01298,C0029,2024-01-22,27.18
U01299,C0136,2024-02-09,110.06
U01299,C0126,2024-02-18,177.76
U01299,C0174,2024-04-22,192.42
U01300,C0091,2023-09-15,104.69
U01300,C0156,2024-02-22,33.38
U01300,C0148,2024-05-26,25.25
U01300,C0184,2023-02-07,41.38
U01300,C0192,2024-09-06,198.94
U01300,C0104,2023-11-02,23.11
U01300,C0193,2024-02-27,76.51
U01301,C0007,2023-07-23,150.06
U01301,C0081,2023-08-09,87.11
U01301,C0125,2024-10-15,150.07
U01302,C0152,2023-05-24,129.81
U01302,C0195,2023-11-06,79.27
U01302,C0192,2023-05-26,3.28
U01303,C0113,2024-02-13,93.27
U01303,C0065,2024-04-21,74.31
U01303,C0125,2023-07-29,92.66
U01304,C0014,2024-10-17,184.55
U01304,C0063,2023-10-30,74.81
U01304,C0038,2023-12-25,93.02
U01305,C0168,2024-09-04,58.79
U01305,C0111,2024-06-08,110.32
U01305,C0020,2023-02-11,186.8
U01306,C0123,2024-06-02,33.19
U01306,C0018,2023-04-14,29.19
U01306,C0091,2024-12-29,112.32
U01306,C0085,2023-03-03,4.94
U01306,C0050,2023-08-12,126.13
U01306,C0080,2024-01-16,4.83
U01307,C0157,2024-09-28,65.31
U01307,C0118,2024-01-12,10.18
U01307,C0089,2024-06-13,117.12
U01308,C0195,2024-11-13,155.86
U01308,C0125,2024-08-02,101.19
U01308,C0111,2023-06-07,186.59
U01308,C0196,2024-01-22,66.03
U01308,C0132,2024-03-26,146.29
U01308,C0010,2024-10-12,53.42
U01309,C0051,2024-09-23,76.78
U01309,C0024,2024-02-08,44.05
U01310,C0004,2023-05-17,38.9
U01311,C0107,2024-08-04,51.03
U01311,C0039,2023-08-04,0.11
U01311,C0110,2023-03-09,32.68
U01311,C0141,2023-02-08,53.1
U01312,C0017,2024-11-19,98.7
U01312,C0057,2023-03-23,133.88
U01312,C0120,2023-12-17,123.36
U01312,C0043,2024-01-17,170.12
U01313,C0067,2024-11-11,65.31
U01313,C0148,2023-06-09,133.55
U01313,C0143,2024-08-26,104.01
U01313,C0141,2023-10-13,161.24
U01313,C0190,2023-09-09,45.24
U01313,C0085,2023-01-23,86.77
U01313,C0162,2023-10-06,65.63
U01314,C0128,2024-08-28,60.07
U01314,C0186,2023-09-21,21.3
U01314,C0104,2023-06-01,111.0
U01314,C0014,2023-08-13,176.15
U01315,C0040,2024-07-09,101.17
U01315,C0026,2024-02-27,148.5
U01315,C0179,2024-03-05,113.31
U01316,C0063,2024-05-07,189.7
U01316,C0042,2024-11-09,13.26
U01316,C0160,2023-11-18,185.22
U01317,C0104,2023-06-07,82.84
U01317,C0111,2023-02-01,66.76
U01318,C0079,2024-05-18,185.57
U01318,C0061,2024-02-10,117.68
U01318,C0125,2024-02-20,86.02
U01319,C0063,2023-12-11,31.84
U01319,C0157,2023-12-01,118.69
U01319,C0043,2023-03-26,20.13
U01320,C0189,2023-06-03,108.07
U01320,C0003,2024-05-19,179.32
U01321,C0179,2023-02-03,26.7
U01321,C0166,2024-01-11,135.75
U01321,C0039,2024-12-17,71.45
U01321,C0014,2024-08-08,17.5
U01321,C0001,2023-06-19,178.58
U01321,C0121,2023-12-05,19.99
U01321,C0046,2024-08-19,16.47
U01322,C0001,2023-07-16,157.91
U01323,C0126,2024-06-22,14.34
U01323,C0028,2024-09-19,56.89
U01323,C0069,2023-03-08,92.47
U01323,C0152,2023-09-24,31.48
U01323,C0075,2024-12-17,102.98
U01323,C0158,2024-05-23,121.3
U01324,C0009,2023-06-16,138.98
U01324,C0101,2024-04-08,71.75
U01324,C0087,2024-06-05,61.28
U01324,C0171,2024-10-31,141.13
U01325,C0061,2023-12-01,42.11
U01325,C0080,2024-04-17,29.74
U01325,C0171,2023-06-08,7.36
U01326,C0031,2023-04-21,199.65
U01326,C0038,2023-05-10,29.87
U01327,C0198,2024-12-05,63.99
U01327,C0086,2023-09-02,143.73
U01328,C0032,2024-11-18,110.42
U01328,C0165,2024-08-24,60.51
U01328,C0172,2024-12-27,41.95
U01329,C0009,2023-07-16,69.02
U01329,C0094,2023-02-20,6.28
U01329,C0041,2023-09-16,77.91
U01329,C0101,2024-05-24,92.7
U01330,C0182,2024-11-05,62.96
U01330,C0083,2024-08-03,173.63
U01330,C0116,2023-07-08,1.49
U01330,C0035,2023-06-18,190.86
U01330,C0084,2024-03-01,18.64
U01330,C0191,2023-12-09,29.63
U01330,C0109,2023-05-24,48.0
U01331,C0072,2024-03-03,7.69
U01331,C0052,2023-01-10,126.31
U01331,C0185,2024-12-29,68.59
U01331,C0047,2024-09-21,74.6
U01332,C0124,2024-05-28,40.34
U01333,C0175,2024-06-01,54.69
U01333,C0169,2024-02-05,177.92
U01334,C0157,2024-08-28,109.42
U01334,C0051,2024-07-05,199.36
U01334,C0112,2024-04-12,8.9
U01334,C0198,2023-12-07,3.58
U01334,C0188,2024-08-26,125.41
U01334,C0011,2023-03-06,94.9
U01334,C0117,2024-03-03,185.81
U01334,C0185,2024-09-15,114.38
U01335,C0152,2023-02-09,163.35
U01335,C0058,2024-11-15,180.88
U01335,C0116,2023-09-18,78.96
U01335,C0068,2023-01-05,106.15
U01335,C0077,2023-02-11,44.36
U01335,C0167,2024-04-05,47.8
U01336,C0013,2023-03-19,160.48
U01337,C0140,2024-05-28,173.71
U01337,C0107,2024-10-17,157.6
U01337,C0005,2024-09-06,132.66
U01338,C0149,2024-07-19,57.51
U01338,C0055,2023-04-29,171.05
U01338,C0137,2024-02-03,112.15
U01338,C0170,2023-12-03,35.45
U01339,C0004,2023-12-03,129.37
U01339,C0176,2024-05-06,4.14
U01339,C0110,2023-05-13,186.22
U01339,C0021,2023-09-22,33.8
U01340,C0066,2024-03-12,40.82
U01340,C0107,2023-06-17,72.29
U01340,C0042,2023-10-23,61.9
U01341,C0141,2023-06-09,174.64
U01341,C0164,2023-01-04,190.72
U01341,C0018,2023-03-09,155.73
U01341,C0020,2023-10-04,193.03
U01342,C0116,2023-05-05,100.09
U01342,C0087,2024-07-01,93.06
U01343,C0172,2023-10-12,157.1
U01343,C0158,2023-12-31,157.8
U01344,C0100,2023-09-14,145.06
U01344,C0049,2024-09-27,160.88
U01344,C0140,2023-03-30,198.42
U01345,C0088,2024-06-18,163.04
U01345,C0042,2024-07-01,38.83
U01346,C0194,2024-06-08,155.17
U01346,C0162,2024-02-17,42.47
U01346,C0090,2023-07-14,124.22
U01346,C0008,2024-05-10,154.69
U01346,C0088,2024-12-15,13.38
U01346,C0100,2023-08-21,166.9
U01346,C0111,2024-05-21,111.49
U01346,C0027,2024-04-13,77.46
U01347,C0051,2023-07-12,0.74
U01347,C0011,2023-12-30,3.42
U01347,C0010,2024-11-11,186.78
U01347,C0116,2024-10-26,67.75
U01348,C0002,2023-04-09,118.93
U01348,C0081,2024-07-28,153.23
U01348,C0119,2024-08-30,27.15
U01348,C0022,2024-05-21,110.72
U01348,C0035,2024-07-18,145.18
U01349,C0160,2023-11-21,49.21
U01349,C0009,2024-07-03,164.43
U01349,C0164,2023-10-28,7.79
U01350,C0077,2023-05-21,139.18
U01350,C0171,2024-01-24,199.86
U01351,C0106,2024-01-08,15.02
U01351,C0020,2023-11-12,147.73
U01351,C0136,2024-02-21,4.55
U01352,C0084,2023-04-13,72.51
U01352,C0048,2023-04-08,194.93
U01352,C0183,2023-12-08,63.66
U01352,C0024,2023-05-07,36.52
U01352,C0036,2023-08-06,116.45
U01352,C0135,2023-03-22,46.3
U01352,C0155,2023-10-11,62.3
U01352,C0154,2024-07-17,150.97
U01353,C0021,2023-11-01,181.26
U01353,C0183,2024-11-04,59.51
U01353,C0141,2024-02-18,150.46
U01353,C0148,2023-02-11,62.38
U01353,C0177,2024-03-06,18.59
U01353,C0140,2023-12-08,53.81
U01354,C0018,2024-08-25,0.8
U01354,C0025,2024-05-03,8.5
U01355,C0104,2024-08-28,187.93
U01355,C0139,2023-09-11,16.4
U01355,C0028,2023-06-22,37.03
U01355,C0068,2024-08-05,140.14
U01355,C0041,2023-04-17,126.17
U01356,C0056,2024-12-26,25.33
U01357,C0175,2024-11-28,104.6
U01357,C0131,2023-10-07,115.34
U01357,C0062,2023-07-12,98.53
U01357,C0105,2023-09-01,11.87
U01357,C0002,2023-08-05,122.65
U01358,C0136,2023-05-20,80.9
U01358,C0075,2024-08-27,82.31
U01358,C0089,2024-08-15,57.53
U01359,C0032,2023-09-19,129.67
U01359,C0181,2024-05-24,0.29
U01359,C0108,2023-04-28,81.11
U01360,C0065,2023-05-12,115.32
U01360,C0177,2024-10-18,116.04
U01361,C0064,2023-03-15,136.81
U01361,C0034,2023-05-17,193.04
U01361,C0183,2023-10-11,191.88
U01361,C0011,2024-08-11,0.56
U01361,C0060,2023-08-04,143.45
U01361,C0191,2024-12-13,2.75
U01361,C0012,2023-04-20,68.27
U01362,C0038,2023-05-07,173.76
U01362,C0186,2023-11-29,195.45
U01362,C0166,2024-01-23,131.9
U01363,C0114,2023-05-30,41.36
U01363,C0170,2023-12-28,37.6
U01363,C0052,2024-11-12,171.62
U01363,C0163,2024-11-09,48.55
U01364,C0071,2023-01-04,86.66
U01364,C0112,2023-06-12,12.28
U01364,C0013,2023-03-03,149.66
U01364,C0065,2024-06-20,57.81
U01365,C0074,2023-10-14,35.41
U01365,C0037,2023-01-15,94.65
U01365,C0073,2024-06-26,13.06
U01366,C0078,2023-07-25,137.69
U01366,C0165,2023-10-10,167.89
U01366,C0058,2024-02-04,53.93
U01366,C0116,2024-05-06,44.11
U01367,C0005,2023-08-13,197.3
U01367,C0200,2024-07-18,101.94
U01367,C0061,2023-05-29,21.96
U01367,C0166,2024-01-15,104.41
U01367,C0125,2024-12-07,19.77
U01367,C0099,2024-11-05,103.3
U01368,C0104,2024-08-03,191.43
U01368,C0006,2023-04-20,48.25
U01368,C0017,2023-10-17,50.42
U01369,C0172,2024-08-11,159.8
U01369,C0143,2024-06-26,184.37
U01369,C0158,2024-10-04,99.41
U01370,C0039,2024-12-07,153.94
U01370,C0006,2024-03-05,113.59
U01370,C0084,2023-01-02,96.2
U01370,C0197,2023-07-11,21.69
U01371,C0196,2024-12-13,160.92
U01371,C0109,2024-08-23,39.89
U01371,C0065,2024-02-16,133.97
U01372,C0145,2023-09-08,64.94
U01372,C0092,2023-12-11,71.38
U01372,C0025,2023-09-04,106.5
U01372,C0098,2024-05-19,45.52
U01372,C0121,2024-07-29,3.29
U01372,C0160,2023-03-20,20.64
U01372,C0051,2023-05-21,46.26
U01373,C0053,2023-04-16,136.19
U01373,C0120,2024-07-15,88.26
U01373,C0106,2023-05-19,44.15
U01373,C0137,2023-08-08,43.69
U01373,C0190,2023-04-10,7.32
U01373,C0019,2023-01-12,183.64
U01374,C0072,2024-04-05,178.62
U01374,C0165,2023-04-06,68.16
U01374,C0151,2023-08-31,122.35
U01375,C0065,2024-07-03,149.28
U01375,C0154,2023-09-04,8.83
U01376,C0139,2024-12-13,145.73
U01376,C0043,2024-05-16,163.41
U01376,C0169,2023-08-10,159.14
U01376,C0194,2023-12-05,20.02
U01377,C0059,2024-03-13,139.28
U01377,C0148,2024-01-01,150.67
U01377,C0072,2024-07-23,139.19
U01377,C0001,2023-01-28,147.78
U01378,C0147,2023-02-16,146.49
U01378,C0006,2023-07-20,165.46
U01378,C0171,2023-07-22,26.53
U01378,C0071,2024-04-16,12.26
U01378,C0050,2024-04-05,45.13
U01378,C0045,2023-05-18,6.3
U01378,C0041,2023-07-29,73.33
U01378,C0060,2023-11-03,166.95
U01379,C0177,2024-04-30,75.62
U01379,C0017,2023-06-25,74.91
U01379,C0041,2024-06-29,35.02
U01380,C0108,2023-08-05,14.64
U01380,C0028,2024-03-01,21.69
U01380,C0022,2023-08-23,139.94
U01380,C0196,2023-06-20,53.23
U01380,C0041,2024-06-16,142.74
U01381,C0136,2024-08-31,106.57
U01381,C0152,2024-08-03,43.12
U01381,C0150,2024-04-04,84.98
U01381,C0085,2024-09-17,167.34
U01381,C0116,2024-03-31,55.84
U01381,C0041,2023-09-24,121.26
U01382,C0198,2024-07-02,92.97
U01382,C0006,2023-04-04,174.94
U01382,C0051,2023-04-29,159.32
U01382,C0104,2023-05-10,180.17
U01382,C0076,2023-08-24,147.4
U01382,C0097,2024-06-30,189.91
U01383,C0123,2024-10-27,116.13
U01383,C0102,2023-05-19,10.57
U01384,C0060,2023-09-04,181.6
U01384,C0033,2024-06-04,171.66
U01385,C0019,2023-03-27,67.82
U01385,C0062,2024-07-04,18.71
U01385,C0138,2023-09-25,66.42
U01385,C0142,2023-05-20,165.62
U01386,C0126,2023-07-30,27.94
U01387,C0179,2024-10-01,88.47
U01387,C0163,2024-03-08,144.18
U01387,C0023,2024-07-13,16.03
U01387,C0133,2023-11-26,92.18
U01387,C0038,2024-11-28,55.26
U01388,C0008,2023-01-28,155.06
U01388,C0009,2024-12-08,4.84
U01388,C0196,2023-02-01,16.73
U01388,C0003,2023-06-18,151.51
U01388,C0200,2024-10-14,117.17
U01389,C0049,2023-04-11,87.8
U01389,C0124,2024-07-05,129.51
U01390,C0162,2024-09-11,5.17
U01390,C0192,2023-06-03,197.68
U01391,C0173,2024-10-23,57.97
U01391,C0030,2023-10-27,52.16
U01391,C0130,2023-03-29,109.16
U01392,C0172,2024-07-06,95.36
U01392,C0148,2024-05-17,104.44
U01393,C0039,2024-09-28,157.66
U01393,C0045,2023-11-18,75.89
U01393,C0196,2023-02-11,101.43
U01393,C0074,2024-04-23,5.25
U01393,C0129,2024-09-05,9.77
U01394,C0063,2023-12-16,17.74
U01394,C0097,2024-06-12,55.02
U01394,C0089,2023-06-03,81.04
U01394,C0163,2024-07-30,24.59
U01395,C0069,2023-11-26,73.91
U01395,C0131,2023-02-20,73.24
U01395,C0059,2023-06-24,157.03
U01396,C0011,2023-02-10,125.0
U01396,C0142,2023-02-24,81.35
U01396,C0183,2023-09-04,82.04
U01397,C0143,2024-10-01,155.72
U01397,C0118,2024-06-22,36.95
U01397,C0159,2023-03-08,12.14
U01397,C0091,2023-02-18,185.63
U01397,C0005,2024-02-06,50.56
U01397,C0198,2024-06-25,24.85
U01398,C0136,2024-10-02,146.66
U01398,C0190,2024-10-21,35.49
U01398,C0002,2024-04-30,99.69
U01398,C0067,2023-09-12,103.13
U01399,C0196,2024-10-25,12.83
U01399,C0049,2023-10-02,48.45
U01399,C0136,2024-11-20,13.11
U01400,C0159,2023-06-24,104.34
U01400,C0174,2024-10-22,133.9
U01400,C0076,2023-11-11,81.53
U01400,C0186,2023-06-12,4.14
U01401,C0194,2024-06-25,86.18
U01401,C0184,2023-04-17,61.92
U01401,C0034,2023-09-15,16.43
U01401,C0095,2023-02-11,164.41
U01401,C0185,2023-10-26,189.09
U01401,C0186,2024-10-08,77.98
U01402,C0193,2023-10-25,173.25
U01402,C0096,2023-02-13,37.32
U01402,C0194,2023-08-23,144.22
U01403,C0140,2023-10-28,38.33
U01403,C0175,2023-01-24,133.73
U01403,C0048,2024-04-26,75.45
U01404,C0072,2024-08-12,191.99
U01404,C0075,2024-06-27,101.04
U01404,C0132,2023-01-24,154.41
U01405,C0095,2024-06-15,35.69
U01405,C0062,2023-10-10,66.31
U01405,C0143,2023-05-18,93.14
U01405,C0179,2024-12-14,12.31
U01405,C0129,2024-12-05,67.99
U01406,C0164,2023-09-02,40.93
U01406,C0015,2023-08-10,41.79
U01406,C0075,2023-12-30,38.87
U01407,C0151,2024-02-09,145.69
U01407,C0081,2023-05-25,161.19
U01407,C0182,2023-04-03,18.91
U01407,C0032,2024-09-06,90.95
U01408,C0032,2023-07-23,48.22
U01408,C0140,2023-04-04,126.17
U01408,C0013,2023-07-22,98.52
U01408,C0156,2023-05-18,81.0
U01409,C0058,2023-02-05,144.67
U01409,C0011,2023-03-27,183.63
U01409,C0105,2024-09-18,152.27
U01410,C0084,2024-05-27,171.68
U01410,C0100,2024-07-19,144.06
U01410,C0025,2024-06-21,178.36
U01410,C0119,2023-01-11,182.3
U01411,C0007,2023-04-20,66.92
U01411,C0008,2024-02-29,22.4
U01411,C0151,2023-05-11,167.52
U01412,C0004,2023-12-08,94.45
U01412,C0063,2024-12-20,99.47
U01412,C0177,2023-10-18,164.61
U01412,C0097,2024-09-02,23.94
U01413,C0107,2024-02-06,73.58
U01413,C0001,2023-12-21,26.79
U01413,C0159,2023-03-01,15.25
U01413,C0175,2024-09-10,14.18
U01413,C0055,2023-05-07,174.17
U01414,C0148,2023-10-27,45.17
U01414,C0074,2024-02-11,105.98
U01414,C0028,2023-12-18,167.61
U01414,C0139,2024-08-23,27.86
U01415,C0050,2023-06-01,14.7
U01415,C0044,2024-04-07,55.0
U01415,C0186,2023-12-12,83.65
U01415,C0041,2023-04-05,51.03
U01415,C0056,2023-02-07,139.08
U01415,C0156,2023-10-29,26.01
U01415,C0155,2024-07-02,81.45
U01415,C0130,2023-02-13,165.92
U01416,C0200,2024-02-09,85.73
U01416,C0087,2023-02-17,103.87
U01416,C0061,2023-04-09,23.3
U01416,C0127,2023-05-12,85.3
U01417,C0011,2024-01-05,78.12
U01417,C0050,2024-09-14,17.68
U01417,C0015,2023-01-28,77.26
U01417,C0134,2024-12-02,91.13
U01417,C0053,2023-11-25,188.06
U01418,C0045,2023-09-18,179.5
U01418,C0197,2023-12-31,10.41
U01418,C0056,2024-03-16,101.82
U01419,C0147,2024-05-12,125.28
U01419,C0028,2024-05-11,84.89
U01420,C0037,2023-09-28,58.08
U01420,C0160,2023-02-11,23.17
U01420,C0054,2023-11-08,179.27
U01420,C0135,2023-01-06,158.76
U01421,C0200,2024-06-25,27.3
U01421,C0050,2023-02-17,42.39
U01421,C0088,2024-10-22,74.86
U01421,C0077,2023-05-08,10.68
U01421,C0061,2024-11-14,74.11
U01421,C0123,2024-12-08,138.79
U01421,C0171,2024-09-12,164.45
U01421,C0141,2024-06-03,73.65
U01422,C0182,2024-08-10,36.36
U01422,C0017,2023-01-17,142.93
U01422,C0075,2024-04-08,198.38
U01422,C0074,2024-08-19,161.46
U01423,C0154,2024-09-30,188.52
U01423,C0181,2024-03-06,153.33
U01423,C0147,2024-08-09,161.61
U01424,C0169,2024-09-06,149.2
U01424,C0076,2024-11-23,135.66
U01424,C0142,2024-04-12,17.93
U01424,C0165,2024-06-18,59.11
U01424,C0155,2024-07-02,156.71
U01424,C0195,2024-08-16,76.82
U01425,C0064,2024-05-27,177.47
U01425,C0038,2024-08-06,123.76
U01425,C0085,2023-07-19,190.66
U01425,C0145,2023-07-14,21.67
U01425,C0027,2023-08-17,58.89
U01425,C0076,2023-05-25,155.25
U01425,C0006,2024-03-16,80.84
U01426,C0015,2023-01-24,198.0
U01426,C0105,2024-04-29,31.0
U01426,C0160,2024-10-17,23.54
U01426,C0180,2024-03-03,194.47
U01427,C0114,2023-06-28,149.86
U01428,C0186,2024-09-13,44.08
U01428,C0059,2024-11-17,132.51
U01428,C0134,2024-01-06,130.04
U01429,C0134,2023-10-19,165.6
U01429,C0036,2023-12-19,192.0
U01429,C0169,2024-11-10,23.56
U01429,C0144,2023-05-26,180.45
U01429,C0194,2024-08-02,122.0
U01429,C0005,2023-12-16,5.99
U01430,C0038,2024-07-11,135.31
U01430,C0104,2024-03-20,132.18
U01430,C0152,2023-04-06,156.72
U01430,C0196,2024-01-27,114.58
U01430,C0092,2023-12-19,81.38
U01431,C0056,2024-07-29,96.39
U01431,C0004,2024-03-12,19.65
U01432,C0038,2024-08-08,67.37
U01432,C0197,2023-05-04,50.39
U01432,C0049,2023-07-16,155.44
U01432,C0136,2024-02-13,108.29
U01432,C0081,2023-09-04,117.52
U01433,C0131,2023-06-18,95.68
U01433,C0070,2023-08-18,0.2
U01433,C0161,2024-11-14,170.44
U01433,C0011,2024-03-20,120.08
U01433,C0008,2024-02-03,12.52
U01434,C0196,2024-05-30,40.41
U01434,C0100,2023-03-25,133.66
U01435,C0086,2024-06-24,11.2
U01435,C0007,2024-10-25,55.85
U01435,C0013,2023-10-28,125.97
U01435,C0017,2023-03-16,171.57
U01435,C0097,2023-11-26,10.86
U01436,C0046,2023-07-20,174.37
U01436,C0162,2024-03-29,128.41
U01436,C0134,2024-10-04,28.73
U01437,C0057,2024-05-22,88.13
U01437,C0164,2024-09-05,56.3
U01437,C0072,2023-06-16,11.64
U01437,C0070,2024-04-04,177.09
U01437,C0005,2024-02-17,152.59
U01438,C0034,2023-12-19,3.89
U01438,C0153,2023-04-05,149.17
U01438,C0036,2024-05-18,145.0
U01439,C0099,2024-09-08,13.36
U01439,C0013,2023-09-27,4.55
U01439,C0042,2024-06-20,134.93
U01439,C0145,2023-09-27,13.43
U01439,C0180,2023-07-19,39.69
U01440,C0023,2023-06-25,40.52
U01440,C0034,2024-02-15,21.74
U01440,C0081,2024-07-11,185.43
U01440,C0092,2024-04-20,2.13
U01441,C0043,2023-06-17,0.09
U01441,C0174,2023-04-26,43.77
U01441,C0027,2024-03-08,47.59
U01441,C0021,2024-06-09,195.91
U01441,C0155,2023-11-22,26.47
U01442,C0147,2023-07-14,43.65
U01442,C0089,2023-03-18,178.28
U01442,C0097,2024-07-12,59.35
U01442,C0032,2023-09-28,118.51
U01443,C0044,2024-02-10,58.8
U01443,C0149,2023-02-14,194.62
U01443,C0083,2023-04-07,86.23
U01443,C0013,2023-10-19,198.99
U01443,C0037,2023-08-31,90.35
U01444,C0027,2023-04-21,185.54
U01444,C0102,2024-04-19,148.18
U01444,C0121,2024-05-26,133.46
U01444,C0137,2023-06-24,183.03
U01445,C0042,2023-04-05,175.64
U01445,C0164,2024-08-26,107.25
U01446,C0161,2023-09-25,103.88
U01446,C0050,2024-03-05,34.32
U01447,C0189,2024-09-13,87.59
U01447,C0126,2024-03-12,173.32
U01447,C0188,2023-08-26,174.95
U01447,C0176,2024-07-06,48.61
U01448,C0132,2024-07-10,136.31
U01448,C0046,2023-11-23,81.69
U01449,C0147,2023-01-24,98.57
U01449,C0193,2024-12-20,117.72
U01449,C0116,2024-10-13,85.74
U01450,C0031,2023-03-04,80.53
U01450,C0117,2024-05-23,47.19
U01450,C0123,2024-02-19,103.66
U01450,C0180,2023-05-31,172.02
U01451,C0196,2023-01-03,75.22
U01452,C0169,2023-07-04,44.78
U01452,C0044,2023-12-24,65.58
U01453,C0101,2024-11-06,73.21
U01453,C0174,2023-12-10,107.81
U01454,C0027,2024-02-19,113.89
U01454,C0176,2023-03-16,104.57
U01454,C0068,2023-06-28,14.55
U01455,C0084,2024-08-31,190.98
U01455,C0146,2024-07-24,118.13
U01455,C0102,2024-11-29,53.7
U01455,C0117,2024-03-16,124.69
U01456,C0140,2023-02-08,170.17
U01456,C0005,2023-02-04,190.28
U01456,C0041,2024-12-09,145.93
U01456,C0033,2024-11-09,168.35
U01457,C0185,2024-12-09,50.15
U01457,C0154,2023-10-26,129.67
U01457,C0184,2023-11-02,176.5
U01458,C0189,2024-07-20,125.9
U01458,C0157,2024-10-24,16.8
U01458,C0132,2023-12-22,90.37
U01459,C0118,2024-11-01,88.28
U01459,C0193,2024-01-01,184.73
U01459,C0010,2023-08-29,179.04
U01459,C0178,2024-02-16,89.52
U01460,C0139,2023-01-27,186.78
U01460,C0197,2024-04-07,54.98
U01460,C0169,2023-03-21,192.7
U01460,C0048,2023-03-07,143.88
U01461,C0119,2024-05-19,76.89
U01461,C0127,2023-06-03,171.4
U01461,C0157,2024-08-11,183.06
U01461,C0137,2024-06-01,99.45
U01462,C0034,2024-05-20,198.84
U01462,C0082,2023-02-09,158.11
U01462,C0133,2024-06-28,63.65
U01462,C0148,2024-06-20,0.13
U01462,C0051,2024-10-20,37.25
U01463,C0061,2023-10-03,176.6
U01463,C0095,2024-11-10,178.94
U01463,C0014,2024-01-05,151.11
U01463,C0179,2024-02-04,76.19
U01464,C0176,2023-02-01,134.6
U01464,C0117,2023-06-21,55.92
U01464,C0146,2024-07-08,35.18
U01464,C0010,2023-12-17,170.5
U01465,C0047,2024-04-16,118.72
U01465,C0135,2023-07-20,28.07
U01465,C0101,2024-09-18,58.83
U01466,C0163,2024-08-12,169.35
U01466,C0035,2024-02-05,166.06
U01466,C0175,2023-08-16,173.26
U01466,C0137,2023-07-19,109.24
U01467,C0147,2023-03-23,136.89
U01467,C0027,2023-12-02,37.32
U01467,C0088,2023-12-12,144.48
U01467,C0104,2024-05-09,35.58
U01467,C0043,2023-12-18,77.82
U01467,C0067,2024-08-12,34.37
U01468,C0057,2023-04-15,44.71
U01468,C0178,2024-05-31,21.24
U01468,C0088,2024-12-28,78.24
U01468,C0136,2024-01-10,5.13
U01468,C0156,2024-10-23,97.93
U01468,C0176,2023-09-27,191.25
U01468,C0095,2024-07-26,64.88
U01469,C0194,2023-10-22,164.97
U01469,C0125,2023-08-18,1.52
U01469,C0198,2023-11-10,125.63
U01469,C0175,2023-05-03,175.55
U01470,C0148,2023-02-18,39.83
U01470,C0020,2024-12-22,66.72
U01470,C0029,2023-08-30,53.83
U01470,C0124,2023-02-08,17.2
U01470,C0154,2024-01-08,42.04
U01470,C0043,2023-11-11,17.64
U01471,C0028,2023-04-20,43.32
U01471,C0084,2023-06-27,73.22
U01471,C0052,2023-08-08,163.51
U01472,C0135,2024-04-03,170.31
U01472,C0025,2023-02-16,3.21
U01472,C0061,2024-09-27,53.15
U01472,C0110,2023-06-03,139.43
U01473,C0028,2023-02-06,155.27
U01473,C0073,2023-07-01,91.33
U01473,C0198,2024-09-22,105.84
U01473,C0023,2023-05-05,139.22
U01474,C0144,2023-05-15,151.55
U01474,C0016,2023-01-07,54.34
U01474,C0155,2023-05-13,47.0
U01474,C0188,2024-06-10,105.36
U01475,C0090,2024-03-14,83.22
U01475,C0103,2023-11-29,172.81
U01475,C0042,2024-08-20,101.29
U01475,C0036,2024-04-05,107.78
U01475,C0085,2023-10-14,59.73
U01475,C0143,2023-06-21,27.64
U01476,C0131,2024-07-08,126.43
U01476,C0087,2024-08-25,84.39
U01476,C0190,2024-01-08,159.32
U01476,C0172,2023-11-21,157.52
U01476,C0072,2024-09-20,57.61
U01477,C0078,2024-12-10,85.62
U01477,C0158,2023-12-07,5.08
U01477,C0031,2023-01-07,176.5
U01477,C0022,2023-02-13,31.19
U01478,C0164,2024-10-24,175.68
U01478,C0059,2023-03-16,191.69
U01478,C0151,2023-05-15,128.53
U01479,C0030,2023-01-06,64.8
U01479,C0084,2024-05-07,6.76
U01479,C0082,2023-07-28,126.68
U01479,C0018,2024-03-11,111.11
U01479,C0054,2023-07-06,136.4
U01480,C0073,2024-09-23,76.61
U01480,C0134,2024-08-23,123.99
U01480,C0135,2024-05-17,28.81
U01481,C0177,2023-10-27,128.63
U01481,C0057,2023-06-03,149.38
U01481,C0109,2023-05-13,73.26
U01481,C0115,2024-06-11,196.96
U01481,C0164,2024-12-21,33.54
U01481,C0113,2024-01-13,57.58
U01481,C0185,2023-03-13,105.17
U01482,C0045,2023-05-17,38.08
U01482,C0182,2023-03-06,25.26
U01482,C0140,2024-09-13,28.64
U01482,C0028,2024-10-22,1.42
U01482,C0189,2023-11-09,124.81
U01483,C0190,2023-04-03,103.92
U01483,C0003,2024-03-01,52.48
U01484,C0184,2024-04-19,69.0
U01484,C0142,2024-06-29,33.01
U01485,C0133,2024-04-11,35.39
U01485,C0181,2023-07-05,179.97
U01485,C0023,2024-05-06,92.85
U01485,C0171,2023-09-24,149.37
U01486,C0161,2023-05-19,75.78
U01486,C0069,2024-08-07,188.43
U01486,C0124,2023-11-30,28.49
U01487,C0199,2024-04-09,76.48
U01487,C0172,2024-11-04,110.76
U01488,C0101,2024-03-26,192.07
U01488,C0014,2024-10-22,93.75
U01488,C0141,2023-03-06,91.43
U01488,C0047,2023-08-09,39.66
U01488,C0184,2023-08-11,185.16
U01489,C0048,2023-06-26,31.04
U01489,C0008,2024-08-03,181.93
U01489,C0084,2023-08-08,148.2
U01489,C0047,2023-06-25,191.07
U01490,C0084,2023-11-07,47.25
U01490,C0169,2024-07-17,28.77
U01490,C0150,2023-06-20,65.02
U01490,C0020,2024-01-08,140.49
U01490,C0164,2023-09-08,157.87
U01491,C0139,2024-03-03,24.43
U01491,C0053,2024-10-22,92.61
U01491,C0082,2024-05-19,43.77
U01491,C0143,2024-02-07,57.97
U01491,C0079,2023-01-21,114.21
U01491,C0069,2023-09-25,173.09
U01492,C0199,2023-04-30,36.09
U01492,C0128,2024-04-02,120.72
U01492,C0157,2024-08-19,87.76
U01492,C0184,2023-07-11,114.21
U01493,C0042,2023-09-10,133.34
U01493,C0015,2024-09-02,93.7
U01493,C0085,2024-06-23,182.13
U01494,C0055,2024-08-16,190.25
U01494,C0126,2024-06-15,48.61
U01494,C0182,2023-06-02,5.62
U01494,C0084,2024-11-22,150.55
U01494,C0036,2023-04-11,26.94
U01495,C0187,2024-07-15,37.69
U01495,C0186,2023-02-08,176.67
U01495,C0014,2023-09-29,152.2
U01496,C0176,2024-06-02,172.72
U01496,C0120,2024-03-24,69.86
U01496,C0133,2023-08-04,138.66
U01496,C0129,2024-12-22,175.7
U01497,C0092,2024-07-01,78.87
U01497,C0048,2023-03-04,159.74
U01497,C0061,2023-02-11,40.4
U01497,C0164,2023-10-12,195.6
U01498,C0100,2024-08-09,171.04
U01498,C0166,2024-08-10,64.15
U01498,C0021,2024-04-16,13.28
U01499,C0042,2023-01-24,155.79
U01499,C0054,2024-10-20,115.44
U01499,C0187,2024-08-23,149.86
U01499,C0147,2024-11-10,4.81
U01499,C0024,2023-11-07,39.77
U01500,C0189,2023-02-28,122.42
U01500,C0131,2023-07-21,182.33
U01500,C0050,2024-08-13,83.12
U01501,C0054,2023-04-06,121.74
U01501,C0176,2023-04-28,29.04
U01501,C0152,2023-02-19,126.66
U01501,C0128,2023-06-05,23.11
U01502,C0176,2024-04-16,82.02
U01502,C0180,2024-11-07,27.93
U01503,C0198,2024-11-20,17.85
U01503,C0191,2023-04-26,76.52
U01504,C0047,2023-05-04,123.5
U01504,C0011,2023-02-02,89.3
U01505,C0170,2023-09-12,39.59
U01505,C0191,2024-09-29,149.35
U01505,C0136,2023-08-08,7.4
U01505,C0195,2024-08-08,38.49
U01505,C0113,2024-01-25,67.46
U01506,C0170,2024-11-12,162.25
U01506,C0046,2024-06-17,20.73
U01506,C0117,2023-10-16,35.23
U01506,C0167,2023-04-03,56.89
U01507,C0175,2023-12-12,171.97
U01507,C0102,2024-08-13,132.98
U01507,C0161,2023-05-18,30.03
U01507,C0135,2023-10-21,75.12
U01507,C0036,2023-01-18,168.0
U01508,C0180,2024-01-25,167.93
U01508,C0094,2023-03-09,162.09
U01508,C0090,2024-11-01,0.25
U01508,C0185,2023-08-08,143.13
U01509,C0089,2024-08-20,99.31
U01509,C0033,2023-01-18,155.27
U01509,C0200,2023-08-23,193.78
U01509,C0178,2023-05-02,28.38
U01510,C0092,2023-12-01,107.93
U01510,C0141,2024-02-01,61.39
U01511,C0055,2023-06-09,5.13
U01511,C0007,2024-05-08,186.04
U01511,C0067,2024-03-08,24.62
U01511,C0020,2024-09-20,32.39
U01511,C0191,2023-08-25,111.51
U01511,C0200,2023-10-12,12.06
U01512,C0016,2024-03-17,85.24
U01512,C0114,2024-08-27,4.48
U01512,C0185,2023-08-22,26.0
U01512,C0022,2023-10-16,106.21
U01513,C0028,2024-10-19,1.52
U01513,C0088,2024-12-19,142.07
U01513,C0082,2023-10-20,6.48
U01513,C0067,2023-03-02,24.94
U01513,C0041,2024-09-22,72.64
U01513,C0176,2024-02-20,191.32
U01513,C0162,2024-07-31,182.84
U01514,C0095,2023-03-08,74.18
U01514,C0109,2024-08-27,135.41
U01514,C0079,2023-12-23,74.39
U01514,C0160,2024-03-11,168.7
U01515,C0065,2023-04-24,8.82
U01515,C0123,2023-03-02,153.83
U01515,C0028,2024-06-10,24.53
U01515,C0036,2023-08-01,5.33
U01515,C0119,2024-02-27,110.77
U01515,C0112,2023-04-13,89.87
U01515,C0001,2023-10-10,152.69
U01516,C0042,2024-06-12,8.52
U01516,C0109,2023-01-14,103.37
U01517,C0172,2024-08-29,6.1
U01517,C0094,2023-04-21,194.84
U01517,C0115,2024-12-22,12.16
U01517,C0028,2023-03-28,39.1
U01517,C0038,2023-02-13,81.72
U01518,C0014,2024-12-30,45.84
U01518,C0119,2023-03-23,193.76
U01519,C0074,2023-11-04,39.9
U01519,C0093,2024-02-15,35.0
U01519,C0136,2024-12-21,39.31
U01519,C0071,2023-01-18,113.03
U01519,C0126,2023-07-06,69.79
U01520,C0174,2023-09-17,99.23
U01520,C0091,2023-07-29,24.1
U01520,C0115,2023-01-06,66.75
U01520,C0110,2024-11-18,160.73
U01520,C0181,2023-07-25,121.39
U01520,C0153,2023-06-10,164.52
U01521,C0113,2023-12-28,117.03
U01521,C0066,2024-06-21,48.11
U01521,C0112,2023-05-22,139.9
U01521,C0101,2024-05-01,3.8
U01521,C0039,2023-02-28,195.96
U01521,C0021,2024-02-17,82.96
U01522,C0085,2024-08-26,4.99
U01522,C0161,2023-03-11,159.02
U01523,C0151,2024-11-13,93.47
U01523,C0125,2023-09-16,7.47
U01524,C0068,2024-07-19,13.59
U01524,C0150,2024-07-30,151.46
U01524,C0061,2024-12-25,126.21
U01524,C0140,2023-10-04,114.83
U01524,C0197,2023-11-19,49.86
U01525,C0017,2023-02-08,161.57
U01525,C0082,2023-11-01,129.32
U01525,C0045,2024-09-04,164.34
U01525,C0011,2024-02-09,156.67
U01525,C0066,2024-06-25,197.94
U01525,C0157,2024-10-16,44.74
U01525,C0156,2023-03-08,39.73
U01525,C0129,2024-08-27,87.8
U01526,C0107,2024-09-09,111.31
U01526,C0098,2023-10-27,20.41
U01527,C0026,2024-05-11,95.98
U01527,C0039,2023-09-30,49.65
U01527,C0056,2023-06-28,152.44
U01527,C0125,2024-03-23,36.6
U01527,C0074,2024-12-06,193.41
U01527,C0013,2024-11-16,118.2
U01528,C0146,2024-04-01,161.4
U01528,C0030,2023-03-10,142.3
U01528,C0157,2023-09-28,33.03
U01529,C0170,2023-08-08,93.45
U01529,C0036,2024-06-11,92.15
U01529,C0007,2024-07-07,168.85
U01530,C0106,2023-06-12,132.15
U01530,C0015,2024-11-06,5.49
U01531,C0161,2023-08-29,73.88
U01531,C0067,2024-12-19,150.19
U01531,C0025,2024-08-08,102.59
U01531,C0140,2024-05-31,176.99
U01531,C0022,2024-08-21,89.72
U01532,C0029,2024-03-31,192.5
U01532,C0022,2024-07-04,100.73
U01533,C0075,2023-03-14,194.1
U01533,C0170,2024-02-13,178.83
U01533,C0131,2023-11-08,107.02
U01533,C0008,2023-06-14,151.57
U01534,C0092,2023-08-27,114.22
U01534,C0134,2024-03-26,194.5
U01534,C0132,2024-01-18,87.53
U01534,C0189,2023-01-12,107.82
U01535,C0007,2024-07-07,9.36
U01535,C0067,2024-04-30,64.04
U01536,C0047,2023-03-29,59.91
U01536,C0049,2024-02-17,18.3
U01536,C0098,2024-10-25,133.6
U01536,C0145,2023-06-11,102.18
U01537,C0152,2024-11-17,84.69
U01537,C0070,2024-05-31,30.09
U01537,C0043,2024-02-06,115.72
U01537,C0154,2024-11-17,186.04
U01538,C0163,2024-08-25,70.93
U01538,C0013,2024-12-31,23.58
U01538,C0069,2023-04-01,158.02
U01538,C0012,2024-03-09,22.5
U01539,C0127,2023-09-12,35.41
U01539,C0142,2023-10-18,134.84
U01539,C0165,2024-12-08,110.64
U01540,C0186,2023-04-20,155.81
U01540,C0097,2024-04-16,116.21
U01540,C0091,2024-11-05,134.01
U01541,C0075,2024-09-11,185.25
U01541,C0164,2024-12-19,127.93
U01541,C0012,2024-09-16,75.26
U01542,C0185,2023-01-27,53.13
U01542,C0068,2024-06-07,62.48
U01542,C0157,2023-03-08,88.79
U01542,C0110,2023-06-06,112.17
U01543,C0037,2023-12-31,116.0
U01543,C0041,2023-09-06,165.1
U01544,C0139,2023-01-01,100.51
U01544,C0140,2024-08-10,192.03
U01544,C0033,2023-08-16,53.18
U01545,C0179,2024-09-20,8.22
U01545,C0129,2024-03-22,27.49
U01545,C0059,2023-09-22,79.04
U01546,C0193,2024-03-31,120.39
U01546,C0135,2023-03-11,84.98
U01547,C0017,2023-08-08,199.74
U01547,C0023,2023-04-26,117.3
U01547,C0077,2023-09-12,71.55
U01547,C0019,2024-09-06,128.02
U01548,C0053,2024-02-22,21.59
U01548,C0183,2023-08-07,95.02
U01549,C0001,2023-09-12,8.76
U01549,C0088,2023-09-18,64.24
U01549,C0048,2024-06-07,18.88
U01550,C0180,2024-01-04,181.29
U01550,C0006,2023-10-13,150.1
U01550,C0043,2024-05-22,28.93
U01551,C0025,2023-11-22,130.06
U01551,C0110,2023-07-17,139.4
U01552,C0146,2023-03-06,94.01
U01552,C0107,2024-05-10,179.32
U01552,C0103,2023-03-08,154.48
U01553,C0067,2024-07-05,114.65
U01553,C0153,2024-07-13,126.1
U01554,C0187,2024-07-18,29.09
U01554,C0001,2023-10-06,15.92
U01554,C0103,2023-10-05,82.74
U01554,C0119,2023-04-18,157.46
U01555,C0160,2023-09-29,109.18
U01555,C0048,2024-09-23,132.63
U01555,C0101,2024-09-24,160.95
U01555,C0161,2023-09-12,139.78
U01555,C0097,2024-08-18,79.17
U01556,C0113,2024-08-03,62.47
U01556,C0080,2023-04-03,65.47
U01556,C0130,2024-08-25,52.24
U01556,C0098,2023-11-18,160.72
U01557,C0032,2024-09-20,26.95
U01558,C0047,2024-05-04,198.94
U01558,C0015,2023-09-10,139.4
U01558,C0176,2024-01-26,177.83
U01558,C0200,2023-02-15,70.25
U01559,C0021,2024-11-30,145.64
U01559,C0109,2023-08-21,166.5
U01560,C0198,2024-03-07,62.88
U01560,C0143,2024-02-25,195.17
U01560,C0102,2024-10-25,25.15
U01560,C0054,2024-06-11,115.85
U01561,C0154,2024-05-12,1.54
U01561,C0015,2023-01-26,118.82
U01561,C0098,2024-10-28,114.48
U01562,C0077,2023-02-18,58.66
U01562,C0136,2024-01-21,199.73
U01562,C0149,2024-11-29,173.04
U01562,C0065,2024-07-24,122.68
U01562,C0046,2024-03-17,99.5
U01563,C0112,2023-06-15,2.87
U01563,C0068,2023-11-15,62.95
U01564,C0126,2024-08-07,90.12
U01564,C0194,2023-11-12,153.6
U01564,C0114,2023-08-15,38.46
U01564,C0088,2024-06-02,161.05
U01564,C0138,2023-01-30,85.03
U01564,C0008,2023-09-06,171.41
U01565,C0104,2024-10-10,36.87
U01565,C0098,2024-03-04,67.3
U01565,C0034,2023-10-24,10.84
U01566,C0086,2023-12-22,45.78
U01566,C0155,2023-02-24,1.83
U01566,C0156,2024-11-22,85.1
U01567,C0031,2024-04-07,85.64
U01567,C0045,2024-05-04,138.79
U01567,C0039,2024-04-30,62.12
U01567,C0076,2023-05-18,152.76
U01567,C0047,2024-09-19,13.47
U01567,C0196,2023-01-29,20.73
U01568,C0182,2023-04-05,74.5
U01568,C0026,2024-05-30,163.06
U01569,C0133,2023-03-03,1.22
U01569,C0164,2024-07-03,3.0
U01569,C0100,2024-04-30,117.76
U01570,C0124,2024-08-14,119.1
U01570,C0183,2024-01-02,88.82
U01570,C0127,2023-01-14,186.2
U01570,C0144,2023-10-07,89.22
U01570,C0033,2024-02-23,158.51
U01570,C0051,2023-06-18,127.72
U01570,C0021,2024-03-11,15.23
U01570,C0045,2023-04-24,183.9
U01571,C0136,2023-08-23,147.08
U01571,C0065,2024-05-05,68.43
U01572,C0179,2024-01-31,173.28
U01572,C0151,2024-06-29,9.62
U01572,C0187,2024-07-21,70.07
U01573,C0044,2023-11-14,25.58
U01573,C0095,2024-11-18,111.5
U01573,C0068,2023-08-27,100.69
U01573,C0132,2023-09-17,72.41
U01573,C0045,2023-10-02,9.43
U01574,C0110,2024-01-12,57.04
U01574,C0066,2024-04-23,67.71
U01574,C0079,2023-05-30,173.97
U01574,C0168,2023-03-20,22.28
U01575,C0040,2024-05-18,136.43
U01575,C0183,2024-09-27,146.69
U01575,C0115,2023-03-28,90.15
U01575,C0074,2024-02-12,152.83
U01575,C0198,2023-09-06,132.9
U01575,C0138,2024-10-22,128.3
U01575,C0158,2023-06-20,97.86
U01576,C0143,2024-07-05,75.9
U01577,C0019,2023-12-29,142.84
U01577,C0122,2024-11-01,108.58
U01578,C0018,2023-09-19,65.79
U01578,C0156,2024-10-12,38.87
U01578,C0100,2024-01-31,121.78
U01578,C0064,2023-08-24,65.0
U01578,C0011,2024-07-12,100.61
U01579,C0160,2023-12-05,169.55
U01579,C0059,2023-11-09,2.36
U01580,C0180,2024-02-10,88.11
U01580,C0163,2024-06-01,57.32
U01580,C0190,2023-03-10,168.51
U01580,C0027,2023-12-20,197.78
U01580,C0132,2023-10-13,50.82
U01580,C0018,2024-11-17,191.1
U01581,C0110,2023-08-04,163.89
U01581,C0014,2024-01-06,137.69
U01581,C0137,2024-05-01,120.55
U01582,C0181,2023-01-16,128.36
U01582,C0142,2024-10-28,151.13
U01582,C0028,2024-11-16,64.1
U01583,C0032,2024-05-29,102.5
U01583,C0038,2023-09-19,174.83
U01583,C0138,2024-01-31,160.78
U01583,C0117,2024-08-04,115.86
U01584,C0136,2023-11-10,198.64
U01584,C0132,2023-11-19,96.25
U01584,C0199,2024-12-20,26.57
U01584,C0040,2024-05-05,20.93
U01584,C0196,2024-04-05,136.2
U01584,C0177,2023-09-17,75.37
U01584,C0154,2023-02-07,162.04
U01584,C0016,2024-09-04,108.09
U01585,C0182,2024-10-26,45.28
U01585,C0065,2024-04-05,32.55
U01585,C0045,2023-08-30,47.65
U01585,C0069,2023-04-16,30.19
U01585,C0034,2023-04-26,197.07
U01585,C0053,2024-11-06,109.94
U01585,C0143,2023-01-31,78.38
U01586,C0146,2023-02-20,142.34
U01586,C0054,2024-07-24,184.82
U01586,C0045,2023-06-21,29.14
U01586,C0133,2023-02-15,163.24
U01586,C0132,2023-01-16,37.02
U01587,C0001,2023-03-06,138.33
U01587,C0005,2024-01-31,92.26
U01588,C0012,2024-10-08,119.37
U01588,C0008,2024-07-25,183.91
U01588,C0131,2024-11-23,96.17
U01589,C0003,2023-10-30,37.87
U01589,C0141,2024-01-28,159.37
U01589,C0022,2023-10-23,12.34
U01590,C0142,2024-10-18,188.68
U01590,C0075,2024-08-26,102.07
U01590,C0082,2023-02-18,157.23
U01590,C0167,2023-10-10,84.23
U01590,C0063,2024-07-17,128.3
U01591,C0080,2024-08-25,63.28
U01591,C0105,2024-11-23,158.02
U01592,C0051,2023-01-18,91.41
U01593,C0047,2024-08-25,75.84
U01593,C0001,2023-03-18,66.28
U01593,C0095,2024-12-06,9.22
U01593,C0072,2024-03-19,194.49
U01593,C0085,2024-11-15,77.99
U01594,C0019,2024-02-07,183.23
U01594,C0004,2023-11-03,173.5
U01594,C0166,2024-12-26,18.06
U01595,C0058,2023-11-28,20.11
U01595,C0073,2024-09-20,163.59
U01595,C0001,2024-08-28,53.77
U01595,C0115,2024-09-25,93.89
U01595,C0139,2024-06-19,123.04
U01596,C0144,2024-03-16,83.94
U01596,C0195,2023-07-27,58.84
U01596,C0050,2023-05-25,75.58
U01597,C0145,2024-09-13,91.82
U01597,C0160,2023-01-16,105.59
U01597,C0104,2024-07-06,86.69
U01597,C0041,2024-07-22,104.01
U01597,C0100,2024-10-12,113.15
U01598,C0175,2024-09-21,14.53
U01598,C0170,2023-02-01,74.2
U01598,C0165,2024-08-28,85.75
U01598,C0125,2024-01-07,90.71
U01599,C0117,2023-01-24,138.64
U01599,C0097,2023-08-31,25.3
U01600,C0034,2024-06-18,115.46
U01600,C0111,2023-07-11,76.03
U01600,C0180,2023-11-06,195.56
U01600,C0196,2024-07-20,170.96
U01600,C0092,2024-08-08,73.71
U01600,C0117,2023-05-23,188.15
U01600,C0162,2024-04-17,72.24
U01601,C0031,2023-10-25,141.21
U01601,C0118,2024-11-18,149.59
U01601,C0125,2024-05-14,59.36
U01601,C0117,2024-09-08,36.98
U01602,C0139,2024-10-22,110.29
U01602,C0173,2023-10-15,18.38
U01603,C0104,2023-06-16,28.18
U01603,C0036,2024-05-03,66.85
U01603,C0112,2024-08-24,14.89
U01603,C0069,2023-02-24,162.23
U01603,C0046,2023-09-28,144.2
U01604,C0034,2023-12-21,136.2
U01604,C0027,2024-01-17,97.22
U01604,C0142,2023-02-16,63.79
U01605,C0033,2024-05-23,166.1
U01605,C0001,2024-12-28,114.9
U01605,C0148,2023-02-20,12.67
U01605,C0037,2024-02-13,43.91
U01605,C0094,2024-12-22,179.7
U01606,C0014,2023-08-05,165.46
U01606,C0118,2023-10-13,169.52
U01606,C0044,2024-04-26,198.38
U01607,C0144,2023-10-14,1.01
U01607,C0157,2023-04-02,97.09
U01607,C0084,2024-10-29,189.06
U01607,C0185,2024-06-13,36.55
U01608,C0184,2023-05-20,198.74
U01608,C0116,2023-03-16,77.9
U01608,C0062,2024-07-09,184.84
U01608,C0024,2024-01-18,1.25
U01609,C0090,2024-10-18,139.6
U01609,C0144,2023-03-02,18.29
U01610,C0001,2023-04-22,196.21
U01610,C0157,2024-11-03,17.23
U01610,C0046,2023-07-10,85.48
U01610,C0119,2023-02-14,148.77
U01611,C0113,2023-05-20,39.92
U01611,C0014,2023-02-03,92.48
U01611,C0146,2024-03-16,118.73
U01612,C0002,2024-10-31,17.32
U01612,C0124,2024-05-31,114.8
U01612,C0066,2023-11-16,112.35
U01612,C0180,2023-12-02,139.83
U01613,C0166,2024-06-18,93.67
U01613,C0037,2024-08-30,111.07
U01613,C0146,2023-08-07,173.04
U01614,C0034,2023-10-13,191.31
U01614,C0153,2023-04-29,82.68
U01614,C0066,2023-04-01,191.87
U01615,C0132,2024-07-05,16.53
U01615,C0037,2023-03-14,7.1
U01615,C0122,2023-12-07,9.08
U01615,C0052,2023-12-27,154.94
U01615,C0080,2024-11-10,122.15
U01616,C0047,2023-10-31,42.67
U01616,C0018,2024-01-04,87.57
U01616,C0120,2024-06-20,152.79
U01617,C0087,2024-02-20,172.41
U01617,C0039,2024-07-12,87.08
U01617,C0108,2024-03-15,89.56
U01617,C0136,2024-08-25,109.59
U01617,C0016,2023-09-15,178.2
U01618,C0129,2024-01-27,184.23
U01618,C0050,2024-10-07,193.81
U01618,C0141,2023-11-02,81.18
U01618,C0078,2023-05-22,108.04
U01618,C0046,2023-12-05,66.8
U01618,C0082,2024-04-01,163.26
U01618,C0059,2023-10-11,140.94
U01619,C0115,2023-12-27,16.01
U01619,C0159,2024-02-11,31.89
U01619,C0086,2024-08-01,36.55
U01620,C0153,2023-11-29,21.43
U01620,C0009,2024-05-20,125.79
U01620,C0139,2023-11-13,146.12
U01620,C0086,2024-11-13,198.02
U01620,C0197,2023-04-15,177.9
U01621,C0022,2024-04-18,155.78
U01621,C0026,2024-02-02,18.95
U01622,C0005,2023-02-25,137.35
U01622,C0037,2023-07-01,33.64
U01622,C0085,2023-01-25,81.22
U01622,C0076,2024-09-27,74.19
U01622,C0181,2023-08-28,63.03
U01622,C0114,2023-10-02,139.73
U01622,C0175,2023-03-27,136.52
U01622,C0100,2023-01-01,178.59
U01623,C0047,2024-01-01,174.38
U01623,C0113,2023-03-02,2.12
U01623,C0081,2024-03-03,151.91
U01623,C0145,2024-12-17,183.79
U01624,C0029,2023-08-08,172.56
U01624,C0087,2023-07-07,181.3
U01625,C0168,2023-09-23,88.03
U01625,C0176,2024-09-24,67.96
U01625,C0151,2024-03-24,56.5
U01626,C0127,2024-04-19,118.99
U01626,C0026,2023-02-20,186.15
U01626,C0196,2024-12-26,148.63
U01626,C0114,2024-11-21,73.23
U01626,C0181,2023-01-29,182.69
U01626,C0049,2024-11-13,150.2
U01626,C0034,2023-03-09,9.63
U01627,C0074,2023-07-28,138.01
U01627,C0174,2024-08-15,23.7
U01627,C0160,2023-10-12,69.64
U01627,C0056,2023-02-02,175.66
U01627,C0078,2024-03-14,9.12
U01627,C0198,2024-09-18,139.75
U01627,C0185,2023-10-19,12.88
U01627,C0004,2024-07-09,59.98
U01628,C0025,2024-09-22,123.32
U01628,C0057,2023-06-28,191.97
U01628,C0168,2024-01-03,69.22
U01628,C0087,2023-09-07,181.86
U01629,C0088,2024-02-02,14.13
U01629,C0038,2023-03-02,81.51
U01629,C0012,2024-05-13,113.88
U01629,C0093,2024-08-14,2.61
U01630,C0147,2024-03-14,188.58
U01631,C0141,2024-03-25,95.5
U01631,C0016,2023-02-15,155.66
U01631,C0019,2023-09-05,199.22
U01631,C0140,2024-05-27,53.41
U01631,C0100,2024-11-27,25.06
U01631,C0184,2023-08-12,132.44
U01632,C0074,2024-01-19,172.38
U01632,C0079,2023-01-22,0.56
U01632,C0149,2024-05-17,91.7
U01632,C0179,2023-06-10,66.83
U01633,C0042,2024-10-10,69.59
U01634,C0127,2023-08-06,197.07
U01635,C0034,2023-10-20,21.15
U01635,C0101,2024-07-04,50.95
U01635,C0048,2024-08-19,12.23
U01636,C0147,2023-06-03,43.77
U01636,C0180,2023-08-15,61.54
U01637,C0018,2024-10-20,179.01
U01637,C0004,2024-03-07,167.79
U01637,C0189,2023-02-17,71.23
U01637,C0009,2023-01-06,127.44
U01637,C0147,2024-07-07,111.16
U01637,C0011,2024-02-28,102.09
U01638,C0039,2024-01-29,78.52
U01638,C0030,2023-08-14,158.92
U01638,C0023,2024-09-23,185.5
U01639,C0174,2023-12-09,150.85
U01639,C0086,2024-07-30,111.3
U01639,C0117,2024-07-10,90.23
U01640,C0048,2024-03-09,62.34
U01640,C0023,2024-02-09,9.29
U01640,C0044,2023-09-04,83.82
U01640,C0152,2023-07-03,159.47
U01640,C0189,2024-12-11,28.29
U01640,C0198,2024-01-14,70.74
U01641,C0066,2024-04-19,177.99
U01641,C0119,2024-12-12,119.17
U01642,C0114,2023-04-28,18.17
U01643,C0042,2024-07-17,1.22
U01643,C0058,2023-07-13,86.29
U01643,C0183,2023-06-22,19.79
U01644,C0186,2024-06-21,157.14
U01644,C0170,2024-06-18,114.57
U01644,C0044,2024-05-15,144.56
U01644,C0018,2024-12-03,73.21
U01644,C0091,2023-04-07,86.75
U01645,C0129,2023-12-07,110.05
U01645,C0112,2023-03-25,146.07
U01645,C0055,2023-11-17,113.8
U01645,C0138,2024-04-19,138.05
U01645,C0096,2024-04-26,33.5
U01646,C0098,2024-12-26,10.07
U01646,C0143,2023-12-14,183.43
U01646,C0133,2024-05-05,107.0
U01646,C0012,2024-12-17,120.77
U01647,C0141,2023-06-08,101.7
U01647,C0097,2024-08-18,95.92
U01647,C0156,2023-06-26,160.74
U01648,C0080,2023-04-09,199.09
U01648,C0014,2023-05-22,33.62
U01648,C0169,2024-05-03,32.5
U01649,C0142,2024-09-21,58.91
U01649,C0055,2023-05-11,125.05
U01650,C0059,2023-09-16,17.74
U01650,C0035,2023-10-13,97.45
U01650,C0170,2023-10-13,130.97
U01650,C0040,2023-05-15,184.91
U01650,C0016,2024-06-21,149.55
U01651,C0093,2024-09-08,142.11
U01651,C0148,2024-12-18,2.04
U01652,C0161,2023-01-14,25.52
U01652,C0189,2024-10-11,41.57
U01653,C0183,2023-06-02,43.8
U01653,C0179,2023-05-15,26.12
U01654,C0092,2023-04-16,48.74
U01654,C0033,2023-07-18,8.29
U01654,C0179,2023-05-14,100.67
U01655,C0013,2024-02-10,39.41
U01655,C0105,2024-11-29,196.87
U01655,C0065,2023-02-28,68.89
U01656,C0060,2024-02-12,180.62
U01656,C0113,2023-04-09,122.22
U01656,C0117,2023-08-18,26.4
U01656,C0118,2023-03-14,136.76
U01656,C0092,2024-10-29,32.38
U01657,C0107,2023-03-17,93.94
U01657,C0175,2024-01-23,173.04
U01657,C0176,2023-02-11,172.12
U01657,C0191,2023-06-12,116.41
U01658,C0056,2023-10-10,13.38
U01658,C0031,2024-02-01,78.38
U01658,C0008,2023-06-04,113.5
U01658,C0068,2023-07-27,187.78
U01658,C0064,2024-03-05,97.37
U01658,C0190,2024-05-28,11.18
U01658,C0139,2024-02-20,111.44
U01659,C0107,2023-02-11,76.63
U01659,C0101,2024-12-18,78.8
U01659,C0118,2023-06-06,16.82
U01660,C0101,2024-08-18,57.39
U01660,C0093,2023-09-18,60.1
U01660,C0016,2023-02-07,88.2
U01660,C0078,2024-03-17,78.3
U01661,C0079,2023-07-13,143.46
U01661,C0155,2024-08-04,83.37
U01662,C0166,2024-09-11,75.39
U01663,C0034,2024-03-20,176.41
U01663,C0044,2023-05-01,17.69
U01663,C0099,2023-05-31,51.15
U01663,C0035,2024-02-25,133.09
U01664,C0190,2023-09-30,134.7
U01664,C0088,2023-04-14,135.84
U01664,C0168,2024-06-09,127.25
U01664,C0143,2023-02-10,106.76
U01664,C0179,2024-05-19,189.83
U01664,C0083,2024-08-31,190.07
U01665,C0190,2024-10-16,48.02
U01665,C0160,2023-11-15,181.49
U01665,C0105,2024-12-29,16.93
U01665,C0038,2024-09-07,114.18
U01666,C0057,2023-12-13,161.0
U01666,C0052,2023-05-18,144.03
U01666,C0144,2023-10-16,189.45
U01667,C0048,2023-09-24,189.85
U01667,C0094,2023-02-05,161.78
U01667,C0171,2023-09-04,15.51
U01667,C0015,2024-12-24,166.89
U01667,C0137,2024-11-15,105.8
U01667,C0061,2024-02-20,5.6
U01667,C0058,2023-10-01,73.96
U01667,C0063,2024-04-23,155.67
U01668,C0177,2023-10-03,99.88
U01668,C0145,2024-04-09,80.28
U01668,C0173,2024-12-30,178.98
U01669,C0069,2023-07-24,72.1
U01669,C0185,2023-09-03,87.32
U01669,C0198,2024-07-31,94.44
U01669,C0163,2023-10-05,78.61
U01669,C0086,2024-08-31,155.38
U01670,C0017,2023-10-15,25.29
U01670,C0111,2023-07-01,68.65
U01670,C0054,2024-01-14,4.43
U01671,C0003,2023-11-10,101.61
U01671,C0147,2023-12-16,37.07
U01671,C0086,2024-02-13,119.19
U01671,C0159,2023-11-27,157.31
U01672,C0098,2024-04-02,36.34
U01672,C0102,2023-09-03,2.71
U01672,C0078,2023-10-10,27.34
U01673,C0184,2023-09-30,36.32
U01673,C0151,2023-05-06,186.63
U01673,C0031,2023-10-20,10.53
U01674,C0068,2023-07-20,49.56
U01674,C0167,2023-06-11,188.19
U01674,C0140,2023-04-30,60.2
U01674,C0150,2023-11-21,177.23
U01675,C0015,2024-02-27,44.0
U01675,C0116,2024-04-13,45.2
U01675,C0146,2024-11-28,180.73
U01676,C0166,2024-12-03,146.17
U01677,C0136,2023-05-04,15.88
U01677,C0092,2024-07-16,89.33
U01677,C0043,2024-07-24,56.17
U01677,C0037,2023-06-10,41.82
U01678,C0169,2024-06-01,159.5
U01678,C0072,2023-09-23,53.41
U01678,C0190,2024-11-27,130.1
U01678,C0046,2024-11-26,99.61
U01678,C0111,2023-04-26,99.44
U01679,C0042,2024-12-09,105.81
U01679,C0166,2023-12-16,175.06
U01679,C0174,2023-06-01,44.51
U01679,C0007,2024-03-31,92.56
U01680,C0111,2024-11-29,64.78
U01680,C0103,2023-07-12,39.0
U01681,C0072,2023-03-05,129.14
U01682,C0196,2024-10-06,140.05
U01683,C0113,2023-11-30,129.82
U01683,C0138,2024-11-05,196.82
U01683,C0017,2023-02-07,5.06
U01683,C0007,2023-06-05,96.77
U01683,C0095,2024-11-29,35.64
U01684,C0080,2023-11-24,92.62
U01684,C0048,2023-07-19,23.98
U01685,C0078,2023-08-21,193.53
U01686,C0032,2024-02-12,105.82
U01686,C0197,2024-10-04,138.83
U01686,C0056,2024-05-21,198.69
U01686,C0196,2023-02-05,39.69
U01687,C0160,2023-12-26,141.84
U01687,C0089,2024-06-14,155.11
U01688,C0185,2024-09-07,128.98
U01688,C0007,2024-08-12,145.25
U01689,C0064,2023-12-27,165.45
U01689,C0089,2024-11-06,136.58
U01689,C0033,2023-08-29,29.67
U01689,C0185,2023-06-04,127.99
U01689,C0096,2024-03-29,45.37
U01689,C0158,2024-09-22,38.02
U01690,C0156,2024-01-08,170.57
U01690,C0045,2024-12-08,138.7
U01690,C0001,2023-08-16,156.37
U01690,C0074,2023-08-19,25.84
U01691,C0023,2023-02-05,93.91
U01691,C0130,2023-04-04,181.48
U01691,C0090,2024-07-18,195.22
U01692,C0048,2024-02-03,121.43
U01693,C0031,2024-01-26,7.71
U01693,C0196,2023-01-15,98.28
U01693,C0130,2023-06-09,79.29
U01693,C0041,2023-12-29,128.96
U01693,C0052,2024-07-20,44.45
U01694,C0174,2024-11-13,158.75
U01694,C0144,2024-10-07,86.95
U01694,C0162,2024-12-25,152.41
U01694,C0047,2024-06-30,171.91
U01694,C0181,2024-02-17,95.7
U01694,C0023,2023-11-29,88.52
U01694,C0127,2023-09-26,26.2
U01695,C0056,2023-05-26,190.46
U01695,C0177,2024-12-30,101.67
U01695,C0040,2024-10-11,21.23
U01696,C0065,2024-11-17,171.61
U01696,C0040,2024-08-02,30.86
U01696,C0089,2024-11-11,198.16
U01696,C0144,2024-10-08,172.05
U01697,C0091,2023-02-28,75.41
U01697,C0104,2024-09-24,198.58
U01698,C0096,2024-02-03,48.45
U01698,C0168,2024-10-12,158.07
U01698,C0013,2024-05-05,172.9
U01699,C0166,2023-02-26,54.31
U01699,C0030,2024-12-01,158.6
U01699,C0137,2023-10-10,20.91
U01700,C0125,2023-08-23,171.35
U01700,C0172,2023-11-09,154.43
U01700,C0081,2024-10-30,112.34
U01701,C0169,2023-08-14,154.95
U01701,C0019,2023-06-28,80.26
U01702,C0074,2024-02-13,45.85
U01702,C0170,2024-04-29,131.37
U01703,C0081,2024-05-02,9.01
U01703,C0188,2023-11-23,50.29
U01703,C0071,2023-03-16,159.86
U01704,C0169,2023-03-15,15.5
U01704,C0018,2024-11-20,68.44
U01704,C0095,2024-03-14,54.32
U01704,C0023,2024-08-06,186.67
U01704,C0110,2023-04-04,115.25
U01704,C0185,2024-01-20,118.49
U01704,C0069,2023-08-05,118.19
U01705,C0128,2024-05-03,160.69
U01705,C0092,2023-05-21,3.63
U01705,C0048,2023-06-22,86.92
U01705,C0016,2023-06-12,133.33
U01706,C0167,2023-04-09,27.19
U01706,C0128,2024-11-08,17.96
U01707,C0052,2024-03-16,181.19
U01707,C0147,2024-09-27,80.71
U01707,C0063,2024-06-28,113.31
U01708,C0010,2023-08-09,14.84
U01708,C0145,2024-03-12,98.11
U01708,C0134,2024-05-10,46.26
U01708,C0122,2024-09-08,197.02
U01709,C0113,2024-02-03,134.99
U01709,C0167,2023-01-29,92.08
U01710,C0148,2024-09-28,95.03
U01710,C0136,2024-07-11,84.07
U01710,C0137,2023-08-31,168.13
U01711,C0162,2023-04-29,120.52
U01711,C0176,2024-10-07,153.99
U01711,C0147,2023-12-03,61.75
U01711,C0179,2023-02-01,190.76
U01711,C0178,2024-11-19,145.02
U01711,C0080,2024-08-15,127.39
U01711,C0052,2023-07-06,46.63
U01712,C0041,2024-08-23,13.85
U01712,C0031,2023-01-25,154.92
U01713,C0097,2024-10-17,91.22
U01713,C0070,2023-10-18,95.99
U01713,C0073,2024-12-29,9.99
U01713,C0145,2023-05-24,84.17
U01714,C0102,2024-11-12,152.5
U01714,C0079,2024-05-23,80.18
U01714,C0080,2024-08-09,89.57
U01714,C0140,2024-04-05,184.67
U01715,C0023,2024-12-08,198.12
U01715,C0108,2023-09-21,171.58
U01715,C0052,2023-02-03,4.61
U01715,C0099,2023-09-08,70.6
U01715,C0089,2024-12-16,44.12
U01715,C0110,2023-07-23,7.53
U01716,C0070,2024-04-20,88.28
U01716,C0145,2023-04-23,176.55
U01716,C0110,2024-08-02,130.01
U01716,C0158,2023-05-21,113.86
U01716,C0048,2024-01-25,44.55
U01717,C0178,2024-04-22,143.8
U01717,C0095,2023-07-03,73.6
U01717,C0152,2023-04-23,32.3
U01718,C0106,2023-07-31,85.31
U01718,C0173,2023-08-29,197.49
U01719,C0158,2023-12-10,122.34
U01719,C0075,2023-12-24,184.52
U01719,C0135,2024-02-28,131.49
U01719,C0159,2023-09-11,59.71
U01719,C0144,2023-12-05,150.74
U01719,C0146,2023-10-27,149.07
U01720,C0066,2024-09-18,24.26
U01720,C0019,2024-08-06,185.6
U01720,C0079,2024-08-26,48.92
U01721,C0181,2024-04-06,57.02
U01721,C0067,2024-08-11,176.18
U01721,C0071,2024-02-24,52.76
U01721,C0149,2024-06-22,151.81
U01722,C0180,2023-02-18,118.66
U01722,C0144,2024-05-27,84.03
U01722,C0044,2024-09-11,144.59
U01722,C0038,2023-08-12,197.67
U01722,C0058,2024-11-16,163.51
U01723,C0134,2023-09-13,31.54
U01723,C0150,2023-01-09,199.54
U01723,C0070,2024-08-07,89.11
U01723,C0026,2023-03-04,138.25
U01724,C0123,2023-02-14,95.79
U01724,C0195,2023-11-05,179.85
U01725,C0050,2024-02-27,74.11
U01725,C0074,2024-04-28,160.07
U01725,C0162,2023-05-16,171.83
U01725,C0182,2023-05-09,7.46
U01726,C0078,2023-10-12,113.34
U01727,C0098,2023-08-17,113.31
U01727,C0017,2023-01-29,28.29
U01727,C0038,2023-12-31,21.33
U01727,C0186,2023-04-28,40.81
U01727,C0157,2024-04-17,66.66
U01728,C0092,2024-09-01,78.32
U01728,C0136,2023-12-05,116.47
U01728,C0181,2024-10-05,135.51
U01729,C0001,2024-08-10,121.9
U01729,C0143,2023-03-12,52.22
U01729,C0111,2024-01-05,110.51
U01729,C0021,2023-07-13,51.87
U01730,C0100,2023-03-16,44.56
U01730,C0057,2024-07-09,110.15
U01730,C0022,2023-02-19,177.0
U01731,C0047,2023-06-11,186.56
U01731,C0049,2023-05-19,6.7
U01731,C0105,2023-09-12,38.98
U01732,C0047,2024-11-02,21.56
U01732,C0068,2023-11-05,46.4
U01732,C0105,2024-04-06,142.84
U01732,C0054,2024-03-01,100.89
U01733,C0169,2023-02-03,110.43
U01733,C0102,2024-10-28,62.76
U01733,C0139,2024-12-25,179.44
U01733,C0008,2024-08-05,172.07
U01734,C0150,2024-10-31,17.93
U01734,C0013,2024-11-09,194.46
U01734,C0040,2024-03-24,177.85
U01735,C0068,2023-02-08,60.42
U01735,C0049,2023-11-23,11.69
U01736,C0094,2023-06-15,163.01
U01736,C0013,2024-09-16,188.86
U01736,C0042,2024-03-08,78.17
U01737,C0193,2023-06-13,39.79
U01737,C0087,2023-05-17,104.06
U01738,C0060,2023-05-20,3.25
U01738,C0003,2023-12-05,80.25
U01739,C0056,2024-02-23,93.69
U01739,C0053,2023-03-11,146.81
U01739,C0003,2023-05-06,134.07
U01739,C0059,2024-03-14,156.66
U01739,C0006,2024-01-09,186.56
U01739,C0057,2023-01-11,87.51
U01739,C0051,2024-03-13,28.4
U01739,C0065,2024-05-04,121.93
U01740,C0081,2023-02-28,34.71
U01740,C0064,2024-10-19,74.04
U01740,C0192,2023-02-27,15.65
U01741,C0060,2024-05-14,34.13
U01741,C0189,2023-01-30,43.36
U01741,C0149,2023-05-15,9.33
U01741,C0143,2024-07-07,59.2
U01741,C0198,2023-03-11,189.31
U01741,C0067,2024-08-18,161.9
U01742,C0198,2023-06-16,191.52
U01742,C0005,2024-11-08,159.41
U01742,C0024,2023-10-27,10.42
U01742,C0117,2024-01-18,11.7
U01742,C0184,2024-02-28,183.26
U01743,C0140,2023-04-15,166.34
U01743,C0119,2024-05-02,128.44
U01743,C0187,2024-12-08,99.04
U01744,C0106,2023-09-28,10.01
U01744,C0028,2024-01-04,127.96
U01744,C0160,2023-08-21,107.36
U01744,C0154,2024-03-27,30.82
U01744,C0047,2024-11-24,93.83
U01745,C0130,2023-07-04,31.11
U01745,C0017,2024-09-05,8.02
U01746,C0177,2024-12-30,50.94
U01746,C0088,2024-06-03,144.94
U01746,C0099,2023-05-31,189.43
U01746,C0101,2024-05-12,49.82
U01746,C0195,2023-07-12,90.27
U01746,C0137,2023-03-20,158.89
U01746,C0073,2023-04-13,26.0
U01747,C0013,2024-06-27,91.58
U01747,C0031,2024-06-09,8.39
U01748,C0177,2024-09-20,10.0
U01748,C0142,2023-03-17,90.88
U01748,C0107,2023-02-20,172.59
U01748,C0191,2024-05-11,58.27
U01749,C0162,2023-08-19,119.65
U01750,C0151,2024-12-12,70.99
U01750,C0159,2024-09-04,63.67
U01750,C0065,2023-04-23,98.8
U01751,C0037,2024-02-02,149.69
U01751,C0127,2023-09-13,44.06
U01752,C0042,2023-06-03,28.87
U01752,C0006,2024-01-20,35.23
U01752,C0093,2024-11-26,64.1
U01752,C0075,2023-09-24,118.22
U01753,C0050,2024-12-09,107.92
U01753,C0190,2023-07-20,40.47
U01753,C0189,2023-10-24,58.89
U01753,C0001,2024-03-29,175.44
U01754,C0079,2024-09-05,116.02
U01754,C0129,2023-12-05,2.35
U01754,C0133,2024-04-20,4.16
U01754,C0128,2023-06-20,2.06
U01754,C0131,2024-01-19,122.77
U01755,C0130,2023-03-15,122.42
U01755,C0176,2023-11-17,37.89
U01755,C0090,2024-11-29,89.64
U01756,C0180,2024-03-13,126.93
U01756,C0047,2023-08-03,31.99
U01756,C0102,2024-09-04,148.22
U01757,C0069,2024-05-24,94.83
U01757,C0048,2023-06-24,32.0
U01757,C0116,2024-01-03,113.45
U01758,C0021,2024-02-13,69.86
U01759,C0155,2023-01-29,130.82
U01759,C0035,2024-08-09,145.03
U01760,C0152,2023-04-30,14.27
U01760,C0074,2024-02-25,43.67
U01761,C0082,2024-11-11,140.23
U01761,C0081,2024-02-16,46.52
U01762,C0172,2024-10-23,81.72
U01762,C0185,2024-09-29,144.54
U01762,C0040,2024-11-11,152.79
U01763,C0111,2023-03-19,67.04
U01763,C0097,2023-09-23,124.7
U01764,C0172,2024-07-18,67.93
U01765,C0186,2023-08-17,130.94
U01765,C0028,2023-02-11,8.72
U01766,C0058,2024-10-19,16.74
U01766,C0181,2023-06-05,18.87
U01766,C0041,2023-06-27,156.42
U01766,C0017,2024-01-17,149.84
U01767,C0029,2023-06-07,173.95
U01767,C0183,2024-07-10,83.43
U01767,C0096,2024-05-26,198.29
U01767,C0138,2023-11-02,178.73
U01768,C0150,2024-06-27,65.34
U01768,C0029,2024-07-23,107.45
U01769,C0079,2024-11-20,0.19
U01769,C0193,2024-02-02,35.53
U01769,C0035,2024-05-29,183.11
U01770,C0164,2023-11-18,104.16
U01770,C0135,2024-02-02,127.56
U01770,C0123,2023-10-16,189.15
U01770,C0063,2024-02-13,149.79
U01771,C0031,2023-08-11,59.24
U01771,C0153,2023-07-04,22.36
U01771,C0112,2023-05-25,142.97
U01771,C0186,2024-03-22,161.73
U01771,C0034,2023-07-03,15.02
U01772,C0079,2023-03-07,9.09
U01772,C0177,2023-06-17,122.35
U01773,C0029,2024-06-07,183.41
U01773,C0073,2024-08-04,154.5
U01773,C0188,2024-12-17,173.17
U01773,C0125,2023-04-03,94.21
U01774,C0040,2024-09-16,118.81
U01774,C0195,2024-09-19,55.54
U01774,C0105,2024-12-08,105.37
U01774,C0151,2024-10-29,32.18
U01775,C0029,2023-02-28,43.87
U01775,C0189,2024-03-18,84.45
U01775,C0141,2023-01-22,147.5
U01775,C0006,2023-06-22,141.25
U01776,C0090,2023-06-15,107.85
U01776,C0051,2023-07-18,108.79
U01777,C0025,2023-11-26,126.36
U01777,C0001,2023-12-01,161.92
U01778,C0136,2024-12-27,0.38
U01778,C0061,2023-12-30,110.63
U01778,C0141,2023-06-15,184.98
U01779,C0158,2024-09-18,12.49
U01779,C0044,2024-04-06,79.62
U01779,C0169,2024-12-15,86.44
U01779,C0200,2024-04-13,151.26
U01779,C0145,2023-09-07,171.56
U01780,C0143,2024-05-28,121.88
U01780,C0053,2024-01-30,134.63
U01781,C0053,2024-06-01,67.24
U01781,C0055,2023-04-27,176.65
U01781,C0124,2024-07-09,182.61
U01781,C0105,2024-02-17,35.41
U01781,C0192,2024-04-10,20.95
U01781,C0022,2024-03-20,110.43
U01782,C0028,2023-06-10,40.23
U01782,C0001,2023-08-20,143.38
U01782,C0020,2023-06-06,19.83
U01782,C0049,2024-07-07,169.83
U01782,C0040,2023-08-18,69.87
U01782,C0170,2023-07-11,92.22
U01782,C0130,2024-09-06,145.66
U01783,C0123,2024-12-26,187.58
U01783,C0084,2024-12-18,3.96
U01784,C0124,2024-10-06,144.67
U01784,C0127,2024-08-18,33.41
U01784,C0099,2024-10-12,179.77
U01784,C0025,2024-07-05,104.53
U01784,C0167,2024-10-31,162.64
U01784,C0012,2023-09-11,154.06
U01784,C0109,2024-09-28,25.49
U01785,C0105,2024-12-12,22.13
U01785,C0030,2024-08-30,83.8
U01785,C0118,2024-06-30,128.65
U01785,C0129,2024-07-08,138.56
U01786,C0128,2024-11-22,3.33
U01786,C0046,2023-06-04,140.3
U01786,C0189,2024-01-21,73.73
U01787,C0103,2024-08-11,165.89
U01787,C0137,2023-05-22,64.73
U01787,C0099,2023-07-29,61.61
U01787,C0196,2024-06-03,118.64
U01787,C0044,2023-06-16,68.69
U01787,C0157,2023-08-17,120.47
U01787,C0091,2024-11-18,87.03
U01788,C0196,2023-05-20,115.87
U01788,C0114,2024-09-14,4.49
U01788,C0189,2023-10-02,125.48
U01788,C0077,2023-05-27,152.97
U01789,C0152,2024-03-24,114.82
U01789,C0078,2024-02-10,96.89
U01789,C0017,2024-07-29,0.77
U01790,C0118,2023-09-19,111.83
U01790,C0079,2024-12-03,123.56
U01790,C0176,2024-08-07,56.85
U01790,C0175,2023-10-10,15.05
U01790,C0128,2024-06-05,38.71
U01791,C0130,2024-04-18,48.51
U01791,C0078,2024-04-14,103.8
U01791,C0029,2024-10-07,68.67
U01791,C0106,2024-02-13,146.62
U01792,C0137,2024-08-21,106.74
U01792,C0028,2023-09-29,58.0
U01792,C0098,2023-01-11,158.47
U01792,C0075,2023-06-20,132.58
U01793,C0101,2023-05-02,167.14
U01793,C0003,2023-02-02,32.81
U01793,C0084,2023-05-23,192.24
U01793,C0044,2023-02-10,79.34
U01794,C0155,2024-07-11,35.83
U01794,C0016,2024-07-01,166.71
U01794,C0005,2024-01-03,104.02
U01795,C0001,2024-11-12,160.9
U01795,C0143,2023-12-04,96.49
U01795,C0139,2024-11-13,162.96
U01795,C0147,2024-07-18,47.39
U01795,C0049,2024-09-01,147.38
U01796,C0191,2023-12-22,83.2
U01796,C0028,2023-08-31,2.91
U01796,C0142,2024-04-02,157.66
U01797,C0013,2024-02-04,151.95
U01797,C0001,2024-02-17,20.36
U01797,C0055,2024-09-02,71.18
U01797,C0012,2023-07-28,3.46
U01797,C0174,2024-01-02,77.48
U01797,C0089,2023-04-10,111.59
U01798,C0050,2024-03-18,89.77
U01798,C0113,2023-02-23,100.53
U01798,C0139,2024-05-06,182.8
U01798,C0171,2023-01-20,130.73
U01798,C0076,2024-06-27,94.42
U01799,C0165,2023-04-26,126.2
U01799,C0009,2023-07-28,85.55
U01799,C0008,2024-12-05,24.58
U01800,C0076,2023-05-15,120.29
U01800,C0078,2023-02-14,78.68
U01800,C0065,2023-10-08,133.05
U01801,C0144,2023-05-26,157.48
U01801,C0103,2023-05-10,23.37
U01801,C0096,2023-12-19,122.26
U01801,C0043,2024-03-22,174.45
U01801,C0078,2023-05-21,63.09
U01801,C0010,2024-03-11,153.62
U01801,C0097,2023-07-08,187.79
U01802,C0156,2023-12-06,47.18
U01802,C0003,2024-10-12,129.5
U01803,C0008,2023-11-11,96.08
U01803,C0067,2024-02-03,60.71
U01803,C0128,2023-10-23,136.95
U01804,C0153,2024-03-23,65.25
U01804,C0058,2023-04-09,169.62
U01804,C0154,2023-08-26,106.88
U01805,C0126,2023-10-22,66.6
U01805,C0021,2023-12-23,43.63
U01805,C0036,2023-06-20,140.3
U01806,C0153,2023-05-11,131.68
U01806,C0015,2023-04-04,186.1
U01806,C0001,2023-03-11,185.86
U01806,C0190,2024-04-28,47.37
U01806,C0064,2024-10-17,28.64
U01806,C0101,2024-04-19,98.93
U01807,C0070,2024-07-12,146.3
U01807,C0138,2024-09-24,69.3
U01807,C0165,2023-11-25,142.47
U01808,C0084,2024-08-21,133.72
U01808,C0044,2023-06-24,136.25
U01808,C0047,2023-12-21,27.99
U01809,C0026,2024-01-13,122.99
U01809,C0104,2024-04-04,13.31
U01809,C0030,2023-12-11,183.25
U01809,C0129,2024-06-25,170.34
U01809,C0084,2023-02-18,72.65
U01809,C0126,2024-09-05,18.55
U01810,C0079,2023-08-24,152.94
U01810,C0069,2024-10-15,42.96
U01810,C0121,2023-05-25,59.51
U01811,C0188,2023-12-31,116.12
U01811,C0191,2024-12-20,161.16
U01811,C0076,2024-08-07,91.89
U01811,C0029,2023-09-24,57.88
U01811,C0119,2024-09-09,40.63
U01811,C0031,2023-12-08,46.27
U01812,C0008,2024-06-26,43.55
U01812,C0057,2023-03-27,174.77
U01812,C0050,2023-03-12,137.68
U01812,C0032,2023-09-03,165.1
U01813,C0154,2024-06-09,94.89
U01813,C0047,2024-07-01,177.92
U01813,C0110,2024-07-24,13.66
U01813,C0010,2023-06-28,95.98
U01814,C0003,2023-07-08,63.19
U01814,C0074,2023-03-06,62.69
U01814,C0143,2023-05-06,89.03
U01814,C0112,2023-11-10,81.72
U01815,C0055,2024-06-08,10.0
U01815,C0084,2024-06-08,112.91
U01815,C0187,2023-04-20,71.25
U01815,C0058,2024-12-03,95.67
U01815,C0124,2023-10-27,55.84
U01816,C0023,2024-03-29,148.46
U01816,C0189,2023-06-16,118.5
U01816,C0123,2024-02-12,117.77
U01817,C0080,2023-08-03,162.73
U01817,C0058,2023-05-20,117.53
U01818,C0097,2023-12-16,10.53
U01818,C0162,2024-08-24,115.02
U01818,C0111,2023-01-30,137.9
U01818,C0068,2023-04-25,9.64
U01819,C0088,2023-01-18,106.26
U01819,C0123,2023-08-28,166.53
U01819,C0059,2024-12-01,141.77
U01819,C0148,2023-06-17,19.04
U01820,C0153,2024-11-10,104.41
U01820,C0105,2023-10-22,34.04
U01821,C0071,2024-06-13,59.51
U01821,C0189,2024-11-17,123.01
U01821,C0132,2024-04-13,116.57
U01822,C0144,2024-05-17,65.72
U01822,C0095,2024-12-28,114.2
U01822,C0199,2024-06-16,25.28
U01823,C0029,2023-05-27,14.29
U01823,C0152,2024-08-20,92.55
U01823,C0014,2024-07-05,121.84
U01823,C0046,2024-11-09,169.15
U01824,C0036,2024-10-16,121.69
U01824,C0077,2024-04-07,179.74
U01824,C0136,2024-04-18,2.88
U01824,C0139,2023-12-03,150.12
U01824,C0049,2024-06-25,59.85
U01825,C0085,2023-06-13,104.61
U01825,C0026,2024-02-05,196.41
U01825,C0069,2023-04-18,16.6
U01825,C0053,2023-08-11,127.64
U01825,C0109,2023-08-03,105.63
U01825,C0128,2023-12-16,150.4
U01825,C0195,2024-07-03,22.82
U01826,C0063,2024-05-18,166.86
U01826,C0157,2023-03-23,55.02
U01827,C0148,2024-08-09,126.06
U01827,C0003,2023-06-20,166.68
U01827,C0006,2024-03-31,93.6
U01827,C0189,2023-02-18,74.08
U01827,C0159,2023-06-01,112.05
U01827,C0169,2024-03-11,184.92
U01828,C0057,2024-11-03,62.62
U01828,C0096,2024-05-31,107.69
U01828,C0023,2023-01-22,150.91
U01828,C0161,2024-04-20,192.24
U01829,C0172,2023-11-23,39.03
U01830,C0006,2023-05-05,115.13
U01830,C0192,2024-08-21,15.96
U01830,C0191,2023-09-12,191.71
U01830,C0032,2024-06-29,25.13
U01831,C0122,2023-11-19,69.91
U01831,C0079,2023-09-07,144.7
U01831,C0035,2023-02-13,114.79
U01831,C0166,2024-12-07,106.22
U01832,C0026,2023-10-18,65.55
U01832,C0129,2023-05-19,59.87
U01832,C0184,2024-04-17,41.32
U01832,C0032,2023-03-13,181.16
U01832,C0011,2024-12-14,159.01
U01833,C0053,2023-05-24,183.0
U01833,C0098,2023-03-22,43.41
U01833,C0194,2023-12-24,101.93
U01833,C0103,2024-09-05,80.19
U01834,C0091,2023-03-03,140.86
U01834,C0062,2024-10-03,66.77
U01834,C0159,2023-11-26,195.09
U01835,C0111,2023-03-30,130.13
U01835,C0024,2024-01-31,164.08
U01835,C0094,2023-09-03,116.96
U01835,C0163,2024-08-04,37.19
U01835,C0075,2023-12-22,157.97
U01835,C0116,2023-04-29,20.25
U01835,C0171,2023-10-25,49.22
U01835,C0064,2024-11-26,122.69
U01836,C0131,2023-07-06,91.39
U01836,C0062,2023-06-12,108.94
U01836,C0121,2024-03-07,199.35
U01836,C0125,2024-10-27,75.64
U01837,C0064,2023-10-30,35.42
U01838,C0066,2024-12-22,136.59
U01838,C0018,2023-03-20,6.99
U01839,C0179,2023-11-28,126.92
U01839,C0119,2023-07-29,66.95
U01840,C0163,2023-05-08,7.49
U01840,C0077,2024-11-16,112.04
U01840,C0105,2023-01-02,27.07
U01840,C0068,2023-08-08,1.65
U01840,C0011,2023-05-27,97.32
U01840,C0096,2023-08-02,84.44
U01841,C0131,2024-04-09,23.21
U01841,C0027,2024-08-15,45.98
U01841,C0068,2023-11-21,158.85
U01841,C0163,2023-01-23,115.07
U01841,C0067,2024-08-11,159.46
U01841,C0174,2024-03-04,99.06
U01841,C0070,2023-09-24,139.03
U01842,C0169,2023-06-27,34.63
U01842,C0156,2024-07-03,152.71
U01842,C0161,2023-10-12,187.7
U01842,C0178,2024-06-05,90.87
U01842,C0001,2023-10-04,174.23
U01842,C0146,2023-12-26,22.38
U01843,C0197,2023-05-20,169.17
U01843,C0085,2023-05-07,90.7
U01843,C0138,2023-07-21,4.25
U01843,C0192,2024-03-11,161.21
U01843,C0117,2024-07-27,197.02
U01844,C0194,2023-02-05,40.62
U01844,C0099,2023-08-02,118.13
U01844,C0070,2024-06-19,180.23
U01844,C0199,2024-06-03,98.68
U01844,C0185,2024-07-15,93.98
U01845,C0092,2023-08-28,42.89
U01845,C0132,2023-10-18,152.2
U01845,C0057,2024-04-05,2.78
U01845,C0188,2023-09-15,18.86
U01846,C0155,2023-07-17,102.53
U01846,C0004,2024-10-14,174.67
U01846,C0160,2023-01-24,37.26
U01846,C0029,2023-05-11,79.18
U01846,C0090,2023-12-24,52.9
U01847,C0011,2023-03-11,131.04
U01847,C0068,2023-06-24,172.47
U01848,C0022,2024-10-30,71.22
U01848,C0157,2024-04-17,26.79
U01848,C0009,2023-10-02,151.59
U01849,C0015,2024-12-07,98.95
U01849,C0182,2024-08-28,167.77
U01850,C0145,2023-10-05,74.25
U01850,C0056,2023-09-03,168.04
U01850,C0041,2024-10-20,15.06
U01851,C0183,2024-10-11,184.72
U01851,C0158,2023-05-28,150.13
U01851,C0080,2024-07-11,190.42
U01851,C0026,2023-01-29,117.48
U01852,C0122,2024-08-11,81.37
U01852,C0039,2023-07-07,35.49
U01852,C0191,2023-03-22,198.37
U01852,C0100,2023-11-02,158.69
U01852,C0066,2023-07-09,57.92
U01853,C0178,2023-08-08,34.48
U01853,C0166,2023-04-13,21.58
U01853,C0173,2024-09-28,10.32
U01854,C0098,2024-03-17,19.84
U01854,C0135,2024-01-26,43.02
U01855,C0039,2024-12-12,130.56
U01855,C0140,2023-02-27,186.85
U01855,C0103,2023-06-05,155.81
U01855,C0115,2023-02-02,118.91
U01856,C0061,2023-03-13,114.25
U01856,C0101,2023-07-21,81.85
U01856,C0107,2024-07-10,116.68
U01856,C0185,2023-01-11,67.79
U01856,C0035,2024-05-02,120.98
U01857,C0025,2024-05-21,48.68
U01858,C0145,2024-04-17,43.24
U01858,C0004,2024-04-17,17.9
U01858,C0007,2023-02-05,130.87
U01859,C0024,2023-07-29,108.11
U01859,C0028,2024-01-25,113.27
U01860,C0121,2023-05-26,37.13
U01860,C0020,2023-01-26,160.85
U01860,C0168,2023-09-17,63.24
U01860,C0100,2024-12-27,154.69
U01860,C0127,2024-02-22,158.47
U01861,C0029,2023-09-20,61.28
U01861,C0146,2024-02-21,10.76
U01861,C0043,2023-05-29,165.01
U01861,C0141,2023-11-05,58.63
U01861,C0018,2023-05-15,36.73
U01861,C0122,2023-05-28,18.57
U01861,C0002,2024-02-11,3.08
U01861,C0117,2023-12-17,36.22
U01862,C0070,2023-01-18,116.67
U01862,C0194,2023-11-09,148.38
U01862,C0022,2024-04-01,159.57
U01862,C0037,2024-04-30,176.66
U01862,C0188,2024-01-20,123.4
U01862,C0171,2023-08-02,134.88
U01863,C0161,2023-04-07,44.93
U01863,C0091,2023-05-14,94.06
U01863,C0081,2023-03-22,130.31
U01864,C0077,2024-11-24,26.79
U01864,C0185,2023-12-20,165.43
U01864,C0143,2024-01-03,116.87
U01864,C0007,2023-12-26,22.39
U01865,C0028,2023-04-19,114.99
U01866,C0138,2023-04-04,34.15
U01866,C0149,2024-03-16,108.1
U01867,C0194,2024-09-13,160.47
U01867,C0180,2024-02-28,51.06
U01867,C0074,2024-07-23,85.59
U01868,C0132,2024-01-24,199.83
U01868,C0173,2023-01-10,100.04
U01868,C0108,2023-10-03,62.39
U01868,C0033,2023-09-23,4.73
U01868,C0055,2023-08-25,87.66
U01868,C0119,2024-11-04,111.5
U01869,C0145,2024-08-08,6.51
U01869,C0029,2023-10-26,123.94
U01870,C0022,2023-02-21,80.73
U01870,C0112,2024-06-25,186.66
U01870,C0077,2023-07-26,78.61
U01870,C0012,2024-10-02,25.57
U01871,C0084,2023-10-13,108.07
U01871,C0059,2024-06-06,87.41
U01872,C0011,2023-05-01,44.8
U01872,C0130,2024-06-24,82.04
U01872,C0041,2023-10-08,86.34
U01873,C0003,2023-03-09,199.57
U01873,C0044,2023-07-24,148.7
U01874,C0191,2023-12-03,0.3
U01874,C0038,2023-08-02,152.27
U01874,C0004,2023-01-03,12.19
U01874,C0092,2023-01-19,109.71
U01875,C0075,2024-02-17,90.69
U01875,C0191,2024-08-30,22.25
U01875,C0183,2023-01-05,0.67
U01876,C0197,2023-05-05,50.42
U01876,C0200,2024-02-20,159.66
U01876,C0146,2023-01-24,115.93
U01876,C0024,2023-04-05,76.9
U01877,C0161,2024-05-21,40.31
U01877,C0039,2024-04-12,148.43
U01877,C0061,2024-08-18,134.65
U01877,C0036,2024-08-14,145.35
U01877,C0176,2024-09-24,8.95
U01878,C0188,2023-12-11,60.04
U01879,C0022,2023-02-21,4.61
U01879,C0141,2024-09-03,163.19
U01879,C0109,2024-08-26,103.01
U01879,C0123,2024-12-01,43.82
U01879,C0067,2024-03-20,23.75
U01879,C0100,2023-04-10,144.6
U01879,C0063,2023-09-08,190.62
U01879,C0011,2023-03-26,185.91
U01880,C0022,2024-09-10,111.06
U01880,C0082,2024-01-14,138.86
U01880,C0024,2023-12-04,100.25
U01880,C0170,2024-08-10,192.57
U01881,C0005,2023-09-24,160.98
U01881,C0049,2024-11-11,2.41
U01881,C0163,2024-01-07,40.69
U01882,C0072,2024-01-20,188.69
U01882,C0106,2024-09-13,119.45
U01882,C0008,2023-10-18,116.4
U01882,C0115,2024-12-21,54.67
U01882,C0083,2024-02-19,86.39
U01883,C0014,2023-03-01,110.11
U01883,C0025,2023-10-01,176.25
U01884,C0036,2024-12-06,101.4
U01884,C0181,2023-05-22,130.52
U01884,C0198,2024-06-09,89.35
U01884,C0139,2023-10-23,193.63
U01884,C0024,2023-06-02,192.19
U01885,C0009,2024-05-27,177.45
U01885,C0136,2024-05-23,52.42
U01885,C0089,2023-11-29,180.97
U01886,C0092,2023-11-16,31.95
U01886,C0164,2023-08-16,68.89
U01886,C0050,2024-04-10,3.48
U01886,C0106,2023-10-29,17.44
U01887,C0198,2024-12-19,66.4
U01887,C0144,2024-07-16,23.24
U01887,C0036,2024-03-04,187.65
U01887,C0142,2024-10-05,35.34
U01888,C0084,2023-10-21,133.11
U01888,C0089,2024-02-12,22.88
U01888,C0145,2023-02-02,12.17
U01888,C0005,2024-09-08,34.58
U01889,C0110,2023-01-25,10.76
U01889,C0105,2023-05-11,112.31
U01890,C0118,2023-06-29,40.1
U01890,C0023,2023-05-11,113.56
U01890,C0008,2024-10-04,85.44
U01890,C0186,2023-12-26,17.91
U01891,C0068,2024-06-29,143.07
U01892,C0189,2024-03-15,87.05
U01893,C0198,2023-09-22,62.41
U01893,C0188,2023-02-17,194.13
U01893,C0194,2023-11-09,131.02
U01894,C0113,2023-01-26,21.41
U01894,C0108,2023-04-01,66.58
U01894,C0057,2023-01-08,73.19
U01894,C0163,2024-10-02,196.61
U01894,C0077,2023-11-13,98.36
U01894,C0099,2023-06-02,51.89
U01895,C0108,2024-02-24,106.95
U01895,C0022,2023-06-17,188.04
U01895,C0126,2023-04-14,149.89
U01896,C0118,2023-07-07,78.85
U01896,C0172,2023-01-04,101.88
U01897,C0181,2023-06-06,171.19
U01897,C0100,2023-10-10,196.71
U01897,C0090,2024-09-28,175.86
U01897,C0179,2024-02-23,170.46
U01897,C0103,2024-03-28,102.13
U01898,C0160,2024-11-09,31.93
U01898,C0076,2023-03-03,127.82
U01898,C0122,2024-01-06,3.01
U01898,C0120,2024-02-27,194.99
U01898,C0021,2023-04-22,161.26
U01899,C0145,2023-05-30,25.11
U01899,C0124,2023-11-17,172.82
U01899,C0078,2023-08-03,61.52
U01900,C0108,2024-01-23,109.54
U01900,C0190,2023-04-24,30.16
U01900,C0193,2023-12-11,158.13
U01901,C0065,2023-12-31,32.73
U01901,C0155,2023-09-20,114.97
U01901,C0189,2023-06-26,3.44
U01902,C0177,2024-10-20,163.67
U01902,C0071,2023-05-07,20.22
U01902,C0073,2024-12-28,122.49
U01903,C0140,2024-04-19,49.82
U01903,C0141,2024-11-15,85.81
U01903,C0021,2023-11-11,45.07
U01903,C0136,2024-11-24,117.35
U01903,C0038,2023-10-22,100.09
U01904,C0046,2024-08-23,160.27
U01904,C0186,2024-07-03,4.64
U01904,C0017,2024-02-19,81.03
U01904,C0136,2023-01-19,69.46
U01904,C0133,2023-04-11,163.31
U01904,C0071,2023-02-14,36.35
U01905,C0095,2023-07-20,131.3
U01905,C0080,2023-10-13,16.45
U01906,C0064,2023-02-22,62.19
U01906,C0008,2024-06-24,84.78
U01906,C0031,2023-09-03,99.33
U01906,C0182,2023-04-13,142.71
U01906,C0103,2024-10-19,174.46
U01907,C0015,2023-03-05,199.9
U01907,C0052,2023-07-26,21.01
U01907,C0042,2024-04-02,110.15
U01908,C0155,2023-10-10,6.49
U01908,C0013,2023-01-14,41.97
U01908,C0021,2024-05-01,162.66
U01908,C0023,2023-09-04,21.39
U01909,C0192,2024-10-29,110.96
U01909,C0026,2023-02-16,156.13
U01909,C0151,2023-04-18,176.93
U01909,C0120,2024-02-02,176.82
U01910,C0091,2024-09-23,195.55
U01910,C0176,2023-02-22,144.35
U01911,C0149,2024-10-13,93.33
U01911,C0166,2024-06-20,65.73
U01911,C0073,2024-01-09,184.25
U01912,C0020,2023-08-17,67.54
U01912,C0053,2023-06-19,141.23
U01912,C0113,2023-01-24,94.51
U01912,C0088,2023-06-20,111.62
U01913,C0114,2024-04-27,27.52
U01913,C0134,2024-04-24,119.75
U01913,C0191,2023-02-27,143.01
U01913,C0001,2024-04-24,22.39
U01914,C0110,2024-12-07,102.4
U01914,C0008,2024-09-22,94.0
U01914,C0142,2023-06-08,25.96
U01915,C0153,2024-10-10,197.57
U01915,C0195,2023-09-15,96.22
U01915,C0151,2023-05-04,107.09
U01916,C0059,2024-07-27,172.66
U01916,C0011,2023-01-08,36.41
U01916,C0115,2023-10-21,109.41
U01916,C0108,2024-11-20,144.56
U01917,C0091,2023-01-16,33.94
U01917,C0120,2023-09-21,133.83
U01917,C0129,2023-10-28,38.83
U01917,C0009,2023-05-19,42.66
U01918,C0048,2024-02-05,117.02
U01918,C0042,2024-01-29,120.49
U01918,C0032,2024-01-27,110.3
U01919,C0067,2024-02-03,160.17
U01919,C0102,2024-11-29,136.53
U01919,C0171,2023-03-09,87.39
U01919,C0121,2024-12-07,23.68
U01919,C0006,2024-08-14,169.94
U01920,C0094,2023-02-26,147.16
U01920,C0179,2024-02-21,178.93
U01920,C0192,2023-05-29,77.68
U01920,C0037,2023-01-05,96.07
U01920,C0023,2023-01-10,43.52
U01920,C0083,2024-01-08,9.28
U01921,C0167,2024-12-20,149.61
U01921,C0134,2023-04-26,124.0
U01921,C0197,2023-08-16,115.58
U01921,C0067,2023-10-23,108.37
U01921,C0041,2023-10-27,100.68
U01921,C0073,2023-08-14,4.72
U01921,C0055,2023-11-05,182.57
U01922,C0154,2023-02-17,29.47
U01922,C0020,2024-01-13,182.32
U01922,C0004,2024-01-22,95.25
U01922,C0081,2024-01-09,152.73
U01922,C0059,2024-07-17,197.83
U01923,C0104,2024-11-14,173.55
U01923,C0183,2024-09-21,172.5
U01923,C0063,2023-08-27,61.97
U01923,C0060,2023-04-03,18.69
U01924,C0031,2024-05-25,84.12
U01924,C0195,2023-06-09,98.12
U01924,C0071,2024-08-22,157.45
U01925,C0032,2023-11-25,148.89
U01925,C0082,2023-04-24,27.36
U01925,C0121,2023-03-20,181.17
U01925,C0064,2024-05-19,65.9
U01925,C0142,2023-04-11,26.8
U01925,C0087,2024-08-29,74.42
U01926,C0130,2023-09-23,30.95
U01926,C0026,2024-10-16,9.12
U01926,C0088,2024-11-18,162.42
U01926,C0093,2024-04-17,32.16
U01927,C0005,2024-01-14,154.34
U01927,C0040,2024-03-08,154.63
U01927,C0076,2024-04-24,28.27
U01927,C0075,2024-01-02,12.93
U01927,C0112,2023-04-15,5.46
U01928,C0129,2024-01-06,76.85
U01928,C0119,2023-09-27,150.94
U01928,C0032,2024-05-07,106.31
U01929,C0059,2023-03-04,43.3
U01929,C0124,2024-05-13,63.61
U01929,C0171,2023-08-22,106.02
U01929,C0186,2023-07-10,177.73
U01930,C0019,2023-11-29,141.14
U01930,C0078,2024-11-18,36.21
U01930,C0129,2023-02-21,32.4
U01931,C0067,2024-02-08,137.05
U01931,C0198,2024-02-17,196.25
U01932,C0048,2024-03-02,85.72
U01932,C0143,2023-05-20,2.06
U01932,C0133,2024-10-30,178.47
U01932,C0077,2024-11-30,41.37
U01932,C0012,2024-05-04,189.12
U01932,C0115,2024-12-24,41.31
U01933,C0187,2024-05-02,83.51
U01933,C0141,2023-05-22,71.63
U01933,C0103,2023-05-09,43.58
U01934,C0185,2023-02-23,81.29
U01934,C0130,2024-11-18,138.82
U01934,C0122,2023-09-27,103.4
U01934,C0156,2024-06-19,198.73
U01935,C0060,2023-12-09,156.03
U01935,C0046,2023-08-29,51.94
U01935,C0015,2023-12-22,157.64
U01935,C0178,2024-12-04,104.97
U01936,C0198,2024-03-04,148.44
U01936,C0038,2023-12-02,119.24
U01936,C0122,2024-04-05,85.81
U01936,C0052,2023-09-21,155.3
U01936,C0148,2023-11-18,38.37
U01937,C0083,2024-04-30,100.04
U01937,C0106,2024-04-19,99.96
U01937,C0116,2023-12-14,68.85
U01937,C0015,2023-06-12,87.27
U01938,C0181,2023-09-05,166.23
U01938,C0008,2024-06-23,51.93
U01939,C0123,2024-04-11,145.73
U01939,C0054,2023-07-04,11.93
U01939,C0104,2023-06-30,35.09
U01939,C0192,2024-10-20,29.45
U01939,C0034,2023-04-16,21.28
U01940,C0119,2024-10-28,177.4
U01940,C0095,2024-03-12,121.35
U01941,C0028,2024-09-23,176.61
U01941,C0109,2024-01-16,22.8
U01941,C0043,2023-10-02,167.43
U01941,C0015,2024-02-18,115.42
U01941,C0200,2023-08-27,6.48
U01941,C0076,2023-06-29,188.0
U01941,C0041,2024-03-11,191.07
U01942,C0150,2023-07-03,37.44
U01943,C0192,2023-09-30,36.88
U01943,C0106,2024-02-12,53.73
U01943,C0146,2023-03-21,12.11
U01943,C0141,2024-07-13,5.05
U01943,C0004,2023-03-15,90.12
U01943,C0025,2023-01-20,184.32
U01944,C0021,2023-02-10,177.63
U01944,C0103,2024-12-02,2.16
U01944,C0050,2023-02-03,58.24
U01944,C0115,2023-07-23,41.74
U01944,C0200,2024-02-28,167.03
U01945,C0072,2024-08-14,44.78
U01945,C0097,2023-04-26,172.61
U01946,C0145,2024-03-19,195.78
U01946,C0072,2024-07-22,1.07
U01946,C0114,2023-08-16,191.58
U01947,C0102,2023-11-29,52.02
U01948,C0090,2024-09-19,163.52
U01948,C0158,2024-07-17,65.01
U01949,C0057,2023-05-11,92.4
U01949,C0189,2023-06-11,198.26
U01949,C0155,2024-05-20,36.04
U01949,C0058,2023-03-31,32.01
U01950,C0100,2023-02-18,59.69
U01950,C0057,2024-07-30,163.42
U01950,C0090,2023-03-02,25.09
U01950,C0167,2024-03-16,143.71
U01951,C0166,2023-06-20,110.59
U01951,C0085,2023-11-08,71.18
U01951,C0044,2023-07-30,117.62
U01951,C0117,2023-09-29,124.69
U01952,C0096,2023-01-01,101.13
U01952,C0006,2024-07-13,86.97
U01952,C0116,2023-01-03,83.74
U01952,C0186,2024-05-22,198.74
U01953,C0006,2024-11-12,142.97
U01953,C0044,2023-04-16,113.01
U01953,C0012,2023-06-25,119.0
U01953,C0140,2023-06-19,37.23
U01953,C0003,2023-03-21,180.82
U01954,C0077,2023-09-23,108.44
U01954,C0061,2023-02-05,116.96
U01954,C0159,2023-06-27,179.75
U01954,C0009,2023-12-23,191.42
U01954,C0072,2023-09-11,41.26
U01955,C0043,2023-09-08,71.5
U01956,C0096,2024-10-29,161.07
U01957,C0016,2023-08-20,197.86
U01957,C0030,2023-10-18,65.71
U01957,C0159,2024-11-30,179.49
U01958,C0104,2024-07-21,161.71
U01958,C0149,2023-10-19,139.03
U01958,C0130,2023-08-02,124.76
U01959,C0063,2024-02-08,183.83
U01959,C0050,2024-08-29,85.35
U01959,C0042,2023-01-08,162.37
U01959,C0076,2023-01-28,69.36
U01959,C0064,2024-07-05,199.96
U01960,C0033,2023-10-04,18.09
U01960,C0069,2024-08-16,11.51
U01960,C0193,2023-12-08,150.27
U01961,C0157,2023-05-18,190.28
U01961,C0154,2023-05-01,28.53
U01961,C0158,2024-05-23,80.3
U01962,C0118,2024-08-25,74.34
U01962,C0080,2023-06-13,13.11
U01963,C0047,2024-09-01,154.97
U01964,C0024,2024-04-03,68.38
U01964,C0145,2023-04-11,117.19
U01964,C0053,2023-07-05,79.1
U01965,C0059,2024-05-08,74.48
U01965,C0026,2024-02-15,25.62
U01966,C0071,2023-06-04,133.56
U01966,C0122,2024-06-04,125.91
U01966,C0082,2024-02-13,50.37
U01967,C0037,2023-01-27,178.07
U01967,C0180,2024-03-11,24.09
U01968,C0059,2023-06-12,131.97
U01968,C0007,2024-06-29,180.48
U01968,C0002,2023-11-19,174.91
U01968,C0147,2023-10-04,12.22
U01968,C0152,2023-06-20,141.03
U01969,C0177,2023-12-06,70.93
U01969,C0059,2023-11-22,18.82
U01970,C0198,2024-08-18,127.97
U01970,C0036,2023-11-03,47.55
U01970,C0026,2023-02-20,103.48
U01971,C0152,2023-05-24,52.19
U01971,C0119,2024-09-11,194.76
U01971,C0164,2024-01-19,138.48
U01972,C0034,2024-05-28,109.05
U01972,C0040,2024-12-26,163.73
U01972,C0024,2024-10-05,159.58
U01973,C0139,2023-07-04,147.19
U01973,C0029,2023-01-08,60.5
U01973,C0152,2024-07-09,96.62
U01974,C0127,2024-10-11,76.44
U01975,C0054,2024-08-26,117.91
U01975,C0061,2024-07-25,86.0
U01975,C0194,2023-04-08,71.59
U01975,C0044,2024-09-24,188.55
U01976,C0120,2024-07-09,133.1
U01976,C0184,2024-03-19,54.99
U01977,C0086,2024-06-27,38.42
U01977,C0163,2024-07-08,34.36
U01977,C0129,2023-11-25,139.89
U01977,C0092,2024-12-28,158.75
U01977,C0189,2023-05-19,80.91
U01977,C0135,2023-06-26,3.6
U01978,C0102,2024-08-21,155.78
U01978,C0124,2024-01-07,61.03
U01978,C0033,2023-08-10,172.45
U01978,C0169,2024-10-14,174.98
U01979,C0021,2023-06-12,34.52
U01979,C0150,2023-12-25,1.72
U01979,C0101,2023-04-19,106.66
U01979,C0044,2023-12-28,145.87
U01979,C0143,2024-11-10,186.77
U01980,C0194,2023-06-26,110.49
U01980,C0077,2023-07-13,117.8
U01980,C0115,2023-09-15,176.16
U01981,C0024,2023-10-08,17.44
U01981,C0044,2024-08-06,114.68
U01981,C0042,2024-08-31,2.29
U01981,C0063,2023-01-14,121.1
U01982,C0101,2023-02-10,26.88
U01982,C0044,2024-02-13,0.05
U01982,C0178,2023-12-17,165.61
U01982,C0114,2023-02-23,192.57
U01983,C0050,2024-05-03,167.19
U01983,C0048,2024-10-24,7.87
U01983,C0018,2023-08-26,122.9
U01984,C0195,2023-03-28,114.98
U01985,C0196,2024-09-26,35.53
U01985,C0052,2023-06-14,59.58
U01985,C0138,2024-04-19,18.73
U01986,C0057,2024-06-25,28.71
U01986,C0098,2024-05-12,131.82
U01986,C0002,2023-11-25,79.99
U01986,C0178,2024-02-14,22.18
U01986,C0012,2024-12-02,149.67
U01986,C0108,2023-02-26,94.8
U01986,C0006,2024-03-22,174.06
U01987,C0056,2024-12-31,187.88
U01987,C0182,2023-01-11,2.95
U01987,C0135,2023-11-30,45.65
U01988,C0070,2023-04-03,88.94
U01988,C0109,2024-03-11,131.81
U01989,C0173,2023-01-13,128.58
U01989,C0029,2024-09-24,51.8
U01989,C0053,2024-12-30,18.63
U01989,C0051,2024-03-21,59.93
U01989,C0106,2023-07-24,143.08
U01989,C0030,2024-02-03,69.79
U01990,C0074,2024-04-20,93.97
U01990,C0030,2024-02-02,104.67
U01990,C0192,2024-05-03,190.2
U01990,C0051,2023-02-02,84.4
U01990,C0118,2024-12-10,41.69
U01990,C0046,2023-09-15,120.88
U01991,C0012,2024-03-14,161.77
U01991,C0072,2024-04-29,65.56
U01992,C0131,2023-01-21,199.6
U01992,C0141,2024-05-21,123.94
U01992,C0113,2024-08-01,37.76
U01993,C0047,2023-10-21,112.07
U01993,C0011,2024-03-31,61.53
U01993,C0044,2023-10-01,15.55
U01994,C0057,2023-12-10,159.23
U01994,C0069,2024-05-28,164.78
U01994,C0089,2024-08-09,51.11
U01994,C0110,2024-08-06,152.17
U01995,C0092,2023-10-28,154.54
U01996,C0058,2023-05-21,83.6
U01996,C0097,2024-08-04,8.29
U01996,C0195,2024-12-05,93.52
U01997,C0112,2024-12-24,53.24
U01997,C0188,2024-10-30,2.42
U01998,C0153,2023-10-02,34.88
U01998,C0087,2024-02-05,145.22
U01998,C0059,2023-08-29,64.26
U01998,C0129,2024-08-27,120.68
U01998,C0161,2023-02-03,116.31
U01998,C0081,2023-08-14,95.39
U01998,C0124,2023-03-21,52.37
U01999,C0079,2024-10-12,82.11
U01999,C0126,2023-04-07,58.72
U01999,C0166,2024-04-11,101.04
U02000,C0068,2024-01-20,16.47
U02000,C0071,2024-04-07,168.65
U02000,C0055,2023-12-26,175.69
U02000,C0118,2023-09-20,179.22
U02000,C0014,2024-04-23,26.27
U02000,C0102,2024-02-02,151.0
U02001,C0018,2023-11-01,176.45
U02001,C0095,2023-03-31,103.89
U02001,C0169,2024-06-13,149.31
U02002,C0016,2024-12-13,33.39
U02002,C0039,2023-04-23,2.22
U02002,C0116,2024-06-13,61.61
U02002,C0122,2023-02-11,139.5
U02003,C0144,2023-08-30,72.67
U02003,C0099,2024-03-14,6.65
U02003,C0006,2023-02-07,45.58
U02003,C0075,2023-09-11,88.84
U02004,C0152,2024-05-09,128.92
U02004,C0131,2024-11-12,42.2
U02004,C0063,2024-02-19,94.2
U02004,C0055,2023-05-04,109.6
U02004,C0007,2023-05-19,36.61
U02004,C0102,2023-07-07,84.13
U02005,C0122,2024-09-21,3.23
U02005,C0148,2024-06-08,90.42
U02005,C0165,2024-10-24,101.41
U02005,C0072,2023-12-03,43.61
U02005,C0199,2023-12-04,135.25
U02005,C0021,2023-02-17,77.44
U02006,C0147,2023-06-23,139.28
U02006,C0107,2024-12-11,123.58
U02006,C0053,2024-05-30,151.19
U02006,C0078,2024-02-14,4.81
U02006,C0175,2023-11-19,159.76
U02007,C0006,2024-08-07,27.61
U02007,C0172,2023-05-01,138.89
U02007,C0164,2023-03-02,52.47
U02007,C0078,2024-07-28,84.52
U02008,C0020,2024-03-29,5.95
U02008,C0140,2024-02-05,41.19
U02008,C0103,2023-03-04,152.51
U02008,C0175,2024-02-16,152.6
U02008,C0186,2024-08-14,186.19
U02009,C0004,2024-08-18,35.46
U02009,C0122,2024-06-05,167.86
U02009,C0050,2023-03-24,134.58
U02009,C0149,2024-08-03,163.28
U02010,C0126,2023-07-28,154.52
U02010,C0031,2023-08-27,92.73
U02010,C0144,2024-04-13,147.51
U02010,C0040,2023-01-07,106.78
U02010,C0108,2023-11-12,122.15
U02010,C0180,2023-06-25,81.05
U02010,C0083,2023-10-26,31.55
U02011,C0179,2024-12-04,190.74
U02011,C0152,2023-08-29,194.5
U02011,C0138,2023-03-31,134.91
U02012,C0084,2024-10-17,120.3
U02012,C0078,2023-01-20,22.59
U02012,C0176,2024-01-03,155.02
U02013,C0108,2024-09-05,35.93
U02013,C0116,2024-09-23,68.0
U02013,C0007,2024-07-05,87.84
U02013,C0098,2023-01-03,73.57
U02014,C0136,2023-10-12,131.74
U02014,C0042,2023-09-09,162.34
U02014,C0070,2024-12-15,29.34
U02014,C0060,2024-12-11,135.66
U02014,C0144,2023-03-19,93.18
U02014,C0132,2024-07-05,22.33
U02014,C0191,2024-04-27,100.4
U02014,C0199,2023-01-06,77.27
U02015,C0165,2023-08-16,135.56
U02015,C0070,2023-12-18,176.61
U02015,C0170,2024-06-24,115.98
U02016,C0014,2024-08-17,184.2
U02016,C0027,2024-11-04,28.38
U02016,C0098,2024-10-31,102.2
U02016,C0167,2023-12-03,0.29
U02016,C0065,2024-04-04,154.94
U02017,C0014,2023-06-09,82.45
U02017,C0154,2023-11-02,8.51
U02018,C0053,2024-06-14,128.12
U02018,C0008,2023-03-09,90.85
U02018,C0132,2024-02-16,30.04
U02018,C0162,2023-06-19,120.13
U02018,C0139,2024-02-29,110.05
U02018,C0009,2024-10-28,174.02
U02019,C0077,2023-01-31,132.1
U02019,C0135,2023-01-20,91.53
U02019,C0084,2024-06-12,101.53
U02020,C0087,2024-10-24,93.39
U02020,C0145,2023-10-10,17.76
U02020,C0048,2024-03-05,107.97
U02020,C0165,2024-03-09,187.41
U02021,C0185,2023-06-25,159.96
U02021,C0154,2024-02-20,78.38
U02021,C0099,2023-01-16,111.49
U02021,C0029,2024-06-27,26.69
U02022,C0160,2023-05-03,91.26
U02023,C0045,2023-09-28,56.12
U02023,C0108,2023-08-12,65.21
U02023,C0050,2024-09-01,76.3
U02023,C0173,2024-10-28,36.78
U02024,C0134,2023-01-07,16.24
U02024,C0175,2023-01-12,147.16
U02024,C0125,2023-10-30,162.1
U02025,C0037,2024-09-02,3.71
U02025,C0077,2023-04-03,187.76
U02025,C0042,2023-06-09,191.36
U02025,C0169,2024-04-14,72.85
U02025,C0096,2023-01-10,36.53
U02025,C0056,2023-09-30,113.98
U02025,C0105,2024-02-19,164.58
U02026,C0016,2024-04-04,0.15
U02026,C0064,2023-10-28,48.46
U02026,C0157,2023-11-22,26.59
U02026,C0097,2024-12-07,61.67
U02026,C0167,2023-12-27,70.97
U02026,C0195,2024-12-16,152.82
U02027,C0193,2024-06-29,163.03
U02027,C0021,2024-01-12,155.78
U02027,C0180,2023-10-13,135.93
U02028,C0103,2024-08-06,90.35
U02028,C0180,2024-05-25,49.75
U02028,C0070,2024-01-14,55.29
U02028,C0131,2024-12-30,80.01
U02028,C0140,2023-06-05,199.81
U02028,C0038,2023-05-11,46.16
U02028,C0031,2023-02-09,76.23
U02028,C0091,2024-04-19,120.86
U02029,C0136,2023-03-17,25.87
U02029,C0105,2024-08-18,62.08
U02029,C0073,2024-05-11,193.56
U02029,C0150,2024-11-13,181.02
U02030,C0013,2023-07-10,120.97
U02030,C0066,2024-02-01,36.9
U02031,C0145,2023-03-16,193.3
U02031,C0159,2024-08-05,116.68
U02031,C0033,2023-07-01,37.83
U02031,C0003,2023-12-20,75.39
U02031,C0099,2024-08-27,181.74
U02031,C0107,2024-09-07,131.46
U02031,C0102,2023-06-08,117.6
U02032,C0188,2024-07-20,146.96
U02032,C0141,2024-02-14,111.2
U02032,C0064,2024-04-20,142.02
U02032,C0056,2024-04-06,122.18
U02032,C0083,2024-01-17,183.27
U02033,C0078,2023-09-18,105.04
U02033,C0032,2023-02-20,104.65
U02033,C0064,2023-09-15,179.04
U02034,C0025,2023-07-14,195.21
U02034,C0084,2024-09-05,16.93
U02034,C0052,2023-05-10,80.49
U02034,C0155,2023-01-31,0.88
U02034,C0136,2023-03-10,57.92
U02035,C0169,2024-12-16,93.28
U02036,C0158,2023-03-10,191.32
U02036,C0186,2023-11-09,148.24
U02036,C0192,2024-11-08,45.37
U02037,C0073,2024-07-31,14.14
U02038,C0005,2024-08-11,99.14
U02038,C0053,2023-06-05,180.23
U02038,C0133,2024-07-10,94.02
U02039,C0157,2024-07-07,86.96
U02040,C0172,2023-06-13,148.46
U02040,C0099,2024-11-14,187.96
U02040,C0077,2023-05-19,59.37
U02041,C0159,2024-12-27,129.79
U02042,C0047,2023-12-11,166.33
U02042,C0060,2023-02-01,114.05
U02043,C0110,2023-09-25,111.74
U02043,C0156,2024-09-27,80.14
U02043,C0027,2024-08-05,188.03
U02043,C0160,2024-07-12,184.24
U02044,C0009,2024-04-30,131.78
U02044,C0167,2023-09-09,125.59
U02044,C0095,2023-01-03,89.71
U02044,C0103,2024-02-23,81.81
U02044,C0137,2024-06-22,86.12
U02044,C0034,2023-12-08,195.63
U02044,C0002,2023-06-06,151.54
U02044,C0022,2024-10-29,183.07
U02045,C0198,2023-09-11,159.08
U02045,C0075,2023-11-11,98.15
U02045,C0002,2023-05-04,142.16
U02045,C0080,2023-11-22,45.11
U02046,C0050,2024-11-07,123.73
U02046,C0124,2024-02-19,19.39
U02047,C0126,2023-07-21,128.47
U02047,C0127,2023-03-17,99.27
U02048,C0016,2023-07-03,193.2
U02048,C0058,2023-05-31,139.0
U02048,C0108,2024-09-28,148.84
U02048,C0023,2024-08-20,119.52
U02048,C0194,2023-03-14,118.16
U02048,C0148,2024-06-12,96.86
U02048,C0196,2023-08-04,91.92
U02048,C0170,2023-07-14,59.65
U02049,C0076,2023-10-09,169.33
U02049,C0080,2023-10-21,109.99
U02050,C0070,2024-05-20,86.25
U02051,C0137,2023-08-19,63.04
U02051,C0107,2023-03-09,184.6
U02051,C0033,2023-01-06,138.37
U02052,C0083,2024-09-14,14.26
U02052,C0020,2024-04-27,125.97
U02052,C0200,2024-12-05,111.47
U02052,C0194,2024-01-01,17.97
U02053,C0169,2023-12-22,15.69
U02053,C0043,2023-12-27,76.71
U02053,C0138,2023-09-19,7.41
U02053,C0152,2023-03-17,111.67
U02054,C0001,2023-03-22,145.78
U02054,C0089,2023-04-08,64.19
U02054,C0140,2024-04-07,52.11
U02055,C0159,2024-09-08,133.28
U02055,C0101,2024-02-12,9.38
U02055,C0172,2024-05-18,164.25
U02055,C0094,2023-01-03,10.12
U02055,C0064,2023-01-12,117.57
U02056,C0004,2023-10-10,196.94
U02056,C0184,2023-09-12,120.84
U02056,C0080,2024-12-29,109.19
U02056,C0082,2023-07-02,16.29
U02056,C0031,2024-07-06,4.83
U02056,C0139,2023-08-03,117.71
U02057,C0042,2023-02-10,47.71
U02057,C0197,2024-01-16,183.07
U02057,C0190,2024-07-11,110.94
U02058,C0072,2023-01-22,132.01
U02058,C0161,2024-06-30,108.1
U02058,C0178,2023-06-05,78.35
U02058,C0191,2023-06-11,121.62
U02059,C0098,2024-03-23,141.86
U02059,C0073,2023-07-31,173.39
U02059,C0178,2023-08-31,68.51
U02060,C0052,2024-09-11,197.09
U02060,C0015,2023-11-04,52.73
U02060,C0049,2023-01-22,100.63
U02061,C0014,2024-05-14,8.51
U02061,C0196,2024-09-11,111.68
U02061,C0197,2023-02-13,119.32
U02061,C0111,2023-02-12,195.81
U02062,C0154,2024-12-10,125.84
U02062,C0180,2023-10-16,173.13
U02062,C0158,2023-03-22,18.38
U02062,C0024,2024-11-28,171.23
U02062,C0139,2023-05-29,162.15
U02063,C0025,2023-10-10,110.71
U02063,C0086,2024-07-28,9.41
U02063,C0138,2023-06-16,160.07
U02064,C0169,2024-08-31,131.24
U02064,C0031,2023-02-03,59.05
U02064,C0029,2024-04-10,159.74
U02065,C0041,2023-08-20,120.12
U02065,C0038,2024-04-26,135.62
U02065,C0005,2024-05-02,95.48
U02065,C0081,2023-10-07,72.67
U02066,C0123,2023-02-28,172.71
U02066,C0186,2024-11-26,178.34
U02066,C0179,2023-05-21,183.71
U02067,C0021,2023-03-17,164.57
U02067,C0114,2024-08-09,67.79
U02067,C0193,2023-09-07,115.32
U02067,C0017,2024-03-07,175.28
U02067,C0075,2024-05-12,160.78
U02067,C0100,2024-02-22,26.45
U02068,C0064,2024-08-13,75.19
U02068,C0084,2023-01-03,72.66
U02068,C0180,2023-01-14,27.57
U02069,C0190,2023-01-17,25.95
U02069,C0137,2024-05-12,162.59
U02069,C0078,2024-04-04,1.19
U02070,C0133,2023-08-31,8.31
U02070,C0103,2024-02-10,47.74
U02070,C0013,2023-01-09,74.19
U02070,C0085,2023-05-13,146.19
U02070,C0014,2024-10-18,17.55
U02070,C0101,2024-10-10,85.79
U02071,C0160,2023-08-10,117.33
U02071,C0140,2024-08-29,23.65
U02071,C0151,2023-06-18,11.74
U02071,C0031,2023-08-31,127.82
U02071,C0003,2023-05-27,72.97
U02072,C0068,2023-12-14,31.62
U02073,C0118,2024-08-05,93.5
U02073,C0194,2024-09-03,73.33
U02073,C0095,2023-04-25,114.9
U02074,C0101,2024-06-30,86.08
U02074,C0011,2023-05-17,172.61
U02074,C0013,2024-04-19,69.76
U02074,C0160,2024-05-19,186.89
U02074,C0184,2024-11-08,64.34
U02075,C0162,2023-10-20,149.43
U02075,C0152,2024-09-11,56.3
U02075,C0036,2023-10-20,185.15
U02075,C0012,2023-08-19,102.76
U02075,C0082,2023-05-08,111.49
U02076,C0031,2024-02-03,69.57
U02076,C0184,2023-12-25,105.88
U02076,C0141,2023-10-18,177.26
U02076,C0153,2023-10-17,152.42
U02077,C0104,2024-09-03,158.84
U02077,C0041,2024-01-15,29.88
U02077,C0043,2024-05-20,123.31
U02078,C0180,2024-01-25,2.41
U02078,C0105,2024-02-23,20.51
U02079,C0036,2024-03-09,6.1
U02079,C0080,2023-01-11,59.27
U02079,C0139,2024-10-17,30.85
U02080,C0104,2023-07-21,70.66
U02080,C0005,2023-03-06,73.19
U02080,C0034,2024-01-09,5.43
U02081,C0051,2023-03-11,88.24
U02081,C0175,2024-11-26,145.17
U02081,C0002,2023-04-03,84.63
U02082,C0081,2024-03-26,114.42
U02082,C0109,2024-01-18,25.79
U02082,C0014,2023-09-19,60.44
U02082,C0089,2023-08-03,49.06
U02082,C0135,2023-12-01,61.52
U02083,C0015,2024-01-10,42.76
U02083,C0182,2024-11-27,162.33
U02083,C0097,2024-12-12,187.79
U02083,C0068,2024-04-23,116.7
U02084,C0118,2023-03-23,151.69
U02084,C0032,2024-06-21,127.45
U02084,C0147,2024-06-28,79.57
U02085,C0077,2024-02-02,177.03
U02085,C0184,2024-07-21,47.01
U02085,C0104,2023-11-27,142.7
U02085,C0149,2024-05-21,52.77
U02085,C0055,2024-11-17,111.91
U02085,C0110,2024-02-10,109.39
U02085,C0085,2023-01-08,74.85
U02086,C0198,2024-12-11,95.65
U02086,C0048,2024-04-30,160.26
U02086,C0063,2023-04-01,108.41
U02086,C0191,2023-09-08,171.11
U02087,C0026,2024-09-09,71.98
U02087,C0145,2024-05-15,48.38
U02087,C0048,2023-07-14,170.06
U02087,C0042,2023-05-28,138.04
U02087,C0007,2024-09-10,139.72
U02088,C0175,2024-08-02,199.66
U02088,C0035,2024-02-19,57.82
U02088,C0054,2023-02-10,37.21
U02089,C0035,2023-06-17,163.1
U02089,C0083,2024-04-16,75.21
U02089,C0062,2024-08-30,130.55
U02089,C0196,2023-09-22,33.07
U02090,C0061,2023-08-18,144.19
U02090,C0160,2023-12-13,130.34
U02090,C0182,2023-02-17,27.33
U02090,C0041,2024-12-03,36.47
U02091,C0065,2024-03-09,123.37
U02091,C0177,2023-08-22,152.23
U02091,C0001,2023-06-29,103.25
U02091,C0017,2023-10-28,27.66
U02092,C0127,2024-09-14,1.82
U02092,C0169,2024-11-19,96.65
U02092,C0019,2023-11-25,172.4
U02092,C0155,2023-12-03,168.55
U02092,C0152,2024-12-07,68.42
U02092,C0135,2024-02-03,11.52
U02092,C0039,2024-03-29,64.72
U02093,C0156,2024-07-18,191.88
U02093,C0160,2023-05-08,5.89
U02093,C0018,2024-02-07,157.72
U02093,C0052,2023-09-09,42.69
U02094,C0199,2024-03-18,198.58
U02094,C0195,2023-06-04,182.72
U02095,C0120,2024-02-29,177.34
U02095,C0056,2024-06-02,139.97
U02095,C0053,2023-02-04,190.99
U02095,C0020,2024-02-16,185.72
U02096,C0008,2024-01-06,10.47
U02096,C0114,2024-01-23,159.51
U02096,C0001,2023-12-10,122.87
U02096,C0054,2023-06-23,124.78
U02096,C0143,2023-11-08,27.05
U02097,C0187,2024-04-29,158.22
U02097,C0010,2023-11-01,145.58
U02097,C0164,2023-05-16,179.56
U02098,C0173,2024-04-29,156.3
U02098,C0166,2024-01-11,101.27
U02098,C0112,2024-03-14,90.69
U02099,C0146,2024-03-16,166.08
U02099,C0001,2023-01-15,168.55
U02100,C0104,2024-11-09,196.42
U02100,C0049,2024-10-11,169.39
U02100,C0131,2024-02-18,176.61
U02101,C0106,2024-04-03,53.45
U02101,C0187,2024-09-01,97.14
U02101,C0019,2024-08-23,41.77
U02101,C0073,2024-06-19,185.06
U02101,C0147,2024-08-24,139.8
U02102,C0125,2024-12-26,55.56
U02102,C0192,2024-09-04,157.92
U02102,C0148,2023-09-21,119.75
U02102,C0139,2024-12-24,101.22
U02103,C0190,2024-09-27,177.75
U02104,C0004,2023-08-01,28.58
U02104,C0073,2024-03-02,155.02
U02104,C0153,2024-03-22,59.32
U02104,C0180,2023-05-11,26.36
U02104,C0170,2023-08-16,195.07
U02105,C0098,2023-04-14,31.39
U02105,C0026,2024-07-15,117.14
U02105,C0034,2024-06-30,161.12
U02106,C0027,2024-09-22,57.66
U02106,C0085,2023-12-14,45.6
U02107,C0180,2023-03-16,36.49
U02108,C0190,2023-07-17,163.32
U02108,C0179,2024-06-27,140.64
U02108,C0042,2023-11-08,187.81
U02108,C0036,2023-11-04,34.52
U02109,C0164,2024-05-31,139.22
U02109,C0042,2023-03-07,169.45
U02109,C0088,2024-05-28,105.27
U02109,C0102,2023-05-12,41.01
U02109,C0184,2024-06-22,128.59
U02109,C0119,2024-10-26,96.62
U02110,C0140,2024-02-02,104.43
U02110,C0075,2024-01-29,139.51
U02110,C0018,2023-07-24,139.58
U02111,C0165,2023-11-10,93.51
U02111,C0095,2024-08-11,119.89
U02111,C0103,2023-10-05,78.28
U02112,C0084,2024-09-30,53.87
U02112,C0132,2024-02-01,38.56
U02112,C0110,2024-11-25,108.32
U02112,C0176,2023-01-04,171.26
U02112,C0114,2024-03-31,30.83
U02113,C0031,2023-03-02,114.79
U02113,C0013,2023-05-25,83.44
U02113,C0140,2024-01-29,80.16
U02114,C0108,2023-11-27,71.27
U02115,C0116,2024-02-21,190.22
U02115,C0176,2023-12-05,99.85
U02115,C0130,2024-06-19,189.4
U02116,C0193,2024-05-20,70.41
U02116,C0195,2023-06-26,50.95
U02116,C0092,2024-03-17,54.92
U02117,C0099,2024-06-20,89.28
U02118,C0107,2024-11-30,11.5
U02118,C0136,2023-03-15,82.94
U02118,C0034,2023-12-28,51.07
U02118,C0075,2023-04-20,30.78
U02119,C0078,2024-09-18,94.46
U02119,C0067,2023-10-31,0.99
U02119,C0018,2023-07-26,40.32
U02119,C0198,2024-02-21,182.43
U02119,C0132,2024-03-12,3.4
U02119,C0151,2023-08-27,167.3
U02120,C0011,2023-09-09,81.64
U02120,C0187,2023-02-16,176.38
U02120,C0017,2023-11-02,161.98
U02120,C0116,2023-10-02,30.78
U02120,C0006,2023-08-06,102.54
U02121,C0045,2023-12-07,146.26
U02121,C0012,2024-07-07,122.29
U02121,C0178,2024-07-01,44.67
U02122,C0199,2023-01-13,116.78
U02122,C0072,2024-03-19,127.59
U02122,C0192,2024-09-13,95.13
U02122,C0018,2024-05-11,173.6
U02122,C0055,2024-08-12,175.53
U02122,C0069,2023-05-19,168.14
U02122,C0172,2023-12-11,198.01
U02122,C0149,2024-07-22,53.75
U02123,C0100,2024-06-23,2.64
U02123,C0157,2023-11-22,182.87
U02123,C0070,2024-04-20,40.93
U02124,C0097,2024-06-05,194.74
U02124,C0193,2023-01-15,114.61
U02124,C0177,2024-05-25,128.04
U02124,C0126,2023-08-17,114.61
U02124,C0077,2024-11-24,3.77
U02125,C0161,2023-02-16,28.07
U02125,C0195,2024-03-18,0.22
U02125,C0141,2024-09-23,50.19
U02126,C0012,2023-04-03,70.75
U02126,C0060,2024-06-27,120.09
U02127,C0086,2024-04-24,38.24
U02127,C0134,2023-11-16,30.71
U02127,C0072,2023-08-21,19.27
U02127,C0157,2024-03-26,133.0
U02127,C0005,2024-04-27,57.14
U02128,C0093,2023-04-27,131.26
U02128,C0157,2023-03-10,102.7
U02128,C0094,2024-03-11,147.56
U02129,C0176,2023-05-13,167.82
U02129,C0134,2023-11-24,157.34
U02129,C0185,2024-06-16,174.76
U02129,C0041,2024-12-14,102.86
U02129,C0052,2023-10-11,21.2
U02129,C0001,2024-03-06,31.83
U02129,C0129,2024-10-24,153.29
U02129,C0194,2023-06-22,194.21
U02130,C0189,2024-07-15,75.35
U02130,C0165,2024-09-29,151.35
U02130,C0093,2023-06-19,91.85
U02131,C0075,2023-07-17,139.96
U02131,C0133,2024-01-29,80.57
U02131,C0054,2024-08-27,42.73
U02131,C0026,2024-10-19,182.95
U02131,C0114,2023-03-30,74.31
U02132,C0136,2023-05-31,177.27
U02132,C0196,2024-01-06,164.34
U02132,C0024,2024-07-30,62.48
U02132,C0120,2024-09-29,109.75
U02132,C0139,2023-01-24,186.71
U02132,C0129,2023-06-06,47.11
U02132,C0039,2024-04-16,144.99
U02132,C0076,2023-08-14,130.75
U02133,C0160,2024-08-16,5.39
U02133,C0129,2023-06-05,176.78
U02134,C0174,2023-02-06,141.69
U02134,C0147,2024-03-14,63.27
U02134,C0015,2023-10-07,174.58
U02135,C0161,2024-07-19,56.11
U02135,C0164,2024-04-22,196.89
U02135,C0115,2024-08-17,64.59
U02135,C0015,2023-09-23,14.12
U02135,C0172,2024-03-31,84.14
U02136,C0052,2023-03-21,197.77
U02136,C0152,2024-07-11,108.16
U02136,C0135,2024-12-02,7.96
U02137,C0054,2023-12-28,116.64
U02137,C0119,2023-11-25,98.82
U02137,C0132,2023-03-01,111.57
U02137,C0017,2023-11-06,73.92
U02138,C0196,2024-06-01,52.71
U02138,C0183,2024-06-08,88.66
U02138,C0161,2023-07-30,105.02
U02138,C0100,2023-06-09,191.9
U02138,C0043,2024-12-02,95.8
U02138,C0104,2023-03-23,30.19
U02138,C0141,2024-08-30,79.83
U02138,C0054,2023-04-22,36.08
U02139,C0171,2024-07-14,175.7
U02139,C0155,2024-07-13,19.95
U02139,C0008,2024-08-03,129.41
U02139,C0162,2024-07-06,104.6
U02139,C0086,2024-02-01,169.47
U02139,C0189,2023-04-11,102.15
U02139,C0023,2023-05-18,163.1
U02140,C0126,2023-01-08,183.08
U02141,C0195,2023-05-02,9.42
U02141,C0153,2024-08-23,26.39
U02141,C0010,2024-05-07,155.87
U02142,C0037,2023-08-25,44.78
U02142,C0100,2024-12-24,102.28
U02142,C0142,2024-03-23,132.27
U02142,C0156,2024-09-14,180.42
U02143,C0063,2023-12-02,92.05
U02143,C0183,2024-09-20,82.75
U02143,C0081,2024-06-15,156.59
U02143,C0012,2023-08-19,199.31
U02143,C0108,2023-07-15,67.66
U02143,C0126,2024-12-08,89.22
U02144,C0114,2023-06-24,167.97
U02144,C0061,2024-11-04,179.76
U02144,C0190,2023-08-12,20.03
U02144,C0026,2023-12-04,68.05
U02144,C0197,2023-02-13,136.27
U02145,C0113,2024-10-21,18.72
U02145,C0174,2024-05-04,123.57
U02145,C0009,2024-11-22,175.43
U02145,C0092,2023-08-16,103.32
U02145,C0033,2024-12-28,164.43
U02146,C0080,2024-07-04,41.85
U02146,C0095,2023-03-20,62.27
U02146,C0131,2023-11-12,177.55
U02147,C0167,2023-11-27,170.17
U02147,C0180,2023-07-23,80.12
U02147,C0027,2024-03-30,22.77
U02147,C0193,2024-10-04,150.01
U02147,C0040,2024-06-30,120.35
U02147,C0059,2023-02-08,116.56
U02147,C0166,2024-03-24,175.67
U02148,C0115,2023-08-26,127.76
U02148,C0138,2023-11-06,160.86
U02148,C0014,2024-10-04,53.4
U02148,C0037,2024-03-12,102.48
U02149,C0122,2023-01-26,183.0
U02149,C0148,2023-08-26,163.88
U02149,C0076,2024-03-09,145.13
U02150,C0077,2024-03-18,43.59
U02150,C0006,2023-05-18,122.63
U02150,C0017,2024-05-06,43.73
U02151,C0170,2024-08-19,188.98
U02151,C0054,2024-01-10,90.6
U02151,C0031,2023-06-14,120.28
U02151,C0091,2024-12-21,133.87
U02152,C0060,2024-07-26,154.8
U02152,C0027,2023-08-02,142.13
U02152,C0131,2023-05-20,112.99
U02152,C0101,2023-04-01,66.29
U02153,C0181,2024-10-19,32.74
U02153,C0170,2023-08-21,45.33
U02153,C0078,2023-11-04,18.09
U02154,C0189,2023-09-18,107.51
U02154,C0096,2024-08-20,86.57
U02154,C0018,2024-02-03,4.79
U02154,C0141,2024-04-22,182.08
U02154,C0089,2023-11-04,58.33
U02154,C0161,2024-01-29,169.31
U02155,C0100,2024-10-09,114.46
U02155,C0046,2024-07-11,56.69
U02155,C0187,2023-03-26,184.32
U02155,C0032,2024-05-13,53.55
U02155,C0089,2024-09-16,22.98
U02156,C0001,2023-01-14,189.66
U02156,C0087,2023-06-19,15.38
U02157,C0104,2024-10-23,166.83
U02157,C0145,2023-10-21,178.25
U02157,C0142,2023-04-12,45.59
U02157,C0019,2023-11-04,167.56
U02158,C0099,2024-08-27,51.03
U02158,C0179,2024-07-29,40.68
U02158,C0015,2024-05-13,162.17
U02158,C0181,2023-10-22,5.17
U02159,C0152,2023-09-05,194.22
U02159,C0185,2023-01-30,162.38
U02159,C0033,2024-03-10,192.35
U02159,C0138,2024-10-11,69.58
U02159,C0104,2023-01-31,115.03
U02159,C0074,2024-10-23,117.03
U02159,C0171,2024-12-25,163.83
U02159,C0164,2023-04-30,111.57
U02160,C0097,2024-04-15,24.62
U02160,C0116,2024-01-22,197.99
U02161,C0020,2023-11-17,149.32
U02161,C0001,2023-09-04,55.58
U02161,C0036,2023-02-02,26.89
U02162,C0033,2023-10-03,122.74
U02162,C0035,2024-07-11,7.92
U02162,C0175,2023-08-02,145.04
U02162,C0179,2024-03-09,110.75
U02162,C0057,2024-03-07,97.64
U02163,C0005,2024-09-21,14.43
U02163,C0025,2023-06-03,127.13
U02163,C0122,2023-10-10,162.85
U02163,C0116,2023-05-04,54.87
U02164,C0043,2023-08-05,49.06
U02165,C0017,2023-11-11,28.02
U02165,C0118,2024-01-21,162.71
U02165,C0078,2023-04-23,109.92
U02165,C0102,2023-09-10,97.92
U02165,C0093,2023-05-12,75.92
U02165,C0112,2023-03-10,113.52
U02166,C0092,2024-10-10,66.97
U02166,C0189,2024-08-19,151.59
U02166,C0165,2024-10-16,36.54
U02166,C0098,2024-12-02,87.73
U02166,C0157,2023-09-27,162.38
U02167,C0012,2024-07-14,64.68
U02167,C0007,2023-07-03,148.59
U02167,C0056,2023-12-09,68.66
U02168,C0054,2023-09-19,175.0
U02168,C0070,2024-02-13,96.22
U02168,C0200,2023-07-04,106.69
U02168,C0074,2024-07-02,45.74
U02168,C0175,2023-01-01,60.14
U02169,C0060,2024-01-23,146.24
U02169,C0017,2024-12-13,16.74
U02169,C0065,2024-12-04,96.44
U02169,C0093,2024-08-17,165.89
U02169,C0071,2023-06-02,71.52
U02170,C0179,2024-04-13,105.2
U02170,C0151,2024-04-22,117.93
U02171,C0017,2023-01-09,57.9
U02171,C0035,2024-08-20,64.45
U02171,C0177,2023-09-07,88.16
U02172,C0109,2023-02-23,139.67
U02172,C0025,2024-01-18,100.41
U02172,C0132,2023-03-03,19.98
U02172,C0050,2024-12-14,107.18
U02173,C0022,2023-09-14,45.77
U02173,C0080,2024-05-07,106.97
U02173,C0053,2023-06-24,126.26
U02173,C0150,2023-01-16,97.18
U02173,C0084,2024-07-15,15.52
U02173,C0024,2024-04-12,19.46
U02173,C0017,2024-09-21,134.28
U02174,C0082,2023-12-05,152.2
U02174,C0109,2023-02-24,81.31
U02174,C0078,2024-07-15,130.34
U02174,C0033,2023-01-03,28.56
U02175,C0149,2023-09-08,184.9
U02175,C0169,2023-03-15,74.46
U02175,C0051,2023-09-27,35.84
U02176,C0004,2023-07-19,10.85
U02176,C0104,2024-05-29,86.35
U02176,C0009,2023-12-10,195.36
U02176,C0014,2024-12-08,188.48
U02176,C0048,2024-12-13,3.77
U02177,C0036,2023-04-08,19.17
U02177,C0044,2023-06-07,5.46
U02177,C0074,2024-02-23,96.08
U02178,C0020,2023-11-24,147.71
U02178,C0066,2024-08-02,28.33
U02179,C0103,2023-09-13,41.16
U02179,C0109,2024-06-15,28.13
U02180,C0035,2023-02-08,6.3
U02180,C0072,2023-11-24,46.42
U02181,C0034,2024-11-01,5.51
U02181,C0048,2024-11-10,147.83
U02181,C0171,2023-02-17,170.07
U02181,C0046,2023-04-27,151.63
U02181,C0013,2023-09-20,106.84
U02181,C0096,2023-08-03,44.73
U02181,C0097,2023-04-14,38.49
U02181,C0036,2024-10-19,34.86
U02182,C0097,2023-08-08,31.66
U02182,C0030,2024-09-04,50.83
U02183,C0106,2023-08-10,60.86
U02183,C0174,2024-05-27,79.95
U02183,C0073,2023-11-02,121.88
U02183,C0086,2024-03-14,158.61
U02183,C0033,2023-06-27,52.74
U02184,C0110,2023-02-25,145.94
U02184,C0050,2024-08-20,190.15
U02184,C0069,2023-09-11,87.45
U02184,C0045,2024-04-09,127.33
U02185,C0063,2024-07-17,127.4
U02185,C0071,2024-01-05,35.47
U02185,C0170,2024-04-28,166.08
U02185,C0147,2023-12-31,80.95
U02186,C0086,2024-01-15,162.81
U02186,C0177,2024-07-30,169.41
U02186,C0046,2023-10-01,97.59
U02186,C0099,2024-02-04,192.09
U02186,C0104,2024-01-14,157.51
U02187,C0131,2023-09-30,94.55
U02187,C0016,2024-01-14,43.84
U02187,C0159,2024-02-19,169.8
U02187,C0107,2024-12-15,74.17
U02187,C0077,2023-10-23,175.63
U02187,C0027,2023-10-05,184.76
U02188,C0185,2023-08-27,67.61
U02188,C0082,2024-07-28,116.11
U02188,C0171,2024-12-06,139.94
U02189,C0196,2024-08-13,110.29
U02189,C0163,2023-12-14,149.59
U02189,C0197,2023-06-07,57.93
U02190,C0182,2023-11-01,20.65
U02190,C0194,2024-05-01,16.36
U02190,C0100,2024-10-18,91.53
U02190,C0127,2024-10-22,139.57
U02190,C0152,2024-03-04,190.18
U02190,C0039,2024-10-02,109.41
U02191,C0070,2023-10-21,82.16
U02191,C0055,2023-12-03,100.04
U02191,C0169,2024-03-15,49.27
U02192,C0106,2024-07-05,29.42
U02192,C0026,2024-08-02,94.08
U02192,C0101,2024-10-16,47.27
U02192,C0188,2024-09-15,150.41
U02193,C0169,2023-08-18,134.76
U02193,C0020,2024-05-27,16.66
U02193,C0107,2024-02-08,179.39
U02193,C0025,2024-06-11,131.16
U02193,C0091,2024-12-12,92.38
U02194,C0006,2024-05-24,161.28
U02195,C0098,2023-06-20,155.0
U02195,C0016,2023-01-05,188.6
U02195,C0121,2023-10-08,107.26
U02195,C0177,2024-03-09,162.9
U02196,C0183,2024-08-10,41.6
U02196,C0005,2023-05-15,195.84
U02196,C0143,2023-10-20,79.65
U02196,C0036,2023-07-21,118.43
U02196,C0099,2023-11-01,156.6
U02196,C0188,2024-03-28,79.37
U02196,C0071,2023-11-28,128.49
U02197,C0192,2024-12-20,59.31
U02197,C0149,2024-02-20,41.02
U02197,C0163,2023-07-15,119.57
U02197,C0043,2024-04-16,27.74
U02197,C0100,2024-08-22,172.11
U02198,C0077,2024-08-09,52.45
U02198,C0003,2024-11-11,15.98
U02198,C0056,2024-11-14,21.97
U02198,C0102,2024-10-19,82.72
U02199,C0184,2024-02-24,90.3
U02199,C0075,2024-11-19,5.11
U02199,C0146,2024-11-29,177.8
U02199,C0118,2023-08-18,43.69
U02199,C0023,2023-08-14,120.02
U02199,C0159,2023-02-03,20.98
U02200,C0044,2024-08-07,5.51
U02200,C0090,2024-02-15,155.21
U02200,C0198,2023-09-10,113.54
U02201,C0150,2023-03-25,38.94
U02201,C0009,2023-08-26,54.44
U02201,C0195,2023-10-06,43.09
U02202,C0108,2024-06-30,158.91
U02202,C0124,2023-10-16,9.12
U02202,C0169,2024-07-30,109.1
U02202,C0053,2024-12-08,53.06
U02202,C0176,2023-03-05,191.0
U02202,C0071,2024-03-20,98.72
U02203,C0019,2023-04-04,20.75
U02203,C0065,2023-01-11,195.06
U02203,C0140,2024-08-15,130.89
U02204,C0169,2023-02-18,169.68
U02204,C0022,2024-11-02,179.79
U02204,C0198,2023-06-15,178.73
U02204,C0007,2023-02-09,30.1
U02205,C0107,2023-02-03,149.6
U02205,C0031,2023-03-16,175.23
U02205,C0104,2024-09-08,7.91
U02205,C0140,2023-10-26,28.88
U02206,C0198,2024-07-20,52.23
U02206,C0052,2023-06-09,199.28
U02206,C0067,2023-08-03,63.85
U02206,C0129,2023-03-18,85.09
U02206,C0191,2024-12-13,95.61
U02206,C0085,2024-11-18,19.23
U02206,C0078,2024-08-28,19.94
U02207,C0098,2024-12-19,176.75
U02207,C0016,2024-05-22,23.2
U02207,C0021,2023-05-19,156.54
U02207,C0083,2023-04-11,116.59
U02207,C0124,2023-11-13,185.24
U02207,C0026,2023-01-17,199.27
U02208,C0119,2023-06-15,194.13
U02208,C0172,2024-06-17,111.13
U02208,C0002,2024-11-01,17.65
U02209,C0034,2024-04-15,170.22
U02209,C0137,2023-11-03,63.42
U02210,C0179,2024-05-02,169.83
U02210,C0020,2024-01-13,98.17
U02210,C0198,2023-10-29,172.04
U02210,C0156,2023-07-12,121.04
U02210,C0055,2023-09-02,110.82
U02210,C0112,2023-03-23,7.5
U02211,C0078,2024-01-24,24.42
U02211,C0158,2024-08-14,199.75
U02211,C0029,2023-06-23,49.9
U02211,C0169,2023-06-05,23.79
U02212,C0013,2023-09-01,16.48
U02212,C0020,2023-12-10,43.56
U02212,C0182,2023-02-22,82.19
U02213,C0170,2024-02-21,109.57
U02213,C0048,2023-12-19,67.43
U02213,C0100,2023-11-27,35.1
U02213,C0018,2024-11-02,99.37
U02214,C0020,2024-10-10,72.66
U02214,C0001,2024-05-13,144.13
U02214,C0036,2023-03-08,186.85
U02215,C0139,2023-10-10,104.12
U02215,C0153,2024-01-03,85.18
U02215,C0181,2024-09-11,56.47
U02215,C0158,2024-08-06,196.39
U02216,C0015,2024-08-28,198.08
U02216,C0008,2024-12-18,146.09
U02216,C0095,2024-03-19,90.28
U02216,C0028,2024-11-10,183.4
U02217,C0094,2023-10-31,177.3
U02217,C0200,2023-07-08,89.65
U02217,C0130,2023-03-30,91.14
U02218,C0035,2024-01-06,81.02
U02218,C0195,2023-01-27,51.8
U02218,C0168,2023-01-09,95.28
U02219,C0022,2023-04-24,167.77
U02219,C0076,2023-01-06,197.37
U02219,C0168,2024-01-23,101.85
U02219,C0071,2024-03-07,172.23
U02220,C0180,2023-04-16,175.39
U02220,C0132,2023-01-04,193.68
U02220,C0114,2024-02-26,81.84
U02221,C0173,2024-05-12,27.12
U02221,C0070,2023-05-25,1.54
U02221,C0195,2024-02-22,33.7
U02221,C0026,2024-05-28,144.02
U02222,C0169,2023-05-24,45.87
U02222,C0042,2024-07-19,29.62
U02223,C0040,2023-01-14,107.21
U02223,C0073,2024-04-27,65.35
U02224,C0050,2024-09-12,118.21
U02224,C0092,2023-11-01,6.39
U02225,C0010,2024-07-21,53.6
U02225,C0186,2024-09-11,160.51
U02225,C0193,2023-08-22,74.61
U02226,C0181,2023-01-31,165.21
U02226,C0030,2023-11-18,38.85
U02226,C0064,2024-03-29,185.53
U02226,C0089,2023-06-18,153.23
U02226,C0171,2024-06-27,118.41
U02227,C0002,2024-11-11,71.88
U02227,C0112,2024-05-16,111.3
U02227,C0075,2023-02-11,119.76
U02227,C0031,2024-04-20,104.84
U02227,C0164,2023-01-30,25.53
U02227,C0180,2024-07-07,3.44
U02228,C0077,2024-09-28,57.54
U02228,C0027,2024-12-30,188.64
U02229,C0020,2023-05-10,157.33
U02229,C0157,2024-06-06,152.19
U02229,C0086,2023-04-08,185.97
U02230,C0121,2024-04-10,57.57
U02230,C0143,2024-10-05,25.78
U02230,C0105,2023-02-07,35.06
U02231,C0173,2023-01-24,77.11
U02231,C0143,2023-12-19,99.54
U02231,C0157,2024-07-26,128.5
U02231,C0058,2023-01-26,134.74
U02232,C0143,2023-04-29,133.53
U02232,C0150,2023-04-10,44.38
U02232,C0198,2024-11-07,124.11
U02233,C0114,2024-08-12,2.75
U02233,C0065,2023-12-06,110.51
U02233,C0062,2023-12-19,182.99
U02233,C0185,2024-01-17,118.47
U02233,C0104,2023-11-10,139.57
U02233,C0153,2023-01-22,108.95
U02234,C0148,2024-03-05,120.55
U02234,C0189,2024-03-16,113.29
U02234,C0001,2023-02-20,137.89
U02235,C0040,2024-07-10,85.83
U02235,C0134,2024-01-22,13.34
U02235,C0156,2023-02-19,77.7
U02236,C0062,2023-10-07,74.25
U02236,C0060,2023-02-14,16.6
U02236,C0116,2023-11-22,28.78
U02237,C0058,2024-07-27,13.82
U02237,C0108,2024-08-24,179.78
U02237,C0170,2023-03-01,28.0
U02238,C0006,2023-07-19,95.78
U02238,C0132,2024-02-13,123.19
U02238,C0072,2023-06-14,128.03
U02239,C0076,2024-05-25,171.94
U02239,C0069,2023-07-04,64.62
U02239,C0078,2023-01-10,106.3
U02239,C0118,2024-11-22,36.84
U02239,C0199,2023-05-25,180.19
U02240,C0078,2023-01-05,153.36
U02240,C0132,2023-10-08,16.0
U02241,C0079,2023-09-10,188.46
U02241,C0029,2024-02-12,120.07
U02241,C0185,2023-12-02,106.92
U02241,C0085,2023-11-19,91.71
U02241,C0088,2024-08-21,185.63
U02242,C0128,2023-01-16,32.43
U02242,C0145,2023-06-18,73.78
U02242,C0097,2023-03-04,47.83
U02243,C0057,2024-11-22,119.96
U02243,C0169,2024-01-03,36.26
U02243,C0037,2023-08-16,169.66
U02243,C0159,2023-11-26,128.01
U02243,C0087,2023-05-23,105.07
U02244,C0072,2024-09-11,87.02
U02244,C0006,2023-07-08,180.96
U02244,C0036,2024-12-07,123.45
U02245,C0041,2024-05-12,59.1
U02245,C0026,2023-06-10,120.05
U02246,C0007,2024-07-08,185.52
U02246,C0078,2023-07-01,181.03
U02246,C0023,2024-01-03,136.9
U02246,C0105,2024-08-27,35.22
U02246,C0119,2024-02-20,76.49
U02247,C0002,2023-05-10,163.88
U02247,C0102,2023-02-03,194.24
U02247,C0057,2023-05-05,167.8
U02248,C0129,2024-01-02,1.52
U02248,C0012,2023-06-04,9.02
U02248,C0078,2023-04-08,134.28
U02248,C0137,2023-02-19,21.25
U02249,C0063,2024-09-25,45.14
U02249,C0055,2024-09-10,97.44
U02249,C0096,2024-09-10,12.36
U02250,C0006,2024-12-26,116.35
U02250,C0048,2023-12-16,86.06
U02251,C0048,2024-11-24,56.15
U02251,C0088,2024-05-19,12.8
U02251,C0097,2024-01-13,70.78
U02252,C0001,2024-09-28,162.38
U02252,C0187,2023-05-27,45.38
U02252,C0116,2023-10-20,158.78
U02252,C0149,2023-12-19,145.39
U02253,C0035,2024-04-21,183.21
U02253,C0191,2024-07-01,153.68
U02253,C0060,2023-10-19,66.3
U02253,C0022,2023-10-24,88.22
U02253,C0099,2023-10-22,167.57
U02253,C0167,2024-03-30,2.57
U02253,C0161,2023-05-02,122.99
U02253,C0120,2023-12-28,39.16
U02254,C0027,2024-05-25,85.58
U02254,C0021,2024-03-06,142.3
U02254,C0172,2023-12-15,11.68
U02254,C0116,2023-07-01,131.77
U02255,C0195,2023-01-28,156.75
U02255,C0108,2023-06-13,110.75
U02255,C0018,2024-12-18,129.6
U02255,C0033,2024-05-03,109.49
U02256,C0019,2023-03-03,31.18
U02256,C0185,2023-09-09,13.85
U02256,C0160,2023-04-27,78.16
U02257,C0175,2024-10-06,165.18
U02257,C0114,2024-10-09,85.52
U02257,C0007,2023-12-10,49.21
U02257,C0099,2023-06-04,39.68
U02258,C0139,2023-03-15,173.8
U02258,C0092,2024-01-23,163.75
U02258,C0150,2024-06-13,144.09
U02258,C0040,2024-10-24,102.53
U02259,C0128,2023-06-05,121.25
U02259,C0022,2023-07-17,4.31
U02259,C0074,2023-01-30,187.79
U02260,C0087,2024-08-06,150.47
U02260,C0198,2024-08-01,181.57
U02260,C0063,2023-06-02,174.74
U02261,C0019,2023-12-19,119.89
U02261,C0054,2024-10-03,100.44
U02261,C0037,2024-01-25,76.0
U02261,C0067,2023-08-02,25.36
U02261,C0112,2024-05-05,150.99
U02262,C0067,2024-07-21,40.34
U02262,C0027,2024-11-30,99.39
U02262,C0126,2023-12-17,114.02
U02262,C0169,2023-12-16,179.1
U02263,C0036,2024-11-14,174.16
U02263,C0011,2024-02-02,160.77
U02263,C0025,2023-06-17,140.07
U02263,C0026,2024-02-07,58.57
U02263,C0200,2024-03-17,89.02
U02263,C0071,2023-08-14,174.3
U02264,C0037,2023-10-14,63.18
U02264,C0125,2023-12-20,44.12
U02264,C0047,2023-09-12,97.8
U02265,C0173,2024-09-20,93.85
U02265,C0101,2024-02-25,52.04
U02265,C0081,2024-03-27,102.26
U02265,C0193,2024-08-25,85.17
U02265,C0099,2023-06-18,55.74
U02266,C0074,2023-11-11,81.36
U02266,C0182,2023-05-22,62.98
U02266,C0095,2024-02-28,115.72
U02266,C0031,2024-08-04,83.76
U02266,C0006,2024-01-28,106.77
U02267,C0029,2023-02-25,173.27
U02267,C0037,2023-05-10,150.14
U02267,C0173,2024-03-03,142.19
U02268,C0060,2023-11-24,140.43
U02268,C0190,2024-09-20,88.17
U02269,C0066,2023-05-15,115.11
U02269,C0176,2023-11-05,87.42
U02269,C0069,2024-11-03,74.25
U02269,C0036,2023-01-05,37.21
U02269,C0019,2023-07-20,58.54
U02270,C0141,2024-12-16,1.25
U02270,C0177,2023-12-20,194.49
U02270,C0180,2024-08-03,92.73
U02270,C0172,2023-05-21,74.72
U02271,C0075,2023-07-28,46.04
U02271,C0179,2024-09-17,105.94
U02271,C0168,2023-04-06,58.52
U02271,C0014,2024-07-22,136.13
U02271,C0118,2023-05-28,154.83
U02271,C0007,2023-07-17,88.94
U02272,C0040,2024-12-21,53.95
U02272,C0178,2023-03-07,143.55
U02272,C0015,2024-02-09,97.65
U02272,C0146,2024-03-31,2.35
U02272,C0179,2023-07-21,81.4
U02273,C0036,2023-07-25,0.87
U02273,C0134,2023-03-10,197.69
U02273,C0110,2023-06-05,5.41
U02274,C0013,2023-05-10,77.54
U02274,C0185,2023-09-17,154.65
U02274,C0174,2024-07-10,40.71
U02274,C0133,2023-08-06,84.57
U02274,C0075,2024-04-07,135.14
U02274,C0129,2024-01-26,4.59
U02274,C0069,2024-06-05,33.28
U02275,C0139,2024-12-15,41.37
U02275,C0155,2023-01-09,170.36
U02275,C0104,2024-10-17,135.44
U02275,C0128,2024-09-13,183.47
U02275,C0186,2024-03-21,175.34
U02275,C0190,2024-09-05,26.62
U02275,C0164,2024-07-29,197.07
U02275,C0022,2024-03-05,55.99
U02276,C0014,2024-09-28,73.92
U02276,C0030,2023-04-06,181.62
U02276,C0049,2023-08-09,74.84
U02276,C0038,2024-10-30,193.82
U02276,C0067,2023-01-01,15.49
U02277,C0075,2024-12-08,178.92
U02277,C0101,2024-10-19,12.0
U02277,C0029,2023-02-19,43.35
U02277,C0122,2024-06-20,146.75
U02277,C0089,2024-08-13,127.78
U02277,C0136,2023-02-06,57.17
U02278,C0016,2023-03-07,69.71
U02278,C0073,2024-01-30,178.72
U02278,C0070,2023-12-15,15.17
U02278,C0062,2023-08-07,166.73
U02279,C0163,2023-04-16,54.89
U02279,C0168,2024-10-23,43.45
U02280,C0082,2023-02-21,39.42
U02280,C0091,2024-10-01,127.83
U02280,C0130,2023-04-16,184.43
U02281,C0082,2023-04-23,97.41
U02281,C0098,2024-04-06,109.78
U02281,C0073,2023-02-06,18.24
U02281,C0115,2024-09-14,7.44
U02282,C0169,2024-07-26,129.17
U02282,C0027,2023-07-29,96.75
U02282,C0104,2023-04-16,87.19
U02282,C0156,2023-04-20,73.16
U02282,C0135,2024-02-03,84.86
U02282,C0178,2024-06-13,195.55
U02283,C0146,2024-04-26,165.32
U02283,C0147,2024-01-30,87.71
U02284,C0183,2023-07-23,31.97
U02284,C0134,2023-03-09,95.3
U02284,C0052,2023-02-12,143.88
U02284,C0170,2023-01-29,66.57
U02285,C0054,2024-08-25,69.56
U02285,C0096,2023-12-02,87.95
U02285,C0049,2023-06-03,109.09
U02285,C0066,2023-09-10,72.95
U02285,C0092,2023-09-03,197.48
U02285,C0165,2024-08-15,131.23
U02285,C0139,2024-06-05,32.62
U02285,C0018,2023-06-13,77.58
U02286,C0025,2024-05-08,67.03
U02286,C0120,2023-02-14,13.31
U02286,C0199,2023-12-05,107.89
U02286,C0180,2023-10-02,185.81
U02287,C0125,2023-01-05,162.96
U02287,C0155,2023-07-27,1.29
U02287,C0054,2024-06-11,68.19
U02288,C0119,2024-05-05,150.79
U02288,C0046,2024-03-16,118.51
U02289,C0057,2024-01-15,162.2
U02289,C0066,2024-12-28,12.25
U02289,C0082,2023-11-24,25.16
U02289,C0018,2024-06-14,74.12
U02289,C0164,2023-11-04,85.29
U02290,C0002,2023-05-09,177.2
U02290,C0140,2023-01-09,127.78
U02290,C0120,2023-08-18,111.11
U02290,C0049,2023-06-20,190.03
U02290,C0138,2024-05-01,93.83
U02290,C0145,2023-04-29,24.17
U02290,C0121,2024-05-28,58.5
U02291,C0178,2024-10-30,100.79
U02291,C0188,2024-02-04,39.68
U02291,C0124,2024-09-09,12.3
U02292,C0022,2023-02-19,165.46
U02292,C0038,2023-10-13,28.16
U02292,C0019,2023-10-30,135.03
U02293,C0174,2024-11-05,96.69
U02293,C0014,2024-12-09,132.44
U02293,C0090,2024-04-25,18.79
U02293,C0190,2024-09-25,166.84
U02294,C0110,2024-10-08,94.95
U02294,C0031,2024-01-21,72.95
U02294,C0174,2024-09-16,86.9
U02294,C0149,2024-02-13,80.53
U02294,C0150,2024-04-11,81.34
U02295,C0157,2024-11-28,75.53
U02296,C0050,2024-12-31,73.33
U02296,C0074,2023-06-15,187.23
U02296,C0200,2023-10-16,189.0
U02296,C0069,2024-11-21,75.97
U02296,C0005,2024-12-30,72.91
U02296,C0158,2024-04-14,124.83
U02297,C0047,2023-09-07,196.81
U02297,C0033,2024-12-21,2.66
U02297,C0023,2023-01-22,72.37
U02297,C0149,2023-10-19,95.65
U02297,C0020,2023-09-07,84.27
U02297,C0195,2023-04-27,66.91
U02297,C0067,2024-10-17,117.35
U02298,C0085,2024-12-19,19.24
U02298,C0010,2023-03-12,79.39
U02299,C0039,2023-02-03,26.91
U02299,C0108,2023-12-24,112.11
U02299,C0003,2023-08-02,133.88
U02299,C0008,2024-04-24,181.95
U02299,C0130,2024-09-04,91.14
U02300,C0053,2024-06-03,100.08
U02300,C0057,2023-07-31,71.63
U02300,C0082,2023-04-02,120.02
U02300,C0074,2023-04-21,56.74
U02301,C0146,2024-01-29,48.49
U02301,C0024,2024-12-28,101.07
U02301,C0065,2024-02-28,196.99
U02302,C0073,2023-06-09,4.59
U02302,C0174,2023-08-01,18.32
U02302,C0062,2024-05-21,138.53
U02303,C0105,2024-06-14,28.4
U02303,C0109,2024-02-07,107.75
U02303,C0094,2023-09-28,171.66
U02303,C0038,2024-08-29,180.33
U02303,C0200,2024-05-25,133.96
U02304,C0011,2024-11-22,131.57
U02304,C0009,2023-01-22,109.22
U02304,C0177,2024-11-11,9.93
U02305,C0192,2023-11-24,17.2
U02305,C0097,2023-01-25,111.9
U02305,C0005,2023-12-13,55.96
U02306,C0127,2023-02-28,175.82
U02306,C0030,2024-12-13,145.1
U02306,C0103,2023-08-29,64.05
U02306,C0167,2024-03-06,169.0
U02306,C0052,2023-08-11,76.28
U02307,C0052,2023-02-08,117.87
U02307,C0004,2024-06-22,164.15
U02307,C0023,2024-08-25,46.96
U02307,C0015,2024-07-20,88.67
U02307,C0185,2023-04-27,145.42
U02308,C0080,2024-10-21,196.48
U02308,C0137,2023-08-25,67.18
U02308,C0012,2023-10-13,12.89
U02308,C0045,2024-07-10,176.16
U02308,C0135,2024-09-06,151.2
U02309,C0013,2023-02-20,184.69
U02309,C0160,2024-12-24,44.13
U02309,C0190,2024-03-30,83.43
U02309,C0059,2023-04-01,48.49
U02310,C0044,2023-01-26,102.37
U02310,C0137,2023-03-26,28.07
U02310,C0165,2023-05-21,134.88
U02311,C0018,2024-08-08,60.62
U02311,C0090,2024-04-14,178.83
U02311,C0195,2023-09-20,153.82
U02312,C0089,2023-02-07,195.9
U02312,C0184,2024-11-28,109.7
U02312,C0057,2023-08-06,134.87
U02312,C0019,2023-09-08,1.67
U02312,C0023,2024-09-19,86.53
U02313,C0155,2023-04-07,111.54
U02313,C0115,2023-05-08,149.4
U02313,C0159,2023-05-24,133.45
U02313,C0129,2024-09-12,46.56
U02313,C0075,2024-02-22,146.69
U02313,C0036,2023-12-31,129.53
U02314,C0027,2024-12-07,173.35
U02314,C0104,2024-06-05,99.05
U02314,C0125,2024-02-12,173.95
U02314,C0110,2023-05-09,131.64
U02314,C0123,2024-07-09,162.1
U02315,C0061,2024-06-22,181.21
U02315,C0111,2024-11-13,71.51
U02315,C0140,2023-03-31,145.74
U02316,C0199,2024-04-15,184.86
U02316,C0164,2023-06-26,118.42
U02316,C0042,2023-07-08,85.02
U02317,C0132,2024-08-06,139.85
U02317,C0177,2023-07-19,89.51
U02317,C0003,2024-02-11,17.13
U02318,C0084,2024-07-17,183.36
U02318,C0044,2024-09-08,135.2
U02318,C0048,2024-07-04,193.49
U02319,C0075,2024-08-17,116.75
U02320,C0145,2023-12-16,124.5
U02320,C0138,2024-05-06,92.97
U02320,C0028,2024-03-20,64.54
U02320,C0035,2024-09-09,167.19
U02320,C0083,2024-01-25,59.28
U02321,C0049,2024-06-28,4.93
U02321,C0143,2023-01-31,184.86
U02321,C0095,2024-12-28,188.24
U02321,C0190,2023-10-25,24.96
U02322,C0200,2024-05-09,110.29
U02322,C0100,2023-07-12,114.33
U02322,C0085,2023-05-23,118.05
U02323,C0091,2024-10-25,22.83
U02323,C0102,2023-11-12,105.12
U02323,C0090,2023-02-10,11.22
U02323,C0024,2024-10-29,72.21
U02323,C0137,2023-02-14,0.87
U02323,C0113,2024-09-09,36.73
U02323,C0021,2023-10-04,118.87
U02324,C0134,2023-12-24,127.89
U02324,C0115,2023-02-20,125.29
U02324,C0144,2024-10-19,3.33
U02324,C0126,2023-05-25,117.93
U02325,C0027,2023-06-03,67.98
U02326,C0165,2024-06-03,78.29
U02327,C0127,2023-01-24,80.3
U02327,C0071,2024-10-20,120.15
U02327,C0044,2023-06-02,199.09
U02327,C0147,2023-06-15,45.41
U02328,C0155,2023-05-02,126.8
U02328,C0054,2023-01-17,76.89
U02329,C0004,2023-09-25,157.1
U02329,C0128,2024-01-30,130.24
U02329,C0164,2024-03-09,27.78
U02329,C0051,2024-12-19,160.99
U02329,C0006,2024-04-07,72.7
U02329,C0035,2024-04-25,189.04
U02330,C0074,2024-12-07,18.4
U02330,C0007,2024-10-19,152.53
U02330,C0179,2023-11-09,78.21
U02330,C0084,2024-11-10,192.21
U02330,C0127,2024-01-12,180.26
U02331,C0127,2024-01-25,108.55
U02331,C0066,2024-05-19,157.8
U02331,C0013,2024-01-06,129.19
U02331,C0185,2023-09-17,187.95
U02332,C0085,2023-10-15,76.16
U02332,C0186,2024-03-15,179.26
U02332,C0017,2024-07-03,132.53
U02333,C0132,2023-10-02,101.34
U02333,C0051,2023-10-31,112.31
U02333,C0171,2023-08-23,132.27
U02334,C0168,2024-05-21,43.17
U02334,C0141,2024-02-06,165.97
U02334,C0110,2024-06-14,62.64
U02334,C0162,2023-06-07,5.86
U02334,C0041,2024-11-09,162.28
U02334,C0107,2024-04-29,72.98
U02335,C0131,2023-06-12,154.63
U02335,C0156,2024-10-28,81.7
U02335,C0075,2024-09-16,112.17
U02335,C0063,2024-11-03,165.82
U02336,C0063,2024-09-03,138.1
U02336,C0187,2024-07-02,6.33
U02336,C0111,2023-01-25,152.63
U02337,C0082,2024-09-02,34.97
U02337,C0016,2023-10-03,80.18
U02337,C0093,2023-06-19,146.56
U02337,C0185,2023-01-09,10.23
U02337,C0009,2023-07-21,56.07
U02338,C0195,2024-04-23,89.37
U02338,C0155,2024-05-16,181.4
U02338,C0051,2024-08-27,62.95
U02338,C0146,2024-10-12,157.69
U02338,C0012,2023-12-20,133.39
U02338,C0179,2024-12-03,0.96
U02339,C0008,2023-12-10,111.82
U02339,C0017,2023-12-26,21.99
U02339,C0108,2023-02-09,135.32
U02339,C0036,2024-12-06,139.44
U02340,C0088,2023-01-24,131.59
U02341,C0025,2024-04-20,119.33
U02341,C0080,2024-12-01,137.33
U02341,C0054,2024-12-01,46.51
U02341,C0088,2023-08-18,150.12
U02341,C0059,2024-09-27,171.69
U02341,C0017,2023-12-05,37.62
U02341,C0036,2023-04-13,22.34
U02342,C0091,2023-10-09,198.75
U02342,C0148,2023-06-20,80.22
U02342,C0008,2023-07-09,176.98
U02343,C0039,2023-07-07,161.22
U02343,C0142,2023-12-19,22.2
U02343,C0112,2023-02-22,104.71
U02343,C0173,2024-05-22,44.69
U02343,C0098,2023-07-17,110.8
U02344,C0090,2023-09-23,126.38
U02344,C0075,2024-03-17,195.36
U02344,C0088,2024-09-10,164.76
U02344,C0021,2024-10-02,16.16
U02345,C0025,2024-11-12,180.38
U02345,C0021,2023-11-08,68.8
U02345,C0123,2024-01-02,62.53
U02346,C0177,2024-03-03,27.14
U02346,C0117,2023-07-10,108.76
U02346,C0179,2023-04-21,83.15
U02346,C0009,2023-07-24,49.49
U02347,C0025,2024-11-14,63.49
U02347,C0036,2024-05-02,74.91
U02347,C0023,2024-03-09,143.83
U02348,C0192,2023-04-14,34.76
U02348,C0043,2024-03-10,5.75
U02348,C0195,2023-09-21,105.14
U02348,C0109,2024-06-07,195.14
U02348,C0066,2024-11-01,88.42
U02349,C0151,2023-03-02,84.78
U02349,C0160,2023-08-28,16.77
U02350,C0062,2023-12-11,189.96
U02350,C0006,2024-03-22,148.95
U02350,C0061,2023-03-02,62.15
U02350,C0159,2023-02-03,142.46
U02350,C0154,2024-09-22,164.3
U02351,C0033,2024-03-04,88.14
U02351,C0174,2024-11-23,160.77
U02351,C0181,2023-06-27,190.45
U02351,C0186,2023-08-09,56.08
U02352,C0199,2024-06-27,191.45
U02352,C0136,2023-11-12,100.42
U02352,C0143,2023-04-03,131.51
U02353,C0015,2023-09-06,80.15
U02353,C0038,2024-01-11,9.24
U02353,C0095,2024-11-26,28.95
U02353,C0156,2023-06-29,157.09
U02354,C0064,2024-04-27,72.36
U02354,C0066,2024-01-15,88.31
U02354,C0034,2024-04-22,36.96
U02355,C0029,2024-08-27,4.86
U02355,C0184,2023-10-20,125.74
U02355,C0085,2023-07-18,179.06
U02355,C0075,2024-06-17,170.17
U02356,C0077,2024-09-21,74.5
U02356,C0064,2023-03-28,177.32
U02356,C0112,2024-12-03,130.63
U02357,C0150,2024-05-10,23.74
U02357,C0124,2024-10-19,21.44
U02358,C0038,2024-11-30,116.91
U02359,C0120,2023-08-07,171.45
U02359,C0155,2024-06-05,22.31
U02359,C0033,2024-03-13,28.25
U02359,C0100,2024-09-21,16.68
U02359,C0087,2023-02-24,146.23
U02359,C0017,2024-05-15,45.72
U02359,C0116,2024-09-25,31.12
U02360,C0141,2024-02-11,113.44
U02360,C0064,2023-03-19,157.37
U02361,C0174,2024-05-10,22.78
U02361,C0118,2023-01-28,71.8
U02361,C0112,2024-08-01,102.77
U02362,C0001,2023-12-21,170.09
U02362,C0114,2024-09-25,168.1
U02362,C0165,2023-03-24,74.63
U02362,C0075,2023-07-21,11.3
U02363,C0014,2023-01-07,26.19
U02363,C0003,2024-10-23,75.46
U02363,C0046,2024-06-17,48.81
U02364,C0157,2023-11-14,127.59
U02364,C0009,2023-02-26,34.02
U02364,C0055,2023-11-20,100.6
U02364,C0191,2024-04-08,152.25
U02365,C0167,2023-02-18,54.44
U02366,C0185,2024-12-02,137.95
U02366,C0053,2024-11-26,69.6
U02366,C0070,2024-10-02,13.76
U02366,C0105,2024-12-29,144.72
U02367,C0109,2023-04-09,8.93
U02367,C0139,2023-09-07,166.02
U02367,C0130,2024-11-11,26.43
U02368,C0013,2023-11-18,20.03
U02368,C0193,2023-09-08,56.16
U02369,C0140,2023-06-13,29.78
U02369,C0080,2023-04-11,47.0
U02370,C0044,2023-02-02,154.19
U02370,C0093,2023-07-21,137.03
U02370,C0061,2023-03-20,176.3
U02370,C0045,2024-11-19,77.35
U02371,C0200,2024-02-25,44.45
U02371,C0164,2023-01-10,47.51
U02372,C0171,2024-12-19,95.78
U02372,C0175,2023-09-09,147.66
U02372,C0023,2024-09-06,2.53
U02372,C0167,2024-06-06,118.5
U02373,C0125,2023-07-08,9.23
U02373,C0110,2023-01-24,70.72
U02373,C0124,2023-03-24,51.4
U02374,C0200,2023-04-27,86.74
U02374,C0013,2023-10-03,112.13
U02374,C0122,2023-01-29,158.89
U02374,C0003,2024-11-18,106.63
U02374,C0117,2024-09-13,64.13
U02375,C0118,2024-06-25,74.26
U02375,C0002,2023-04-23,176.43
U02376,C0021,2023-11-08,72.36
U02376,C0160,2024-01-08,84.06
U02376,C0068,2024-04-28,28.35
U02376,C0165,2024-02-09,68.82
U02377,C0030,2024-04-09,85.56
U02377,C0154,2023-03-22,47.27
U02377,C0048,2024-04-01,146.87
U02378,C0177,2023-05-25,169.29
U02378,C0194,2023-09-04,116.93
U02378,C0173,2024-02-15,21.31
U02378,C0129,2024-02-16,152.98
U02378,C0107,2024-01-26,184.73
U02379,C0057,2024-01-08,98.88
U02379,C0007,2024-04-14,19.69
U02379,C0096,2024-07-11,169.21
U02380,C0192,2023-05-24,43.48
U02380,C0074,2024-11-02,185.53
U02380,C0012,2023-10-23,133.44
U02380,C0043,2023-03-12,60.39
U02381,C0098,2023-08-12,0.17
U02381,C0046,2024-11-27,22.09
U02381,C0127,2024-04-13,83.22
U02381,C0109,2023-04-10,136.84
U02381,C0053,2023-06-28,125.24
U02382,C0048,2024-06-07,45.35
U02382,C0076,2024-09-07,79.36
U02383,C0108,2024-05-05,5.44
U02383,C0054,2023-09-14,77.66
U02383,C0107,2024-01-22,107.73
U02383,C0068,2024-08-01,77.5
U02384,C0124,2024-07-18,111.75
U02384,C0006,2023-08-25,0.6
U02384,C0056,2023-10-12,108.26
U02384,C0097,2024-05-13,136.58
U02385,C0059,2023-12-19,115.33
U02385,C0103,2023-07-05,149.36
U02385,C0187,2023-05-29,155.89
U02385,C0177,2024-12-24,197.57
U02385,C0021,2024-08-31,22.72
U02385,C0196,2024-10-21,33.53
U02386,C0099,2023-09-28,9.98
U02386,C0085,2024-12-03,29.03
U02386,C0154,2023-04-07,16.39
U02386,C0058,2024-04-07,34.07
U02386,C0072,2024-06-09,31.38
U02386,C0017,2024-05-06,24.82
U02386,C0012,2023-07-17,4.08
U02387,C0115,2024-02-15,130.4
U02387,C0179,2024-05-06,66.93
U02387,C0150,2024-04-03,105.16
U02387,C0198,2024-06-17,131.23
U02388,C0123,2024-10-01,120.05
U02388,C0073,2023-11-20,32.25
U02388,C0149,2023-05-19,21.29
U02388,C0158,2023-05-08,22.08
U02388,C0115,2024-07-13,170.73
U02389,C0107,2024-07-20,123.96
U02389,C0092,2024-11-09,20.4
U02389,C0133,2023-01-10,86.53
U02389,C0189,2024-05-19,42.25
U02389,C0025,2024-12-02,170.83
U02390,C0081,2024-09-02,92.2
U02390,C0105,2024-01-11,166.56
U02390,C0063,2024-04-04,163.6
U02390,C0025,2024-02-29,20.67
U02390,C0052,2024-09-03,61.02
U02390,C0044,2024-02-25,43.58
U02391,C0130,2024-12-07,142.11
U02391,C0019,2024-10-25,116.15
U02391,C0023,2024-08-22,10.71
U02391,C0147,2024-06-27,195.61
U02391,C0055,2023-06-20,139.54
U02391,C0135,2023-04-27,152.72
U02392,C0004,2024-05-20,69.61
U02392,C0128,2024-11-30,139.12
U02392,C0020,2023-04-28,77.8
U02392,C0110,2024-12-08,38.89
U02393,C0062,2023-10-02,115.68
U02393,C0020,2023-02-16,62.09
U02393,C0121,2024-09-08,166.96
U02393,C0158,2023-09-06,95.24
U02393,C0135,2023-06-17,120.28
U02393,C0085,2023-10-30,74.31
U02394,C0129,2023-08-29,136.02
U02394,C0058,2024-08-23,109.63
U02394,C0088,2023-05-07,30.63
U02394,C0178,2023-10-13,199.84
U02394,C0108,2023-08-12,120.75
U02395,C0083,2023-12-17,21.17
U02395,C0199,2023-10-06,13.95
U02396,C0190,2023-03-10,125.87
U02396,C0048,2023-09-18,166.41
U02396,C0083,2024-03-07,179.61
U02396,C0143,2023-04-19,163.78
U02397,C0181,2023-08-27,114.29
U02397,C0049,2023-09-25,71.6
U02397,C0104,2023-04-11,164.96
U02397,C0010,2024-07-22,50.34
U02397,C0032,2023-08-28,18.76
U02397,C0179,2024-02-03,43.53
U02397,C0139,2023-02-23,120.62
U02397,C0102,2023-01-09,178.95
U02398,C0154,2023-12-12,155.03
U02398,C0103,2024-09-28,9.23
U02398,C0134,2024-08-24,85.73
U02398,C0170,2024-11-08,61.17
U02398,C0189,2024-08-16,107.68
U02399,C0072,2023-02-02,112.48
U02399,C0187,2024-09-17,121.07
U02400,C0028,2024-05-10,127.21
U02400,C0118,2023-07-12,65.72
U02401,C0024,2023-08-09,192.6
U02401,C0108,2024-04-26,38.42
U02401,C0103,2024-03-15,90.56
U02401,C0131,2024-05-04,138.48
U02401,C0017,2023-05-04,95.76
U02401,C0018,2023-08-20,141.32
U02401,C0053,2023-01-12,141.27
U02402,C0034,2023-06-25,129.27
U02402,C0167,2023-10-04,18.81
U02403,C0185,2024-11-20,182.47
U02403,C0059,2023-07-09,146.7
U02403,C0016,2024-03-20,62.53
U02403,C0106,2023-01-15,18.83
U02404,C0167,2023-06-22,59.31
U02404,C0080,2024-07-20,174.52
U02404,C0075,2023-10-05,31.06
U02404,C0069,2024-11-15,6.16
U02405,C0063,2024-12-15,120.18
U02405,C0194,2024-03-25,82.27
U02405,C0095,2024-12-19,178.89
U02405,C0002,2023-04-04,23.6
U02406,C0110,2023-10-08,1.61
U02406,C0169,2024-08-12,57.0
U02406,C0017,2023-11-13,99.0
U02406,C0087,2023-07-17,124.2
U02406,C0107,2024-09-26,141.34
U02407,C0120,2023-11-04,167.75
U02407,C0010,2023-04-06,136.88
U02407,C0082,2024-09-30,11.16
U02407,C0080,2023-07-03,77.11
U02407,C0163,2023-03-19,133.48
U02407,C0035,2023-03-14,5.43
U02408,C0099,2024-09-23,53.43
U02408,C0082,2024-08-14,118.73
U02409,C0163,2023-09-05,96.06
U02409,C0045,2024-12-29,76.32
U02410,C0109,2023-06-21,113.97
U02410,C0154,2023-08-28,46.34
U02410,C0045,2024-01-28,18.65
U02410,C0199,2023-09-14,18.57
U02411,C0139,2023-07-16,121.77
U02411,C0194,2023-01-17,167.15
U02412,C0079,2023-06-02,58.81
U02412,C0033,2024-01-23,84.93
U02412,C0072,2023-07-01,102.48
U02412,C0168,2023-07-12,54.03
U02412,C0162,2023-07-15,40.31
U02413,C0133,2023-08-24,190.45
U02413,C0138,2023-09-21,41.74
U02413,C0155,2024-01-15,20.51
U02414,C0135,2024-06-03,86.93
U02414,C0098,2024-01-06,162.39
U02414,C0112,2023-06-29,56.86
U02414,C0157,2024-07-29,35.32
U02414,C0066,2024-09-27,188.94
U02414,C0188,2024-07-21,65.95
U02414,C0010,2023-01-22,89.95
U02415,C0006,2023-06-17,194.82
U02415,C0148,2024-07-26,126.72
U02415,C0089,2024-06-19,161.39
U02416,C0156,2024-09-11,174.72
U02416,C0070,2024-03-08,56.68
U02416,C0123,2023-08-03,64.54
U02416,C0162,2023-04-09,167.9
U02416,C0003,2024-04-26,80.97
U02416,C0064,2023-02-15,51.72
U02416,C0146,2023-05-08,160.51
U02416,C0110,2024-06-19,40.28
U02417,C0152,2024-08-25,68.04
U02418,C0131,2023-08-06,186.91
U02418,C0117,2023-10-19,147.91
U02419,C0103,2024-03-20,85.94
U02419,C0171,2024-08-26,107.78
U02419,C0097,2024-08-16,51.64
U02419,C0133,2023-01-17,81.72
U02420,C0180,2023-01-23,174.44
U02420,C0165,2024-03-19,116.85
U02421,C0067,2024-03-26,181.64
U02421,C0160,2023-03-24,5.26
U02422,C0135,2023-12-11,78.44
U02422,C0067,2024-01-03,83.77
U02422,C0184,2023-11-30,0.01
U02422,C0115,2023-12-13,15.31
U02422,C0027,2024-06-01,84.48
U02423,C0025,2024-01-29,98.28
U02424,C0145,2023-07-05,40.88
U02424,C0186,2024-12-11,41.5
U02424,C0175,2024-01-12,122.14
U02425,C0112,2023-01-20,176.59
U02425,C0148,2023-10-12,64.84
U02425,C0133,2023-01-18,129.14
U02425,C0084,2024-02-23,81.71
U02426,C0059,2023-05-19,164.96
U02426,C0125,2023-09-28,180.25
U02426,C0088,2024-07-28,86.93
U02426,C0080,2024-04-27,166.29
U02426,C0012,2024-07-03,117.57
U02427,C0115,2023-02-27,196.07
U02427,C0032,2024-11-29,171.85
U02427,C0077,2024-07-05,64.75
U02427,C0009,2024-12-23,199.8
U02427,C0034,2024-03-14,148.91
U02427,C0085,2024-01-21,174.91
U02428,C0019,2023-09-13,103.46
U02428,C0162,2023-10-22,114.59
U02428,C0106,2024-02-21,171.89
U02429,C0172,2023-08-15,3.79
U02429,C0099,2023-03-28,4.35
U02429,C0051,2023-03-23,170.03
U02429,C0083,2023-05-25,87.85
U02429,C0132,2024-08-14,75.47
U02429,C0090,2023-12-08,16.81
U02430,C0167,2024-10-20,184.13
U02430,C0054,2024-01-13,29.49
U02430,C0001,2024-12-26,97.95
U02430,C0195,2023-12-25,104.84
U02430,C0076,2024-05-01,9.75
U02431,C0084,2023-02-22,189.07
U02431,C0107,2024-03-08,43.13
U02431,C0038,2023-11-08,136.0
U02432,C0153,2024-06-04,156.18
U02432,C0067,2024-01-22,149.44
U02432,C0104,2023-09-08,46.53
U02433,C0173,2024-01-15,87.95
U02433,C0039,2024-03-07,17.76
U02433,C0051,2023-02-18,89.7
U02433,C0057,2023-08-14,167.64
U02434,C0078,2024-11-22,82.7
U02434,C0072,2023-05-20,77.62
U02434,C0092,2024-02-06,88.9
U02434,C0119,2023-11-17,139.32
U02434,C0110,2024-06-05,122.85
U02434,C0045,2024-07-21,182.97
U02435,C0127,2024-09-19,54.52
U02435,C0068,2023-10-21,130.01
U02435,C0198,2023-10-20,167.86
U02435,C0096,2024-12-30,66.86
U02436,C0049,2023-09-17,175.64
U02436,C0115,2023-01-29,192.46
U02436,C0192,2023-09-03,95.24
U02436,C0118,2024-04-21,83.98
U02437,C0007,2024-05-06,84.25
U02437,C0068,2023-12-30,16.1
U02437,C0039,2024-09-03,89.03
U02437,C0006,2023-07-24,59.61
U02438,C0194,2023-08-01,130.35
U02438,C0121,2023-08-01,11.88
U02439,C0009,2024-08-07,170.22
U02439,C0165,2023-02-04,159.26
U02439,C0184,2024-01-17,79.69
U02439,C0012,2024-06-02,30.0
U02440,C0185,2023-12-08,130.94
U02440,C0068,2024-03-08,73.09
U02440,C0088,2023-12-17,190.77
U02440,C0063,2023-07-25,172.98
U02440,C0135,2023-05-14,188.3
U02441,C0009,2024-11-18,152.54
U02441,C0162,2023-02-07,52.05
U02441,C0175,2023-01-30,171.09
U02442,C0021,2023-09-09,162.99
U02442,C0018,2024-08-21,197.92
U02442,C0016,2024-11-12,72.33
U02442,C0189,2024-03-07,15.56
U02443,C0196,2024-08-28,147.12
U02443,C0154,2023-11-18,198.72
U02443,C0129,2023-03-30,109.52
U02443,C0146,2024-11-30,177.35
U02444,C0192,2024-03-12,15.3
U02444,C0115,2023-11-10,94.08
U02444,C0071,2024-03-11,184.66
U02444,C0103,2024-06-06,128.57
U02445,C0131,2023-10-15,144.11
U02445,C0125,2024-08-20,82.32
U02445,C0172,2024-11-18,130.18
U02445,C0001,2024-01-28,109.51
U02446,C0158,2024-01-17,142.4
U02446,C0005,2024-01-13,80.82
U02447,C0151,2023-06-18,140.28
U02447,C0096,2024-12-09,46.31
U02447,C0005,2023-07-04,114.85
U02447,C0135,2023-07-10,99.28
U02447,C0165,2023-10-20,171.07
U02447,C0159,2023-11-20,55.65
U02447,C0018,2024-05-07,136.08
U02447,C0071,2024-09-30,107.01
U02448,C0040,2023-09-17,10.96
U02448,C0018,2023-03-10,43.26
U02449,C0100,2023-02-03,61.67
U02449,C0097,2023-11-11,90.21
U02450,C0142,2023-09-17,90.76
U02450,C0152,2024-05-27,67.92
U02450,C0024,2023-09-25,91.04
U02451,C0033,2023-10-16,20.62
U02451,C0001,2024-11-19,33.3
U02451,C0049,2023-08-20,156.62
U02451,C0084,2024-05-07,129.03
U02451,C0156,2024-01-01,198.42
U02451,C0068,2024-07-04,183.16
U02452,C0194,2024-05-23,95.81
U02452,C0105,2023-04-08,40.76
U02452,C0106,2023-07-28,183.73
U02452,C0080,2023-03-20,101.1
U02453,C0037,2024-06-10,74.78
U02453,C0091,2023-10-01,180.14
U02454,C0198,2024-07-04,72.94
U02454,C0082,2023-06-21,138.75
U02454,C0137,2024-05-15,110.08
U02454,C0021,2023-12-02,68.75
U02454,C0090,2024-09-29,161.35
U02454,C0054,2023-03-01,161.77
U02454,C0160,2024-06-19,60.72
U02454,C0135,2024-11-24,158.73
U02455,C0044,2024-01-20,66.06
U02455,C0142,2024-06-15,167.9
U02456,C0029,2024-07-04,41.11
U02456,C0097,2023-04-10,117.52
U02456,C0118,2023-11-15,106.5
U02456,C0089,2024-08-08,18.34
U02456,C0195,2023-02-12,146.47
U02456,C0159,2023-07-20,192.1
U02456,C0046,2023-03-08,163.82
U02456,C0056,2024-01-30,37.82
U02457,C0156,2023-11-16,182.95
U02457,C0045,2023-04-16,137.83
U02458,C0148,2024-08-24,147.1
U02458,C0119,2023-04-15,34.68
U02458,C0191,2024-06-11,62.88
U02458,C0062,2024-04-28,180.92
U02458,C0196,2023-10-30,18.14
U02458,C0014,2023-03-31,59.14
U02459,C0051,2023-12-07,176.53
U02459,C0064,2023-12-31,72.49
U02459,C0022,2023-02-25,190.45
U02460,C0010,2023-11-11,59.37
U02460,C0049,2024-04-05,88.19
U02460,C0016,2023-04-01,134.34
U02461,C0013,2024-02-22,72.11
U02461,C0158,2024-07-16,60.62
U02462,C0082,2024-03-18,47.48
U02462,C0117,2023-11-09,65.11
U02462,C0105,2023-11-07,23.94
U02462,C0190,2024-07-25,148.4
U02462,C0182,2023-07-08,119.53
U02463,C0105,2024-09-04,53.38
U02463,C0158,2023-06-06,11.02
U02464,C0022,2023-04-16,4.58
U02464,C0159,2023-04-18,183.54
U02464,C0188,2024-01-27,196.44
U02465,C0158,2023-03-02,179.03
U02465,C0024,2024-12-20,145.34
U02465,C0005,2024-10-13,26.48
U02466,C0035,2024-07-02,28.28
U02466,C0190,2024-05-30,185.01
U02466,C0032,2023-06-05,137.4
U02466,C0104,2024-10-10,162.11
U02467,C0164,2024-10-27,156.43
U02467,C0103,2024-09-25,113.7
U02467,C0044,2024-01-26,190.92
U02468,C0050,2024-10-08,54.2
U02469,C0182,2023-01-12,69.05
U02469,C0023,2023-08-24,27.83
U02469,C0191,2024-10-11,126.67
U02469,C0001,2024-10-10,70.34
U02470,C0034,2024-10-04,91.17
U02470,C0142,2024-12-21,40.25
U02471,C0012,2024-11-07,92.66
U02471,C0166,2023-10-01,111.77
U02472,C0189,2024-07-23,92.62
U02472,C0033,2023-05-06,28.95
U02472,C0066,2023-12-25,17.67
U02472,C0049,2023-12-09,37.25
U02473,C0012,2023-01-24,141.3
U02473,C0085,2023-05-31,182.71
U02473,C0174,2024-06-12,79.89
U02473,C0132,2024-01-25,8.78
U02473,C0165,2024-07-19,5.74
U02474,C0047,2023-11-04,177.28
U02474,C0068,2023-09-27,90.23
U02474,C0004,2024-02-13,138.52
U02474,C0108,2024-09-13,193.21
U02474,C0092,2023-02-12,143.6
U02475,C0022,2024-10-11,100.54
U02476,C0130,2023-09-23,40.85
U02476,C0085,2023-04-07,180.12
U02476,C0112,2023-12-04,125.4
U02476,C0101,2023-12-29,86.28
U02476,C0177,2023-05-18,44.11
U02477,C0136,2024-01-26,69.52
U02477,C0131,2024-12-14,196.51
U02477,C0114,2024-09-20,124.69
U02477,C0187,2023-09-01,14.81
U02478,C0014,2023-05-12,177.01
U02478,C0107,2023-05-22,168.67
U02478,C0166,2023-01-24,176.94
U02479,C0187,2023-10-11,133.08
U02479,C0050,2024-04-02,180.51
U02479,C0143,2023-03-23,150.73
U02479,C0098,2024-09-22,3.08
U02479,C0003,2024-06-05,3.34
U02479,C0072,2023-12-04,24.25
U02479,C0124,2023-09-20,171.37
U02479,C0151,2024-06-17,117.37
U02480,C0083,2023-11-12,14.68
U02480,C0187,2024-12-29,150.7
U02480,C0063,2023-09-23,91.92
U02480,C0144,2024-07-30,146.22
U02480,C0044,2024-01-06,46.67
U02480,C0184,2024-03-27,25.63
U02480,C0146,2023-09-03,117.7
U02480,C0075,2023-04-06,191.46
U02481,C0056,2024-07-31,66.28
U02481,C0164,2023-08-15,25.22
U02481,C0015,2024-02-08,98.68
U02482,C0066,2024-10-03,105.74
U02482,C0131,2024-02-28,166.94
U02482,C0195,2023-12-06,76.0
U02482,C0133,2024-11-07,29.85
U02482,C0104,2023-06-20,73.51
U02483,C0170,2024-06-22,181.25
U02483,C0137,2024-07-03,180.21
U02483,C0048,2023-04-24,105.39
U02483,C0041,2023-06-07,49.09
U02484,C0112,2023-12-18,85.42
U02484,C0131,2023-11-02,136.3
U02484,C0132,2024-03-08,96.99
U02485,C0127,2024-09-17,189.82
U02485,C0129,2023-10-13,64.79
U02485,C0005,2024-07-18,43.76
U02486,C0188,2023-08-25,71.48
U02486,C0072,2023-07-25,16.23
U02486,C0148,2024-05-04,64.48
U02486,C0084,2023-12-19,136.74
U02486,C0122,2024-12-27,65.95
U02486,C0086,2024-10-05,31.73
U02486,C0038,2024-05-30,140.0
U02486,C0021,2024-05-15,54.91
U02487,C0071,2024-10-13,58.23
U02487,C0023,2024-06-23,77.15
U02487,C0176,2023-06-10,85.71
U02487,C0017,2023-11-27,152.12
U02487,C0181,2024-10-29,23.56
U02488,C0127,2023-08-18,53.64
U02488,C0109,2024-02-21,71.12
U02488,C0066,2023-11-22,14.39
U02488,C0086,2024-01-02,155.73
U02489,C0029,2024-03-27,105.88
U02489,C0157,2024-03-13,47.52
U02489,C0104,2023-01-09,182.7
U02490,C0053,2023-12-26,147.28
U02491,C0016,2023-03-29,151.72
U02491,C0029,2023-12-02,115.12
U02491,C0102,2024-10-29,127.86
U02491,C0050,2023-06-26,184.39
U02491,C0010,2023-05-29,25.25
U02492,C0139,2023-11-09,154.46
U02492,C0191,2024-09-06,33.48
U02492,C0056,2024-01-26,82.04
U02493,C0161,2024-06-16,153.26
U02494,C0178,2024-10-10,174.85
U02494,C0013,2023-02-04,54.92
U02494,C0022,2023-07-28,39.31
U02495,C0002,2023-08-13,87.73
U02495,C0019,2023-09-05,74.95
U02495,C0086,2024-06-23,79.83
U02496,C0125,2023-12-20,49.01
U02496,C0027,2023-06-07,178.5
U02496,C0089,2023-02-11,123.01
U02496,C0084,2024-03-23,96.91
U02496,C0067,2023-10-01,186.28
U02496,C0070,2024-02-17,126.6
U02496,C0107,2023-05-22,99.15
U02496,C0005,2023-02-19,125.83
U02497,C0102,2023-03-06,21.42
U02497,C0179,2024-12-08,30.63
U02497,C0077,2024-06-27,164.2
U02497,C0160,2023-12-24,81.75
U02497,C0147,2024-10-03,185.1
U02498,C0129,2023-02-13,34.14
U02498,C0094,2023-03-29,175.9
U02499,C0083,2023-01-21,134.72
U02499,C0185,2024-04-09,68.04
U02499,C0167,2023-11-24,109.8
U02499,C0169,2023-04-02,182.84
U02499,C0056,2024-01-31,36.48
U02499,C0143,2023-09-24,43.51
U02499,C0063,2024-09-13,74.16
U02500,C0132,2024-02-09,0.51
U02500,C0069,2024-07-28,121.9
U02500,C0074,2023-01-23,166.24
U02500,C0192,2023-12-18,16.44
U02501,C0145,2024-05-31,12.93
U02501,C0179,2024-05-09,74.93
U02501,C0146,2023-03-12,30.64
U02501,C0026,2024-11-24,137.6
U02501,C0156,2023-11-03,19.2
U02502,C0200,2023-07-30,134.44
U02502,C0043,2024-03-15,183.53
U02502,C0087,2024-09-26,108.3
U02503,C0173,2024-10-21,67.27
U02503,C0195,2024-08-07,95.17
U02503,C0063,2024-03-26,88.99
U02503,C0133,2023-12-25,75.85
U02504,C0010,2024-01-06,65.23
U02504,C0124,2024-09-19,52.66
U02504,C0005,2024-12-26,42.05
U02505,C0057,2024-11-04,98.53
U02505,C0197,2023-12-11,171.96
U02505,C0111,2024-07-31,34.94
U02505,C0138,2023-05-25,145.18
U02505,C0121,2024-08-19,53.13
U02506,C0014,2023-09-04,59.69
U02506,C0125,2023-04-26,69.15
U02506,C0104,2024-01-04,118.75
U02506,C0178,2024-04-22,25.0
U02507,C0013,2023-05-07,189.95
U02507,C0029,2024-10-20,50.45
U02508,C0059,2023-09-27,48.08
U02508,C0197,2023-03-15,163.73
U02508,C0074,2024-11-06,52.48
U02508,C0158,2024-07-03,96.75
U02509,C0094,2024-05-27,67.35
U02509,C0120,2023-09-18,20.77
U02510,C0166,2024-05-14,61.8
U02510,C0188,2024-02-07,106.79
U02510,C0163,2024-10-26,74.82
U02511,C0171,2023-09-01,172.14
U02511,C0081,2024-07-03,73.34
U02511,C0039,2024-01-17,69.9
U02512,C0199,2024-11-21,149.98
U02513,C0089,2024-05-14,72.43
U02513,C0125,2024-05-28,19.54
U02513,C0192,2024-02-23,80.49
U02513,C0154,2023-06-09,157.48
U02513,C0078,2024-06-27,154.68
U02514,C0164,2023-07-18,82.11
U02514,C0031,2023-09-02,42.68
U02514,C0199,2024-11-01,157.42
U02515,C0114,2024-04-21,20.35
U02515,C0001,2024-02-15,161.37
U02515,C0077,2024-03-31,126.72
U02515,C0005,2023-04-09,50.9
U02516,C0172,2024-07-23,69.86
U02516,C0152,2023-11-24,114.38
U02516,C0126,2023-02-12,103.64
U02516,C0185,2023-08-10,99.86
U02516,C0178,2023-10-18,74.57
U02516,C0063,2024-02-17,7.42
U02516,C0075,2024-04-17,5.08
U02516,C0032,2024-09-15,164.93
U02517,C0020,2023-12-23,123.15
U02517,C0118,2023-02-01,131.81
U02518,C0027,2024-03-24,149.94
U02519,C0118,2024-07-10,86.5
U02519,C0147,2024-09-03,35.62
U02519,C0166,2024-06-25,62.52
U02519,C0070,2024-11-27,19.57
U02519,C0148,2024-12-21,31.22
U02519,C0009,2024-01-09,115.66
U02519,C0126,2023-08-31,132.92
U02520,C0150,2023-09-13,70.59
U02520,C0109,2023-07-22,158.12
U02520,C0114,2024-05-13,199.97
U02520,C0103,2024-01-12,175.84
U02520,C0174,2023-12-31,140.65
U02521,C0012,2023-05-12,26.57
U02521,C0126,2024-07-05,42.88
U02521,C0015,2023-03-29,193.41
U02521,C0117,2023-08-25,160.17
U02522,C0193,2023-10-06,37.91
U02522,C0050,2024-09-10,93.62
U02522,C0157,2023-11-14,32.99
U02522,C0002,2024-10-12,61.95
U02522,C0020,2024-09-21,45.34
U02523,C0173,2024-05-06,142.45
U02523,C0058,2024-08-04,82.81
U02523,C0081,2023-03-06,190.14
U02524,C0006,2024-11-14,2.2
U02524,C0051,2023-02-22,182.83
U02524,C0181,2024-11-20,144.18
U02525,C0199,2023-06-07,77.97
U02525,C0161,2023-01-26,102.73
U02525,C0112,2023-12-17,36.29
U02525,C0094,2024-11-16,83.02
U02525,C0144,2024-04-27,161.96
U02526,C0182,2024-02-04,85.83
U02526,C0200,2024-08-20,20.74
U02526,C0018,2023-05-10,134.44
U02526,C0037,2023-07-20,159.35
U02526,C0130,2023-06-20,15.11
U02526,C0196,2024-10-03,131.53
U02526,C0134,2023-11-27,173.35
U02527,C0022,2024-07-13,113.52
U02527,C0028,2023-05-31,168.58
U02527,C0150,2024-09-25,173.03
U02527,C0126,2024-02-08,195.35
U02527,C0165,2023-11-23,90.3
U02528,C0162,2024-01-17,140.01
U02528,C0070,2023-07-05,74.96
U02528,C0097,2023-11-21,56.03
U02529,C0029,2024-11-12,170.0
U02529,C0134,2024-12-13,68.52
U02529,C0025,2023-08-07,76.41
U02529,C0198,2024-04-05,37.52
U02529,C0177,2023-01-19,137.43
U02529,C0137,2023-05-28,11.59
U02530,C0166,2024-12-07,118.62
U02530,C0165,2024-03-31,167.5
U02530,C0139,2024-03-15,102.6
U02530,C0026,2023-04-13,107.41
U02531,C0128,2023-06-19,5.58
U02531,C0021,2023-03-18,52.21
U02531,C0067,2024-06-18,48.77
U02531,C0098,2023-09-06,64.73
U02531,C0172,2023-03-03,179.88
U02531,C0035,2023-04-24,36.92
U02532,C0054,2023-01-12,39.12
U02532,C0100,2024-06-04,96.34
U02533,C0075,2024-08-09,2.11
U02533,C0120,2024-03-07,132.28
U02533,C0124,2024-05-09,87.1
U02533,C0012,2024-07-10,47.45
U02533,C0188,2024-04-21,75.44
U02534,C0096,2024-05-09,137.81
U02534,C0001,2023-03-09,127.3
U02534,C0124,2023-07-09,191.69
U02534,C0108,2024-05-25,29.46
U02534,C0168,2023-10-16,109.12
U02535,C0102,2023-04-16,100.2
U02535,C0144,2024-08-11,44.47
U02535,C0013,2023-08-20,177.21
U02535,C0169,2024-11-18,32.37
U02535,C0077,2023-11-01,130.87
U02536,C0066,2023-04-22,117.76
U02536,C0158,2023-03-27,80.26
U02536,C0110,2023-11-27,143.58
U02536,C0120,2024-12-02,150.55
U02536,C0077,2024-09-15,136.35
U02537,C0065,2024-08-01,143.86
U02537,C0146,2024-05-13,129.03
U02537,C0009,2023-08-23,59.67
U02538,C0170,2024-09-02,90.13
U02538,C0030,2023-02-24,24.68
U02538,C0181,2023-03-12,147.48
U02539,C0147,2024-02-11,198.69
U02539,C0026,2023-05-26,115.92
U02539,C0049,2024-04-20,190.9
U02540,C0045,2023-03-10,119.67
U02540,C0031,2024-10-14,180.27
U02540,C0086,2023-05-22,156.19
U02540,C0064,2023-12-16,190.52
U02541,C0001,2023-04-26,84.69
U02541,C0036,2023-01-26,110.08
U02541,C0045,2024-06-06,91.1
U02542,C0132,2023-07-23,154.54
U02542,C0003,2024-01-12,109.05
U02542,C0037,2024-05-30,165.51
U02542,C0155,2023-07-16,136.49
U02542,C0060,2024-09-28,127.76
U02543,C0093,2024-04-04,47.86
U02544,C0022,2024-01-22,114.78
U02544,C0123,2024-12-07,141.2
U02544,C0080,2023-05-06,5.2
U02544,C0087,2023-06-16,146.88
U02544,C0065,2023-11-08,9.42
U02545,C0023,2023-03-30,114.27
U02545,C0039,2024-01-12,102.65
U02545,C0140,2024-10-12,116.58
U02545,C0063,2024-05-08,113.25
U02545,C0049,2023-01-13,186.35
U02546,C0195,2023-04-13,98.56
U02546,C0155,2024-05-19,16.29
U02546,C0117,2024-05-12,139.85
U02547,C0089,2024-05-27,90.38
U02547,C0106,2023-02-28,178.65
U02548,C0034,2024-01-27,0.96
U02548,C0065,2023-04-06,192.64
U02548,C0179,2023-09-17,108.17
U02549,C0163,2024-08-27,64.15
U02549,C0162,2023-09-02,89.64
U02549,C0143,2024-07-26,51.77
U02550,C0117,2024-11-14,87.12
U02550,C0196,2023-03-04,1.88
U02550,C0104,2023-10-14,44.89
U02550,C0118,2023-11-29,188.35
U02550,C0119,2024-11-02,168.56
U02551,C0184,2024-10-16,152.51
U02551,C0117,2023-08-31,8.92
U02551,C0174,2023-08-20,35.41
U02551,C0163,2024-08-17,158.25
U02551,C0172,2024-04-07,66.67
U02551,C0060,2024-05-26,179.23
U02551,C0021,2023-09-28,198.91
U02552,C0200,2024-07-09,56.18
U02552,C0001,2024-06-30,171.76
U02552,C0078,2024-08-23,60.69
U02553,C0113,2023-12-19,77.4
U02553,C0186,2023-12-16,169.03
U02553,C0056,2023-06-16,96.73
U02553,C0030,2024-04-10,118.87
U02553,C0139,2024-08-20,178.2
U02553,C0024,2024-01-04,163.53
U02554,C0077,2023-04-21,10.24
U02554,C0123,2024-08-12,94.53
U02554,C0106,2023-11-11,176.22
U02554,C0031,2024-01-06,57.99
U02554,C0027,2023-12-26,83.67
U02555,C0132,2023-06-20,77.48
U02555,C0145,2024-08-13,42.02
U02555,C0117,2024-06-03,67.57
U02555,C0039,2024-11-27,4.95
U02556,C0003,2023-09-22,191.33
U02556,C0156,2024-01-25,105.68
U02556,C0130,2023-12-24,148.33
U02557,C0112,2024-01-24,144.71
U02558,C0047,2023-08-12,103.88
U02558,C0167,2024-02-24,156.36
U02558,C0184,2024-05-02,6.75
U02558,C0105,2024-03-29,176.63
U02558,C0018,2024-04-12,87.81
U02559,C0011,2023-07-30,113.9
U02559,C0194,2024-02-21,28.86
U02559,C0168,2023-08-17,99.4
U02560,C0191,2024-11-17,157.06
U02560,C0195,2023-02-26,189.27
U02560,C0114,2023-09-02,197.67
U02560,C0018,2023-05-07,26.0
U02561,C0045,2024-02-21,107.93
U02561,C0048,2024-10-30,183.26
U02561,C0170,2023-10-22,40.34
U02561,C0009,2023-08-26,38.52
U02562,C0062,2023-09-16,55.98
U02562,C0014,2023-01-24,157.5
U02562,C0037,2024-12-26,177.92
U02562,C0056,2024-01-22,113.2
U02562,C0158,2023-09-22,141.54
U02562,C0151,2024-11-27,183.43
U02562,C0059,2024-02-13,122.39
U02563,C0049,2024-02-06,64.62
U02563,C0088,2023-05-24,119.76
U02563,C0113,2023-04-03,27.31
U02563,C0138,2023-12-18,48.49
U02564,C0013,2024-06-27,177.16
U02564,C0009,2024-07-23,67.27
U02564,C0098,2024-06-28,95.78
U02564,C0068,2023-12-15,49.08
U02564,C0065,2023-04-30,192.37
U02565,C0196,2023-06-20,72.42
U02565,C0134,2023-11-15,180.9
U02565,C0003,2024-06-26,160.43
U02565,C0066,2023-11-28,49.52
U02566,C0195,2024-01-09,66.6
U02566,C0078,2023-01-31,95.93
U02566,C0034,2024-03-10,110.13
U02567,C0115,2024-11-26,36.09
U02567,C0140,2023-08-23,144.42
U02567,C0102,2023-05-14,33.76
U02567,C0008,2023-09-13,177.54
U02568,C0009,2024-02-15,192.89
U02568,C0024,2023-08-02,190.28
U02568,C0160,2024-08-13,132.37
U02568,C0184,2024-07-06,162.22
U02568,C0084,2024-08-02,104.9
U02568,C0144,2024-05-10,31.9
U02569,C0128,2023-11-14,113.48
U02569,C0052,2024-02-23,34.74
U02569,C0180,2023-04-26,94.78
U02569,C0020,2024-11-13,115.49
U02569,C0065,2023-11-14,60.08
U02569,C0041,2024-03-13,1.67
U02570,C0047,2024-07-24,101.31
U02570,C0139,2024-04-27,0.9
U02571,C0180,2024-06-23,97.53
U02571,C0011,2023-12-13,136.95
U02571,C0046,2023-06-03,187.8
U02572,C0041,2024-12-21,131.22
U02572,C0188,2023-01-04,16.45
U02573,C0093,2023-10-10,105.97
U02573,C0077,2024-09-26,27.5
U02573,C0094,2024-12-13,13.63
U02573,C0070,2023-10-03,81.16
U02573,C0018,2023-05-15,174.89
U02573,C0102,2023-11-24,130.05
U02574,C0026,2023-12-31,34.22
U02575,C0147,2023-06-24,165.05
U02575,C0115,2023-08-24,173.54
U02575,C0065,2024-02-12,11.08
U02575,C0071,2024-07-01,181.71
U02576,C0189,2023-07-26,2.68
U02576,C0139,2024-01-17,101.54
U02576,C0049,2024-05-20,28.35
U02577,C0143,2024-07-01,141.44
U02577,C0056,2023-01-11,85.25
U02577,C0102,2023-04-01,172.89
U02578,C0153,2023-05-18,80.27
U02578,C0040,2023-03-19,53.58
U02578,C0059,2024-11-10,106.3
U02579,C0026,2023-01-08,19.13
U02579,C0159,2023-02-15,144.47
U02579,C0163,2024-08-02,86.46
U02579,C0118,2024-09-15,196.24
U02580,C0172,2023-05-03,169.68
U02580,C0034,2023-06-08,109.94
U02580,C0008,2023-12-28,25.27
U02580,C0159,2023-08-21,141.01
U02580,C0090,2024-08-01,89.99
U02580,C0019,2023-01-04,166.27
U02580,C0147,2024-08-12,129.49
U02580,C0012,2023-07-22,150.79
U02581,C0130,2023-12-18,107.11
U02581,C0042,2024-10-08,181.71
U02581,C0152,2023-11-27,162.11
U02581,C0027,2023-03-21,85.87
U02582,C0155,2023-03-27,56.48
U02582,C0166,2023-06-18,194.72
U02582,C0114,2024-04-22,66.85
U02583,C0078,2024-04-23,165.35
U02583,C0179,2024-08-19,82.41
U02583,C0029,2024-01-30,26.06
U02583,C0080,2024-09-07,15.95
U02583,C0047,2024-07-12,47.55
U02583,C0077,2023-03-13,35.56
U02583,C0144,2024-10-30,115.02
U02584,C0121,2024-04-17,96.0
U02584,C0187,2023-09-22,59.41
U02584,C0116,2024-10-12,61.14
U02584,C0061,2024-10-06,176.67
U02584,C0195,2023-11-08,124.53
U02584,C0166,2024-04-18,103.78
U02584,C0112,2023-06-18,120.72
U02584,C0182,2024-01-21,72.38
U02585,C0104,2024-12-29,170.28
U02585,C0193,2023-08-17,178.87
U02586,C0166,2023-08-20,54.04
U02586,C0012,2024-06-30,129.45
U02586,C0041,2024-10-18,59.37
U02586,C0158,2023-10-28,94.18
U02586,C0147,2024-03-04,192.2
U02586,C0013,2024-10-03,6.11
U02587,C0074,2023-01-10,120.28
U02588,C0091,2024-05-04,83.04
U02588,C0124,2023-10-22,175.8
U02588,C0059,2024-02-20,76.39
U02589,C0178,2024-08-31,30.76
U02589,C0036,2023-02-03,44.16
U02589,C0033,2024-09-05,46.19
U02589,C0094,2024-09-01,152.09
U02589,C0067,2023-10-02,184.59
U02590,C0016,2023-06-01,93.35
U02590,C0026,2023-04-22,188.84
U02590,C0174,2023-04-27,150.43
U02590,C0086,2023-07-08,163.92
U02591,C0017,2023-12-03,84.22
U02591,C0067,2023-01-14,175.76
U02591,C0126,2024-10-11,13.16
U02592,C0157,2023-12-04,122.16
U02592,C0058,2023-10-07,89.68
U02592,C0056,2023-11-10,32.72
U02593,C0164,2023-11-27,123.29
U02593,C0063,2024-12-01,83.09
U02593,C0195,2024-12-11,96.26
U02593,C0166,2024-05-03,159.45
U02594,C0091,2024-09-01,3.98
U02594,C0064,2023-06-22,33.23
U02595,C0042,2023-08-30,80.54
U02595,C0190,2023-01-11,8.54
U02595,C0078,2023-07-27,28.65
U02595,C0120,2024-07-30,3.18
U02595,C0187,2023-02-08,140.63
U02596,C0111,2023-03-11,172.93
U02596,C0077,2024-10-22,62.35
U02596,C0117,2023-05-30,90.32
U02596,C0105,2024-05-15,49.88
U02597,C0084,2023-10-18,35.21
U02597,C0082,2023-09-12,24.99
U02597,C0067,2024-09-26,98.54
U02597,C0169,2023-05-28,144.82
U02597,C0014,2023-03-04,146.94
U02598,C0094,2023-08-19,124.39
U02598,C0069,2023-11-10,191.19
U02598,C0147,2024-12-01,114.91
U02599,C0071,2024-11-18,117.99
U02599,C0082,2023-07-07,158.24
U02599,C0055,2024-12-06,69.35
U02599,C0190,2024-06-09,93.76
U02600,C0086,2024-06-07,19.72
U02600,C0117,2023-08-15,49.25
U02600,C0051,2024-05-07,46.49
U02600,C0064,2023-12-15,49.71
U02601,C0174,2023-11-14,20.29
U02601,C0054,2023-07-03,30.51
U02601,C0013,2024-05-02,186.68
U02601,C0047,2023-01-23,126.71
U02601,C0059,2024-07-05,74.86
U02601,C0109,2024-04-14,31.46
U02602,C0089,2023-03-16,79.95
U02602,C0012,2023-05-09,49.71
U02602,C0083,2023-05-16,65.33
U02603,C0125,2023-11-29,106.86
U02603,C0182,2024-05-25,10.83
U02603,C0023,2024-08-24,191.2
U02603,C0094,2023-10-01,126.81
U02603,C0092,2024-12-16,10.47
U02604,C0166,2024-11-22,59.83
U02604,C0176,2023-12-16,78.65
U02605,C0152,2023-06-10,74.27
U02605,C0159,2024-01-17,171.17
U02606,C0060,2023-02-06,188.28
U02606,C0131,2024-06-13,15.07
U02607,C0064,2023-12-20,180.68
U02607,C0188,2023-12-24,143.1
U02608,C0177,2023-09-18,186.32
U02608,C0080,2023-03-12,123.29
U02608,C0157,2024-04-26,22.02
U02609,C0194,2023-05-05,178.83
U02609,C0081,2024-02-06,86.45
U02609,C0092,2023-08-25,34.74
U02609,C0128,2024-06-11,126.36
U02610,C0072,2023-09-09,3.49
U02610,C0105,2024-03-16,24.06
U02611,C0020,2024-11-03,72.94
U02611,C0172,2024-03-18,47.49
U02611,C0138,2023-05-15,1.85
U02612,C0118,2023-10-24,30.77
U02612,C0112,2023-11-18,121.42
U02612,C0019,2024-11-06,77.08
U02612,C0081,2024-01-03,133.53
U02612,C0011,2024-03-06,119.13
U02613,C0020,2023-08-09,138.55
U02613,C0079,2024-03-08,4.8
U02613,C0049,2024-06-01,8.41
U02613,C0176,2024-08-30,7.59
U02614,C0073,2024-03-03,146.55
U02615,C0188,2024-06-09,104.89
U02615,C0056,2024-07-24,19.63
U02615,C0154,2024-08-31,41.42
U02615,C0039,2023-10-15,159.85
U02615,C0125,2024-02-05,131.29
U02616,C0063,2023-04-27,81.53
U02616,C0143,2024-06-04,94.63
U02616,C0134,2024-07-02,146.77
U02617,C0176,2024-03-06,186.19
U02617,C0091,2023-02-16,198.6
U02618,C0170,2024-02-14,151.75
U02618,C0152,2024-07-03,151.73
U02618,C0098,2024-01-25,95.73
U02618,C0086,2024-06-20,6.85
U02619,C0040,2023-01-02,144.8
U02619,C0183,2024-07-21,22.45
U02619,C0125,2024-11-15,188.73
U02619,C0041,2023-10-25,89.49
U02620,C0118,2023-10-17,3.55
U02620,C0054,2024-06-12,44.66
U02620,C0091,2024-12-30,156.21
U02620,C0108,2024-06-30,44.39
U02621,C0155,2024-08-21,125.76
U02621,C0114,2024-08-06,74.25
U02621,C0134,2024-10-18,51.06
U02621,C0195,2023-10-18,121.51
U02621,C0154,2023-07-29,82.33
U02622,C0067,2024-03-21,75.78
U02622,C0100,2024-06-11,144.64
U02622,C0124,2024-04-05,74.51
U02622,C0068,2024-07-28,67.53
U02622,C0145,2024-05-18,178.64
U02622,C0010,2023-03-28,85.0
U02623,C0012,2024-09-14,159.12
U02623,C0090,2024-02-16,41.45
U02623,C0172,2023-11-07,49.79
U02624,C0129,2023-08-03,117.71
U02624,C0013,2023-05-31,3.25
U02624,C0161,2023-02-03,26.94
U02624,C0168,2024-06-25,166.98
U02624,C0113,2023-12-21,85.7
U02625,C0055,2024-05-03,96.42
U02625,C0062,2023-09-05,3.69
U02625,C0198,2023-07-24,19.88
U02625,C0121,2024-05-22,137.5
U02625,C0181,2024-05-07,21.65
U02626,C0107,2024-05-07,134.66
U02626,C0028,2023-01-13,170.42
U02626,C0096,2023-05-28,52.52
U02626,C0073,2023-02-28,27.7
U02626,C0141,2024-01-19,191.06
U02627,C0083,2023-03-01,199.36
U02627,C0007,2023-10-30,117.97
U02627,C0169,2023-02-02,101.46
U02628,C0010,2023-08-02,113.61
U02628,C0171,2024-05-22,80.29
U02628,C0145,2024-04-14,47.38
U02628,C0151,2024-06-06,95.66
U02628,C0141,2023-11-14,75.5
U02629,C0004,2023-10-16,49.75
U02629,C0052,2023-08-14,154.49
U02629,C0198,2023-03-02,5.5
U02630,C0075,2024-09-21,61.44
U02630,C0058,2023-08-20,197.18
U02630,C0081,2024-05-18,138.33
U02630,C0041,2023-10-12,21.27
U02631,C0145,2024-06-08,123.84
U02631,C0165,2024-12-10,38.93
U02631,C0106,2023-04-13,104.37
U02631,C0081,2024-01-22,31.35
U02631,C0070,2023-12-11,31.04
U02631,C0194,2023-12-02,126.37
U02631,C0100,2023-02-27,0.84
U02631,C0040,2023-05-11,49.96
U02632,C0074,2024-01-17,76.45
U02632,C0010,2024-04-24,90.32
U02633,C0027,2024-01-13,103.73
U02633,C0048,2023-02-14,165.21
U02633,C0093,2023-04-15,184.61
U02633,C0021,2024-10-06,33.2
U02633,C0169,2024-06-03,176.51
U02634,C0018,2024-02-27,80.51
U02635,C0139,2023-04-28,169.96
U02636,C0033,2024-07-20,58.78
U02636,C0125,2023-10-10,97.18
U02636,C0135,2024-09-20,6.73
U02637,C0050,2023-05-24,94.73
U02637,C0107,2024-09-18,64.59
U02637,C0022,2024-07-18,162.06
U02637,C0084,2023-10-16,60.55
U02638,C0038,2023-09-23,138.82
U02638,C0041,2023-06-02,50.21
U02639,C0101,2023-09-08,173.66
U02639,C0049,2023-08-29,92.4
U02639,C0186,2023-11-04,73.4
U02639,C0019,2023-08-20,188.6
U02640,C0029,2024-01-25,135.81
U02640,C0137,2024-10-08,117.43
U02640,C0009,2023-05-05,184.02
U02640,C0179,2023-05-05,120.86
U02640,C0040,2023-09-12,133.91
U02641,C0099,2023-09-28,90.84
U02641,C0022,2023-04-05,174.67
U02641,C0007,2024-08-04,166.66
U02642,C0027,2024-09-22,25.04
U02642,C0149,2023-11-19,169.4
U02643,C0169,2023-05-27,177.68
U02643,C0174,2024-05-12,81.84
U02643,C0154,2024-07-19,133.82
U02644,C0017,2023-09-26,15.7
U02644,C0012,2023-04-06,39.6
U02644,C0057,2023-03-13,103.13
U02645,C0144,2023-04-17,62.41
U02645,C0163,2023-12-17,184.33
U02646,C0060,2023-04-29,88.99
U02646,C0041,2024-08-24,133.7
U02646,C0081,2023-11-14,62.36
U02646,C0163,2023-02-09,100.47
U02647,C0147,2023-02-18,161.33
U02647,C0191,2024-01-31,90.65
U02647,C0071,2023-10-31,132.12
U02648,C0135,2023-07-22,20.91
U02648,C0055,2023-12-29,152.59
U02648,C0018,2024-02-04,54.35
U02648,C0006,2024-04-30,25.03
U02649,C0118,2023-10-03,158.11
U02649,C0084,2024-04-10,145.13
U02649,C0170,2023-01-28,44.5
U02649,C0121,2024-04-05,53.1
U02649,C0154,2024-09-25,125.48
U02650,C0135,2023-08-24,49.39
U02650,C0116,2023-04-20,141.6
U02650,C0001,2024-02-07,149.56
U02650,C0155,2024-09-21,57.79
U02651,C0162,2023-11-04,14.16
U02651,C0104,2024-01-30,3.38
U02652,C0195,2023-12-26,46.75
U02652,C0116,2023-03-08,140.56
U02653,C0090,2023-03-31,137.09
U02653,C0126,2023-02-07,16.24
U02653,C0102,2024-06-30,120.51
U02653,C0062,2024-10-21,66.46
U02654,C0025,2023-08-20,79.23
U02654,C0043,2024-02-02,186.2
U02654,C0083,2023-01-22,12.29
U02655,C0134,2024-09-05,60.06
U02655,C0103,2024-07-28,75.71
U02655,C0119,2024-10-12,127.23
U02656,C0152,2023-03-13,93.46
U02656,C0070,2024-10-27,49.29
U02656,C0131,2023-04-20,5.07
U02656,C0065,2023-02-24,184.27
U02656,C0133,2024-04-11,159.59
U02657,C0019,2024-03-31,97.26
U02658,C0057,2023-07-22,161.79
U02658,C0168,2023-02-07,88.83
U02658,C0124,2023-04-16,22.13
U02658,C0081,2023-03-17,88.47
U02658,C0147,2024-08-10,140.7
U02658,C0080,2024-03-09,166.43
U02658,C0153,2023-02-07,55.61
U02659,C0024,2023-10-02,57.32
U02660,C0092,2024-08-29,84.57
U02660,C0086,2023-10-14,45.49
U02661,C0170,2024-11-10,112.93
U02661,C0133,2024-02-21,196.99
U02661,C0078,2023-12-17,74.81
U02662,C0146,2024-05-06,155.23
U02662,C0028,2023-01-28,163.71
U02663,C0093,2023-11-15,123.44
U02663,C0063,2024-08-22,116.72
U02663,C0001,2024-01-29,125.3
U02663,C0194,2023-12-23,42.89
U02663,C0015,2024-01-31,143.53
U02664,C0158,2024-08-04,173.81
U02664,C0123,2024-03-13,138.89
U02664,C0166,2023-06-08,54.61
U02664,C0117,2024-05-22,143.53
U02664,C0061,2023-06-05,185.82
U02664,C0027,2023-07-20,158.56
U02664,C0056,2024-07-27,164.54
U02665,C0097,2023-06-07,173.15
U02665,C0085,2024-11-05,162.41
U02665,C0170,2024-07-20,90.65
U02665,C0063,2023-04-05,52.15
U02665,C0160,2023-03-22,198.21
U02666,C0071,2024-02-04,88.06
U02666,C0148,2023-02-04,86.08
U02666,C0052,2024-01-10,72.77
U02666,C0032,2024-10-18,20.25
U02666,C0196,2023-08-23,164.95
U02666,C0124,2024-04-18,121.5
U02666,C0156,2023-05-02,176.17
U02667,C0035,2023-01-26,78.64
U02667,C0087,2024-08-24,111.46
U02668,C0095,2023-09-27,78.63
U02668,C0193,2024-02-15,41.73
U02669,C0178,2023-04-15,187.73
U02669,C0153,2024-11-09,195.44
U02669,C0115,2024-10-23,65.53
U02669,C0004,2024-05-12,0.98
U02670,C0154,2024-05-01,139.12
U02670,C0184,2023-04-12,144.86
U02670,C0061,2024-02-09,79.51
U02670,C0065,2024-08-20,192.98
U02670,C0170,2024-01-06,64.43
U02670,C0034,2024-09-10,166.75
U02671,C0085,2024-02-03,196.98
U02671,C0007,2023-01-08,9.58
U02671,C0160,2023-03-24,156.75
U02671,C0045,2023-04-24,133.44
U02672,C0022,2023-03-14,169.22
U02672,C0084,2024-04-15,38.51
U02672,C0109,2023-09-22,157.56
U02672,C0019,2024-09-30,125.36
U02672,C0107,2023-03-25,27.86
U02673,C0060,2023-02-18,134.52
U02673,C0001,2024-07-23,102.4
U02674,C0050,2024-01-20,166.44
U02674,C0136,2024-10-01,10.25
U02674,C0078,2024-11-27,137.32
U02674,C0171,2024-12-26,163.98
U02675,C0123,2023-03-04,52.74
U02675,C0033,2023-09-26,105.85
U02675,C0051,2024-05-20,135.25
U02675,C0173,2024-04-22,189.74
U02675,C0056,2023-09-08,125.63
U02675,C0019,2024-02-27,171.22
U02676,C0082,2023-03-15,154.42
U02676,C0186,2024-06-27,109.39
U02676,C0108,2023-05-24,4.2
U02676,C0018,2023-08-07,150.13
U02676,C0156,2024-06-22,145.45
U02676,C0036,2024-02-12,164.39
U02676,C0033,2023-05-05,96.14
U02677,C0162,2023-08-17,165.69
U02677,C0161,2023-06-09,37.92
U02678,C0030,2024-03-22,121.51
U02678,C0177,2024-03-09,101.35
U02678,C0161,2023-11-21,182.61
U02679,C0017,2023-10-08,2.99
U02679,C0106,2023-09-07,29.47
U02679,C0119,2024-08-14,133.29
U02679,C0112,2024-12-31,114.31
U02680,C0046,2024-06-30,29.84
U02680,C0088,2024-10-12,161.01
U02680,C0036,2024-04-10,182.3
U02681,C0155,2024-04-17,116.63
U02681,C0062,2024-09-11,169.14
U02682,C0043,2024-02-29,152.32
U02682,C0048,2023-09-22,60.26
U02682,C0081,2024-06-16,55.68
U02682,C0158,2023-09-12,160.29
U02683,C0110,2024-03-21,101.46
U02683,C0197,2023-04-29,14.88
U02683,C0181,2023-08-16,44.16
U02683,C0187,2024-03-12,51.5
U02683,C0139,2024-09-11,141.51
U02684,C0144,2024-05-26,95.78
U02685,C0082,2024-11-06,156.35
U02685,C0180,2023-02-27,154.18
U02685,C0090,2024-02-02,139.72
U02685,C0153,2023-06-20,156.0
U02685,C0173,2024-06-27,95.78
U02686,C0044,2024-12-05,30.39
U02686,C0092,2024-12-31,145.95
U02686,C0148,2024-02-04,190.74
U02686,C0026,2024-04-24,33.66
U02687,C0186,2023-08-10,29.15
U02687,C0102,2023-11-28,101.74
U02687,C0006,2023-03-16,107.04
U02688,C0160,2023-11-24,68.94
U02689,C0146,2023-08-21,144.3
U02689,C0126,2024-08-07,39.11
U02689,C0120,2024-01-03,195.35
U02689,C0198,2024-08-15,63.17
U02690,C0145,2023-09-18,143.96
U02690,C0165,2023-10-03,136.44
U02690,C0038,2023-03-17,12.88
U02691,C0101,2024-12-28,105.54
U02691,C0117,2023-06-01,192.26
U02691,C0004,2024-02-07,191.57
U02691,C0056,2024-04-19,172.57
U02692,C0042,2024-07-22,58.33
U02692,C0094,2023-06-14,41.06
U02693,C0004,2024-07-10,8.59
U02694,C0064,2024-06-04,139.89
U02694,C0009,2024-08-14,192.8
U02694,C0191,2024-10-05,50.55
U02695,C0036,2023-06-25,159.87
U02695,C0131,2023-02-10,177.6
U02695,C0120,2024-11-30,143.22
U02695,C0058,2024-06-21,40.54
U02696,C0113,2024-03-13,196.32
U02696,C0059,2023-10-25,108.95
U02697,C0001,2023-05-17,1.32
U02697,C0121,2024-09-23,89.84
U02698,C0076,2023-05-22,108.95
U02699,C0173,2024-11-29,143.29
U02699,C0018,2024-05-16,122.61
U02699,C0112,2024-03-16,152.41
U02700,C0102,2023-06-10,124.94
U02700,C0084,2023-12-02,70.7
U02700,C0017,2023-04-04,136.89
U02701,C0094,2023-03-24,6.47
U02702,C0078,2024-07-04,153.72
U02702,C0177,2024-12-28,25.78
U02703,C0045,2023-02-18,2.57
U02703,C0054,2024-03-04,2.15
U02703,C0177,2024-04-07,26.93
U02704,C0010,2024-10-31,105.79
U02704,C0040,2023-01-03,141.08
U02704,C0191,2023-07-14,133.93
U02705,C0164,2023-12-05,161.38
U02705,C0071,2024-08-11,22.95
U02705,C0051,2024-03-21,153.5
U02705,C0117,2023-05-25,169.88
U02706,C0156,2024-02-10,44.22
U02706,C0029,2024-03-08,168.05
U02706,C0107,2024-03-12,122.44
U02706,C0182,2024-07-25,94.25
U02707,C0003,2023-09-18,74.76
U02707,C0064,2023-09-16,12.86
U02707,C0053,2023-01-20,77.91
U02707,C0001,2024-03-22,78.19
U02708,C0002,2023-10-22,58.03
U02708,C0008,2023-12-06,110.46
U02708,C0176,2023-04-13,65.84
U02708,C0140,2024-11-02,19.0
U02709,C0037,2024-12-10,33.99
U02709,C0149,2023-01-04,117.27
U02709,C0106,2023-10-30,19.18
U02710,C0082,2024-09-16,192.86
U02710,C0005,2024-02-22,123.05
U02710,C0168,2024-12-23,83.14
U02711,C0198,2024-12-26,66.28
U02711,C0050,2023-06-13,139.63
U02711,C0032,2024-12-14,32.53
U02711,C0085,2024-11-07,158.64
U02711,C0042,2024-07-19,187.09
U02712,C0141,2024-10-25,89.01
U02712,C0050,2023-11-08,47.0
U02712,C0117,2023-10-05,148.03
U02713,C0183,2024-11-23,39.7
U02713,C0079,2024-01-08,9.34
U02713,C0128,2023-04-20,17.39
U02713,C0104,2023-12-04,155.26
U02713,C0045,2023-11-29,63.87
U02713,C0088,2024-12-03,87.08
U02713,C0192,2023-07-05,92.6
U02714,C0142,2023-08-15,16.49
U02714,C0138,2024-03-31,55.27
U02714,C0046,2024-08-24,3.74
U02714,C0103,2023-09-01,3.97
U02714,C0011,2024-01-03,160.47
U02715,C0130,2024-08-30,94.18
U02715,C0002,2024-07-10,86.35
U02715,C0181,2023-11-13,165.36
U02715,C0195,2023-05-15,35.62
U02716,C0057,2024-01-09,119.25
U02716,C0095,2023-07-05,9.04
U02716,C0180,2023-12-28,112.71
U02716,C0085,2024-03-29,64.24
U02716,C0178,2024-05-22,119.92
U02716,C0197,2023-04-01,21.39
U02716,C0076,2023-07-12,157.05
U02716,C0170,2024-08-29,159.5
U02717,C0182,2023-12-06,93.55
U02717,C0079,2023-05-27,88.43
U02717,C0195,2023-09-14,65.03
U02718,C0027,2024-01-01,193.6
U02718,C0023,2024-08-07,92.95
U02718,C0100,2023-02-09,159.6
U02718,C0001,2023-04-22,175.64
U02718,C0141,2024-11-06,185.67
U02718,C0146,2023-06-21,36.31
U02719,C0052,2024-01-20,12.16
U02719,C0098,2024-06-10,39.15
U02719,C0182,2024-04-14,86.52
U02719,C0134,2023-03-14,25.98
U02719,C0153,2024-06-03,127.12
U02720,C0151,2024-05-22,56.15
U02720,C0159,2023-04-19,148.09
U02720,C0185,2023-09-10,146.1
U02720,C0059,2024-08-08,120.86
U02720,C0002,2024-10-16,95.83
U02720,C0176,2024-08-31,25.33
U02721,C0085,2024-02-08,187.01
U02721,C0179,2023-08-14,42.25
U02722,C0192,2023-12-28,176.5
U02722,C0139,2023-05-30,102.67
U02722,C0133,2024-10-20,192.65
U02722,C0174,2024-07-28,172.16
U02723,C0132,2023-09-22,155.19
U02723,C0167,2024-08-12,93.48
U02723,C0027,2024-12-14,48.54
U02723,C0140,2024-12-29,181.87
U02724,C0166,2024-05-23,117.48
U02724,C0002,2024-09-22,116.48
U02724,C0121,2024-09-18,169.93
U02724,C0061,2024-10-31,164.77
U02725,C0081,2023-09-16,173.91
U02725,C0119,2023-11-14,55.42
U02725,C0176,2023-02-14,90.38
U02725,C0165,2024-08-18,181.13
U02725,C0169,2023-06-24,148.76
U02726,C0164,2023-12-18,56.96
U02726,C0198,2023-08-26,59.54
U02727,C0091,2024-02-05,6.2
U02727,C0146,2023-09-23,49.9
U02727,C0028,2024-08-16,130.45
U02727,C0177,2024-06-11,41.86
U02728,C0085,2024-08-04,148.15
U02728,C0161,2024-04-18,162.47
U02728,C0164,2024-12-21,156.56
U02728,C0182,2024-03-15,72.77
U02729,C0116,2023-12-04,83.33
U02729,C0130,2024-07-19,14.41
U02729,C0194,2024-05-03,105.25
U02729,C0058,2023-08-12,198.2
U02729,C0173,2024-11-24,7.79
U02729,C0128,2024-12-11,42.1
U02730,C0167,2023-07-17,63.26
U02730,C0172,2023-01-27,128.38
U02730,C0026,2023-01-03,98.39
U02730,C0176,2024-07-01,43.58
U02730,C0120,2024-08-20,31.34
U02730,C0100,2023-07-15,39.47
U02730,C0025,2024-12-29,100.21
U02730,C0164,2023-10-17,2.73
U02731,C0105,2024-07-21,66.61
U02731,C0149,2023-02-14,145.61
U02731,C0151,2023-08-18,17.4
U02731,C0155,2023-05-22,185.94
U02731,C0088,2024-11-30,160.23
U02731,C0034,2023-11-19,39.11
U02732,C0081,2023-12-05,161.77
U02732,C0178,2023-10-19,124.61
U02732,C0172,2023-06-09,52.5
U02732,C0182,2024-12-07,10.73
U02733,C0033,2023-10-02,96.41
U02733,C0063,2023-03-18,58.4
U02734,C0085,2024-01-01,62.79
U02734,C0009,2023-12-19,138.97
U02734,C0150,2023-02-12,182.65
U02734,C0063,2023-06-02,7.35
U02734,C0182,2024-02-25,22.71
U02735,C0050,2023-09-29,187.4
U02735,C0108,2024-01-05,112.72
U02735,C0080,2024-04-26,159.84
U02736,C0041,2024-07-18,112.74
U02736,C0028,2024-11-09,119.41
U02737,C0038,2023-11-29,5.93
U02737,C0123,2024-02-19,20.67
U02737,C0174,2023-06-07,33.77
U02737,C0188,2023-06-03,181.27
U02737,C0194,2024-07-08,129.82
U02737,C0004,2024-11-02,142.02
U02737,C0108,2023-01-28,72.94
U02738,C0108,2023-12-28,49.67
U02738,C0143,2023-01-05,187.36
U02738,C0178,2024-01-15,73.94
U02739,C0088,2024-02-22,42.45
U02739,C0149,2023-12-07,85.74
U02739,C0086,2024-05-26,99.68
U02739,C0014,2024-07-05,121.14
U02739,C0033,2024-11-19,62.32
U02740,C0060,2023-07-16,115.31
U02740,C0166,2024-09-07,12.34
U02740,C0036,2024-11-25,164.7
U02740,C0125,2023-02-06,5.85
U02740,C0105,2023-07-02,138.86
U02741,C0103,2023-05-26,189.61
U02741,C0145,2024-03-10,177.96
U02741,C0097,2024-07-30,3.47
U02741,C0185,2024-12-03,36.75
U02741,C0170,2023-03-05,112.85
U02742,C0087,2024-02-15,20.84
U02742,C0174,2024-09-12,7.43
U02742,C0006,2024-10-20,187.71
U02743,C0185,2023-04-21,34.53
U02743,C0018,2023-02-27,41.44
U02743,C0088,2023-08-02,50.57
U02743,C0174,2024-09-18,6.63
U02744,C0122,2024-01-27,36.46
U02744,C0042,2023-03-17,110.25
U02744,C0030,2023-07-18,137.17
U02745,C0060,2024-09-02,31.51
U02745,C0151,2024-01-22,156.64
U02745,C0189,2024-09-16,29.34
U02745,C0163,2023-01-03,170.02
U02745,C0019,2023-08-18,4.98
U02746,C0045,2023-02-13,173.18
U02746,C0107,2024-07-26,25.18
U02747,C0060,2024-04-19,88.89
U02747,C0168,2023-10-14,36.37
U02748,C0081,2024-05-17,147.07
U02748,C0074,2024-07-02,177.83
U02748,C0159,2023-06-20,178.13
U02748,C0144,2023-05-29,12.43
U02748,C0083,2023-07-18,30.15
U02749,C0133,2023-01-27,192.0
U02749,C0178,2023-06-21,84.28
U02749,C0192,2024-08-13,110.68
U02749,C0191,2023-10-26,51.74
U02750,C0094,2023-10-05,98.21
U02750,C0129,2023-01-14,168.93
U02750,C0149,2024-03-02,163.69
U02750,C0083,2023-01-20,129.35
U02750,C0036,2023-09-29,87.99
U02751,C0066,2024-04-17,43.5
U02751,C0088,2024-07-17,93.16
U02751,C0046,2023-09-14,93.85
U02751,C0093,2024-07-14,181.23
U02752,C0114,2024-12-16,121.2
U02752,C0001,2024-03-02,63.62
U02752,C0179,2024-04-24,91.63
U02753,C0112,2024-09-13,90.75
U02753,C0023,2023-06-06,109.15
U02753,C0037,2023-06-08,79.78
U02753,C0158,2023-03-04,159.11
U02753,C0132,2023-05-20,102.53
U02753,C0129,2023-05-31,178.72
U02754,C0019,2024-01-22,51.43
U02754,C0182,2024-03-24,5.37
U02754,C0165,2023-12-16,39.18
U02754,C0194,2024-05-19,14.91
U02755,C0109,2024-02-12,108.55
U02755,C0009,2023-01-11,158.98
U02755,C0086,2023-03-18,137.99
U02755,C0100,2024-10-18,80.28
U02756,C0121,2024-10-13,12.82
U02756,C0148,2024-04-22,116.53
U02756,C0095,2023-07-15,179.51
U02757,C0195,2024-01-05,47.64
U02757,C0196,2024-01-18,134.45
U02757,C0068,2023-10-04,16.64
U02757,C0035,2024-02-13,158.36
U02757,C0143,2023-03-28,115.36
U02757,C0176,2023-03-29,195.42
U02758,C0067,2024-03-26,0.55
U02758,C0143,2024-12-20,23.7
U02758,C0006,2023-01-02,138.43
U02758,C0134,2024-12-02,80.08
U02759,C0027,2024-10-26,20.69
U02759,C0094,2023-02-26,94.26
U02759,C0044,2023-10-20,11.64
U02759,C0011,2023-08-20,44.99
U02759,C0123,2024-07-15,115.8
U02759,C0120,2024-03-29,119.42
U02760,C0039,2023-03-27,133.94
U02760,C0166,2023-12-02,194.89
U02760,C0076,2023-04-04,7.0
U02760,C0106,2024-08-07,185.03
U02761,C0121,2023-04-19,99.27
U02761,C0014,2024-01-06,5.62
U02762,C0096,2023-06-02,69.6
U02762,C0013,2023-10-23,113.07
U02763,C0196,2023-08-24,140.67
U02763,C0161,2024-09-24,35.13
U02764,C0173,2024-09-26,180.24
U02764,C0045,2024-04-26,72.89
U02765,C0155,2024-04-16,134.89
U02765,C0122,2024-10-31,132.72
U02765,C0069,2023-12-08,128.0
U02765,C0166,2024-09-05,84.45
U02766,C0192,2023-06-21,69.31
U02766,C0116,2024-01-28,132.62
U02766,C0080,2024-11-27,123.11
U02766,C0066,2023-09-22,133.79
U02767,C0073,2024-02-19,56.84
U02767,C0022,2023-12-24,155.71
U02768,C0075,2024-01-11,18.58
U02768,C0011,2023-07-12,47.67
U02768,C0175,2024-09-19,153.47
U02769,C0109,2024-12-04,121.58
U02769,C0193,2024-01-24,106.71
U02769,C0102,2024-11-23,180.1
U02769,C0190,2023-01-05,167.5
U02769,C0147,2023-11-24,68.7
U02769,C0198,2023-04-01,161.67
U02770,C0154,2024-06-17,59.65
U02770,C0169,2024-02-05,103.24
U02770,C0012,2023-03-22,55.01
U02770,C0093,2024-08-25,122.45
U02771,C0055,2023-06-25,56.65
U02771,C0087,2023-02-16,134.77
U02771,C0129,2024-03-30,51.1
U02771,C0103,2023-12-05,5.36
U02772,C0143,2023-09-22,74.78
U02772,C0112,2023-09-07,63.47
U02772,C0054,2024-03-27,147.33
U02772,C0047,2023-04-22,19.43
U02773,C0178,2024-12-18,103.62
U02773,C0015,2024-12-10,172.32
U02774,C0065,2024-11-15,199.09
U02774,C0106,2023-11-26,119.29
U02774,C0174,2023-06-19,15.27
U02774,C0109,2024-01-01,165.35
U02774,C0131,2024-02-26,23.56
U02774,C0157,2024-11-12,41.93
U02774,C0142,2024-11-05,90.79
U02775,C0167,2023-01-09,175.52
U02775,C0071,2023-02-10,176.95
U02775,C0178,2023-06-01,131.33
U02775,C0137,2024-03-04,52.94
U02776,C0127,2023-01-09,66.99
U02776,C0170,2023-12-06,59.3
U02776,C0035,2023-06-17,164.53
U02777,C0124,2024-09-16,28.18
U02777,C0141,2023-03-07,170.77
U02777,C0027,2023-10-16,94.1
U02777,C0184,2024-11-30,51.08
U02778,C0072,2023-10-29,34.9
U02778,C0115,2023-09-11,187.1
U02778,C0079,2023-04-17,96.36
U02778,C0099,2024-07-14,183.77
U02778,C0002,2024-11-29,94.89
U02779,C0047,2023-07-07,99.81
U02779,C0021,2024-07-02,9.48
U02779,C0068,2023-10-05,68.83
U02779,C0111,2023-05-28,124.3
U02779,C0118,2023-07-05,84.76
U02780,C0110,2024-08-26,198.63
U02780,C0159,2024-06-21,92.2
U02780,C0129,2024-04-26,66.13
U02780,C0133,2023-10-13,65.88
U02780,C0167,2023-09-22,176.7
U02780,C0117,2023-10-29,193.3
U02781,C0002,2023-05-20,144.41
U02781,C0030,2024-08-18,198.22
U02781,C0157,2023-08-07,83.19
U02782,C0001,2024-12-13,90.74
U02782,C0177,2024-11-10,198.21
U02782,C0085,2024-12-16,116.29
U02782,C0155,2023-09-15,75.38
U02782,C0112,2023-09-13,103.19
U02782,C0047,2023-01-28,22.18
U02783,C0136,2023-09-06,84.39
U02783,C0074,2024-11-16,69.89
U02783,C0076,2023-05-02,184.22
U02783,C0123,2023-03-13,196.24
U02783,C0155,2024-02-24,110.88
U02784,C0181,2023-09-03,173.56
U02784,C0034,2023-03-05,193.22
U02784,C0180,2024-04-21,5.64
U02785,C0158,2023-01-31,173.28
U02785,C0065,2023-08-26,20.43
U02785,C0133,2023-02-05,26.26
U02786,C0163,2023-09-05,49.62
U02786,C0077,2023-08-07,167.4
U02787,C0046,2024-02-28,127.15
U02787,C0167,2023-06-15,56.85
U02787,C0184,2024-04-12,174.44
U02787,C0193,2023-12-27,83.67
U02787,C0126,2023-03-06,159.96
U02787,C0018,2023-04-18,26.01
U02787,C0138,2023-03-20,41.94
U02788,C0126,2024-05-14,107.92
U02788,C0140,2023-02-18,181.23
U02788,C0048,2024-03-02,15.51
U02788,C0143,2024-12-14,176.4
U02789,C0131,2024-02-15,75.34
U02789,C0085,2023-12-29,86.6
U02789,C0132,2024-12-26,166.68
U02790,C0008,2024-10-05,170.9
U02790,C0043,2024-11-27,104.45
U02791,C0020,2024-06-19,140.98
U02791,C0044,2024-01-26,86.56
U02791,C0170,2023-02-12,182.27
U02792,C0158,2024-08-26,184.47
U02792,C0070,2024-09-12,105.19
U02792,C0100,2023-11-14,35.12
U02793,C0041,2024-04-04,176.69
U02793,C0178,2023-12-03,30.82
U02793,C0137,2023-09-06,15.85
U02793,C0074,2023-08-14,167.95
U02794,C0158,2024-07-22,173.41
U02794,C0139,2024-04-16,18.23
U02795,C0043,2023-08-01,173.49
U02795,C0054,2024-01-26,104.59
U02795,C0191,2023-10-28,25.36
U02795,C0041,2024-03-29,185.89
U02795,C0005,2024-05-07,109.03
U02796,C0139,2024-11-10,155.56
U02796,C0180,2023-07-10,94.24
U02797,C0190,2023-09-07,29.91
U02797,C0097,2024-06-01,198.79
U02797,C0008,2024-05-09,89.77
U02797,C0185,2023-08-20,166.23
U02798,C0021,2024-02-21,36.4
U02798,C0191,2024-07-03,45.51
U02798,C0002,2023-08-16,53.19
U02799,C0194,2024-05-06,48.54
U02799,C0163,2024-03-11,34.7
U02799,C0181,2024-10-27,25.81
U02799,C0095,2024-04-08,99.94
U02800,C0010,2023-12-14,106.15
U02800,C0015,2024-12-23,116.8
U02800,C0066,2023-08-12,12.18
U02800,C0085,2023-05-09,155.19
U02800,C0055,2023-08-14,149.09
U02801,C0033,2024-04-03,184.56
U02801,C0044,2023-01-24,62.43
U02801,C0141,2023-06-17,157.73
U02801,C0089,2023-02-12,152.66
U02802,C0085,2024-12-18,136.79
U02802,C0088,2024-08-15,159.15
U02802,C0087,2024-04-14,129.85
U02802,C0075,2023-10-28,20.85
U02802,C0106,2024-03-01,95.34
U02802,C0134,2024-07-25,107.49
U02802,C0155,2023-03-12,71.94
U02802,C0186,2024-08-20,84.27
U02803,C0074,2024-06-24,78.19
U02803,C0103,2023-12-18,76.02
U02803,C0166,2023-01-11,59.4
U02803,C0118,2023-10-13,102.98
U02803,C0060,2023-09-28,149.23
U02804,C0192,2023-07-11,142.34
U02804,C0059,2024-09-30,169.63
U02804,C0054,2024-12-07,32.61
U02805,C0085,2024-12-07,87.54
U02805,C0091,2023-01-11,131.85
U02805,C0137,2024-03-09,178.23
U02805,C0120,2023-09-02,135.48
U02806,C0081,2024-11-24,168.37
U02806,C0150,2023-06-13,84.35
U02806,C0152,2023-02-02,97.64
U02807,C0143,2024-08-31,64.61
U02808,C0033,2023-02-18,45.08
U02808,C0184,2023-09-08,115.18
U02809,C0031,2023-09-05,144.27
U02810,C0024,2024-07-11,44.77
U02810,C0195,2023-12-31,84.86
U02810,C0097,2024-10-01,10.67
U02810,C0037,2024-07-15,155.01
U02811,C0139,2023-01-18,189.33
U02811,C0173,2024-01-10,163.72
U02812,C0072,2024-02-18,91.68
U02812,C0051,2023-05-13,127.18
U02812,C0084,2024-04-05,98.2
U02813,C0118,2024-01-10,121.63
U02813,C0019,2024-11-06,124.2
U02813,C0082,2024-04-18,139.37
U02813,C0098,2024-08-18,133.56
U02814,C0127,2023-12-18,122.32
U02814,C0088,2024-01-15,195.25
U02814,C0146,2023-01-27,178.21
U02815,C0167,2024-10-06,77.34
U02815,C0062,2024-07-30,142.01
U02815,C0177,2023-03-26,88.62
U02816,C0094,2024-07-26,44.85
U02816,C0074,2023-12-20,188.41
U02816,C0020,2024-12-07,62.59
U02817,C0170,2024-11-15,154.73
U02817,C0094,2024-10-22,195.3
U02817,C0037,2023-06-17,154.97
U02817,C0016,2023-03-18,78.87
U02817,C0117,2023-11-17,19.26
U02818,C0162,2023-07-09,18.51
U02818,C0182,2024-01-19,98.29
U02819,C0082,2024-11-11,27.1
U02819,C0039,2024-10-07,77.14
U02819,C0016,2024-09-29,176.34
U02819,C0053,2024-04-19,40.5
U02819,C0011,2024-06-09,146.13
U02820,C0077,2024-01-07,136.64
U02820,C0015,2023-09-05,34.46
U02820,C0049,2023-04-04,157.15
U02820,C0187,2023-10-19,175.61
U02821,C0189,2024-08-19,40.06
U02821,C0180,2024-03-22,46.71
U02821,C0045,2024-10-21,167.1
U02822,C0148,2023-04-01,164.55
U02822,C0065,2023-02-09,72.34
U02822,C0024,2024-11-06,32.95
U02822,C0046,2024-05-04,114.33
U02822,C0184,2024-08-19,113.64
U02823,C0073,2023-05-20,160.1
U02823,C0123,2024-11-02,47.33
U02823,C0156,2023-06-07,64.98
U02823,C0065,2024-02-21,1.63
U02823,C0023,2024-07-20,180.01
U02824,C0030,2023-11-06,148.2
U02824,C0053,2023-08-27,52.4
U02825,C0094,2023-08-08,120.17
U02825,C0122,2024-12-03,124.68
U02825,C0018,2024-12-09,35.18
U02825,C0052,2024-04-17,85.5
U02826,C0048,2023-10-25,163.88
U02826,C0127,2023-04-29,153.6
U02826,C0062,2023-06-04,5.18
U02827,C0023,2024-12-25,40.76
U02827,C0179,2023-03-27,198.79
U02828,C0075,2024-08-29,171.86
U02829,C0042,2023-02-21,111.21
U02829,C0159,2024-10-22,105.66
U02829,C0135,2023-03-13,115.68
U02829,C0155,2024-11-24,82.43
U02830,C0041,2024-11-23,115.14
U02830,C0049,2024-08-27,7.22
U02830,C0030,2023-06-07,14.02
U02830,C0147,2023-08-11,38.44
U02830,C0028,2024-02-06,192.85
U02831,C0179,2023-08-28,152.08
U02831,C0053,2024-10-03,79.74
U02831,C0025,2023-02-25,198.34
U02831,C0114,2024-12-29,176.0
U02831,C0039,2023-03-12,182.26
U02832,C0168,2024-12-08,109.57
U02832,C0056,2024-07-30,18.45
U02833,C0130,2024-05-05,58.11
U02833,C0196,2023-11-25,162.63
U02834,C0062,2023-07-30,156.34
U02835,C0064,2023-10-06,190.54
U02836,C0095,2024-05-19,15.32
U02836,C0111,2024-06-15,94.95
U02836,C0008,2024-02-05,68.99
U02837,C0127,2023-06-07,71.62
U02837,C0117,2024-10-30,91.85
U02837,C0089,2023-08-20,15.05
U02837,C0193,2024-01-22,151.18
U02837,C0181,2023-08-02,23.53
U02838,C0051,2024-11-09,99.49
U02839,C0187,2024-11-18,148.87
U02839,C0020,2023-02-26,63.09
U02839,C0024,2024-12-07,151.01
U02839,C0167,2023-02-01,190.82
U02840,C0147,2023-03-03,84.91
U02840,C0157,2024-04-17,4.54
U02840,C0098,2023-12-20,118.76
U02840,C0198,2023-10-15,80.52
U02840,C0053,2024-09-03,172.53
U02841,C0102,2023-09-11,43.64
U02841,C0176,2024-04-17,11.85
U02841,C0155,2024-05-19,21.62
U02841,C0063,2024-11-28,63.66
U02841,C0184,2023-01-10,156.27
U02841,C0036,2024-08-16,99.1
U02841,C0197,2023-03-09,54.87
U02842,C0108,2023-07-22,49.93
U02843,C0056,2024-02-20,67.53
U02843,C0008,2024-07-01,155.66
U02843,C0193,2023-10-28,57.06
U02844,C0178,2024-09-30,175.05
U02844,C0135,2023-06-25,48.68
U02844,C0142,2023-12-10,119.96
U02844,C0050,2023-01-06,168.15
U02845,C0037,2024-12-10,28.27
U02845,C0135,2024-01-18,110.08
U02845,C0084,2023-12-12,148.54
U02845,C0139,2023-12-31,63.27
U02846,C0055,2023-01-25,192.77
U02846,C0159,2023-11-15,103.88
U02846,C0197,2023-06-19,155.66
U02846,C0030,2023-08-29,85.67
U02846,C0148,2024-07-09,112.16
U02846,C0108,2023-07-31,109.56
U02847,C0102,2023-05-29,190.57
U02847,C0145,2024-06-28,3.4
U02847,C0163,2023-09-22,138.97
U02847,C0050,2024-02-26,51.07
U02848,C0080,2023-10-08,103.45
U02848,C0106,2024-05-06,188.75
U02848,C0108,2023-09-30,19.65
U02849,C0197,2023-02-09,80.06
U02849,C0023,2023-04-19,91.47
U02849,C0034,2023-12-20,178.05
U02850,C0124,2023-09-24,71.67
U02850,C0103,2023-11-06,0.97
U02850,C0010,2023-04-16,22.18
U02850,C0032,2023-10-03,50.61
U02851,C0113,2024-07-11,22.55
U02851,C0046,2023-11-16,142.27
U02852,C0018,2023-05-02,20.4
U02852,C0019,2024-01-31,183.49
U02852,C0107,2023-07-23,175.49
U02852,C0138,2023-03-19,17.87
U02852,C0098,2024-09-14,33.28
U02853,C0006,2024-10-07,53.92
U02853,C0086,2023-12-26,181.95
U02853,C0088,2023-06-29,148.3
U02853,C0087,2024-05-27,193.96
U02853,C0182,2024-01-24,101.31
U02854,C0200,2024-04-07,17.9
U02854,C0060,2023-10-01,161.39
U02854,C0128,2023-07-23,58.01
U02855,C0070,2023-12-13,169.52
U02855,C0162,2023-12-29,134.91
U02855,C0176,2024-03-10,5.73
U02855,C0081,2023-08-25,198.5
U02855,C0072,2023-03-30,18.54
U02856,C0165,2024-01-21,159.97
U02856,C0036,2024-04-27,181.42
U02856,C0039,2024-12-04,25.14
U02856,C0128,2023-04-12,130.33
U02856,C0199,2024-03-31,148.75
U02856,C0057,2023-08-01,78.12
U02856,C0134,2024-06-27,46.35
U02857,C0015,2024-11-26,126.2
U02857,C0149,2023-01-22,195.97
U02857,C0084,2024-08-22,38.74
U02858,C0184,2024-09-11,114.72
U02859,C0093,2023-04-27,13.93
U02859,C0009,2024-02-26,160.71
U02859,C0140,2023-09-23,171.23
U02860,C0005,2023-09-15,112.39
U02860,C0062,2023-07-13,174.32
U02860,C0071,2024-04-30,162.59
U02860,C0136,2023-02-04,3.12
U02860,C0161,2024-03-06,34.54
U02861,C0147,2024-08-13,67.08
U02861,C0085,2024-12-27,24.82
U02861,C0183,2023-07-05,118.78
U02861,C0170,2023-12-30,51.02
U02862,C0100,2023-10-28,27.64
U02862,C0110,2023-03-28,196.19
U02862,C0148,2024-12-14,95.2
U02862,C0085,2024-12-13,139.63
U02863,C0112,2023-12-18,33.71
U02863,C0034,2023-01-08,193.45
U02863,C0122,2023-04-25,82.98
U02864,C0184,2024-04-17,115.99
U02864,C0018,2023-10-19,139.42
U02864,C0166,2023-11-23,117.02
U02864,C0115,2023-08-28,62.61
U02864,C0053,2023-05-01,163.22
U02864,C0070,2024-12-29,42.57
U02864,C0079,2023-08-22,164.66
U02865,C0188,2024-05-13,143.69
U02865,C0132,2024-12-04,191.11
U02865,C0156,2023-02-17,10.6
U02866,C0120,2023-05-09,136.62
U02866,C0143,2024-09-29,56.77
U02866,C0027,2024-11-02,67.57
U02867,C0020,2023-09-03,8.19
U02867,C0189,2023-10-05,174.79
U02867,C0190,2024-08-02,60.35
U02868,C0179,2024-10-02,141.12
U02868,C0074,2024-10-14,169.56
U02868,C0045,2023-09-09,62.68
U02869,C0039,2024-10-17,42.65
U02869,C0139,2023-06-23,134.9
U02869,C0052,2024-04-28,142.59
U02870,C0169,2023-02-19,183.66
U02870,C0126,2024-02-29,177.05
U02870,C0147,2024-01-23,54.78
U02870,C0143,2024-04-12,190.12
U02870,C0032,2024-04-28,19.17
U02870,C0054,2023-03-26,68.33
U02871,C0187,2023-02-08,135.03
U02871,C0017,2024-06-18,158.08
U02871,C0135,2023-10-12,14.6
U02871,C0120,2023-01-03,97.53
U02872,C0030,2023-11-04,186.6
U02872,C0107,2023-09-21,50.92
U02872,C0031,2024-12-30,129.93
U02872,C0020,2023-04-16,199.87
U02873,C0062,2023-11-07,34.49
U02873,C0016,2023-11-06,174.63
U02873,C0195,2024-05-16,42.58
U02873,C0148,2024-11-17,103.24
U02873,C0118,2024-07-13,171.6
U02873,C0093,2023-12-11,194.01
U02874,C0128,2024-11-16,96.57
U02874,C0185,2023-10-27,111.91
U02875,C0187,2024-04-25,112.06
U02875,C0127,2023-05-04,126.5
U02875,C0118,2023-12-15,48.45
U02875,C0002,2023-12-09,186.28
U02875,C0015,2023-06-10,17.31
U02876,C0198,2023-06-17,150.99
U02876,C0143,2024-02-20,96.61
U02876,C0008,2024-08-22,12.08
U02876,C0141,2024-02-23,133.17
U02877,C0005,2024-03-16,72.12
U02877,C0038,2023-07-28,109.86
U02877,C0139,2023-08-09,165.79
U02878,C0093,2023-11-11,80.5
U02878,C0118,2024-11-15,105.92
U02878,C0017,2023-04-22,153.71
U02878,C0105,2023-01-02,165.82
U02879,C0191,2023-01-10,166.39
U02879,C0121,2024-08-30,168.56
U02880,C0012,2023-09-09,97.48
U02881,C0136,2024-03-02,183.81
U02881,C0162,2024-12-22,152.74
U02881,C0132,2024-08-16,44.96
U02881,C0193,2023-02-07,99.74
U02881,C0188,2024-12-24,7.02
U02882,C0132,2024-12-12,138.31
U02882,C0061,2024-05-18,144.51
U02882,C0070,2024-07-07,88.05
U02882,C0130,2024-02-24,186.77
U02882,C0153,2023-06-30,123.14
U02882,C0040,2023-12-22,11.85
U02882,C0173,2024-05-01,159.69
U02883,C0069,2024-03-28,26.65
U02883,C0088,2024-04-27,79.03
U02883,C0102,2024-11-24,55.24
U02883,C0082,2024-09-04,101.97
U02884,C0115,2024-05-03,115.48
U02884,C0151,2023-01-04,171.82
U02884,C0070,2023-02-11,38.77
U02884,C0128,2023-12-08,152.94
U02885,C0016,2024-09-18,198.34
U02885,C0048,2023-08-20,11.67
U02885,C0112,2023-05-09,169.03
U02885,C0046,2024-02-03,132.66
U02885,C0102,2023-09-19,69.06
U02886,C0096,2023-02-03,199.82
U02886,C0114,2024-04-17,150.7
U02886,C0058,2023-09-22,155.11
U02886,C0062,2023-02-10,146.49
U02886,C0003,2023-08-21,67.0
U02886,C0157,2024-03-19,102.99
U02886,C0184,2023-05-31,129.46
U02887,C0103,2024-01-12,24.43
U02887,C0191,2023-12-17,141.62
U02887,C0123,2023-07-24,96.44
U02888,C0152,2024-01-02,168.11
U02888,C0007,2023-08-03,79.89
U02888,C0016,2024-02-22,120.1
U02888,C0185,2023-08-02,38.82
U02889,C0060,2023-06-03,106.56
U02889,C0056,2023-12-30,139.43
U02889,C0067,2023-06-13,154.67
U02889,C0034,2024-06-16,46.18
U02890,C0057,2024-11-21,35.34
U02890,C0128,2023-12-12,150.18
U02891,C0010,2024-04-27,164.91
U02891,C0060,2024-12-16,142.88
U02891,C0059,2023-02-24,1.38
U02892,C0080,2023-09-15,187.12
U02892,C0037,2023-02-04,40.88
U02892,C0168,2024-04-01,2.23
U02892,C0054,2023-07-22,38.22
U02893,C0051,2024-06-10,42.11
U02893,C0175,2023-10-15,73.43
U02893,C0032,2024-10-11,153.21
U02893,C0162,2023-03-26,25.58
U02893,C0161,2024-10-23,97.37
U02893,C0138,2024-07-14,125.19
U02894,C0119,2023-08-13,87.98
U02895,C0182,2024-12-04,135.51
U02895,C0165,2024-05-03,189.9
U02895,C0161,2024-08-08,131.75
U02895,C0096,2024-07-07,3.31
U02896,C0161,2024-12-08,28.82
U02896,C0099,2024-01-12,97.89
U02896,C0076,2024-12-14,107.88
U02896,C0095,2023-08-16,92.71
U02896,C0181,2024-11-15,31.47
U02896,C0092,2023-10-24,6.02
U02896,C0079,2023-07-31,142.66
U02896,C0078,2024-10-06,164.78
U02897,C0155,2024-06-18,105.86
U02897,C0110,2024-09-23,40.84
U02898,C0034,2024-08-08,7.6
U02898,C0135,2024-09-09,91.36
U02898,C0143,2024-09-13,93.75
U02898,C0055,2024-11-24,134.43
U02898,C0163,2023-08-11,135.54
U02899,C0096,2023-09-01,33.0
U02899,C0006,2024-08-31,101.96
U02900,C0173,2023-03-24,136.19
U02900,C0108,2023-01-31,25.55
U02900,C0089,2023-01-12,79.22
U02900,C0093,2024-03-20,175.39
U02900,C0200,2024-10-26,104.8
U02901,C0197,2024-04-13,44.63
U02901,C0010,2023-11-01,98.84
U02901,C0104,2024-04-27,18.72
U02901,C0166,2023-11-01,165.77
U02902,C0137,2024-07-26,116.72
U02902,C0110,2024-09-22,17.81
U02902,C0064,2023-01-01,46.22
U02902,C0037,2023-12-09,37.04
U02903,C0121,2023-06-22,30.54
U02903,C0098,2023-11-30,70.49
U02904,C0062,2024-08-09,135.33
U02904,C0174,2024-02-29,45.57
U02904,C0114,2024-09-10,51.43
U02904,C0076,2023-12-11,183.39
U02904,C0053,2023-10-23,1.44
U02905,C0090,2024-02-29,72.46
U02905,C0083,2024-11-09,130.58
U02905,C0191,2023-07-23,14.9
U02905,C0074,2023-03-01,102.71
U02906,C0014,2023-04-04,3.14
U02906,C0039,2023-05-30,147.26
U02906,C0190,2024-04-23,188.0
U02907,C0097,2023-06-21,70.18
U02907,C0057,2024-02-04,131.36
U02907,C0175,2024-04-17,40.98
U02908,C0048,2024-06-01,90.4
U02908,C0044,2024-07-31,42.77
U02908,C0187,2023-03-08,85.22
U02908,C0053,2024-02-05,1.02
U02908,C0073,2023-04-09,116.05
U02909,C0003,2023-11-06,109.74
U02910,C0185,2024-03-28,41.57
U02910,C0187,2023-06-07,82.67
U02910,C0006,2023-11-08,184.79
U02911,C0197,2024-10-05,138.17
U02911,C0143,2024-11-11,93.81
U02911,C0147,2024-01-01,122.81
U02912,C0072,2023-03-01,157.38
U02912,C0024,2024-09-23,134.18
U02912,C0124,2024-09-05,39.57
U02912,C0111,2023-04-10,183.69
U02913,C0198,2024-11-08,73.15
U02913,C0182,2024-07-26,21.49
U02913,C0169,2023-10-20,70.01
U02914,C0064,2024-03-21,192.27
U02914,C0184,2023-11-04,50.99
U02914,C0070,2024-05-20,158.56
U02914,C0108,2024-12-06,192.08
U02915,C0113,2023-02-28,148.84
U02915,C0197,2024-12-29,65.12
U02915,C0141,2024-05-28,188.68
U02916,C0085,2024-02-03,87.35
U02917,C0023,2024-04-05,88.51
U02917,C0142,2024-08-30,105.73
U02917,C0049,2024-07-06,100.49
U02917,C0114,2024-03-31,54.69
U02917,C0139,2023-09-28,70.95
U02917,C0078,2024-09-12,163.88
U02918,C0159,2024-02-09,31.55
U02918,C0055,2023-11-28,11.55
U02918,C0129,2023-09-03,9.02
U02918,C0011,2024-08-07,128.98
U02919,C0100,2023-06-19,53.04
U02919,C0072,2023-08-16,59.63
U02919,C0101,2023-08-26,71.67
U02919,C0156,2024-06-25,81.14
U02919,C0164,2023-12-04,35.36
U02920,C0027,2023-12-31,77.78
U02920,C0176,2023-08-29,100.88
U02921,C0134,2023-02-16,41.92
U02921,C0140,2023-11-14,83.92
U02922,C0110,2024-08-24,160.48
U02922,C0001,2023-08-06,95.39
U02922,C0077,2023-09-23,88.26
U02923,C0189,2023-03-25,85.21
U02923,C0150,2023-07-10,35.48
U02923,C0032,2023-12-13,8.86
U02923,C0169,2023-09-01,145.4
U02924,C0104,2024-02-23,142.03
U02924,C0179,2024-12-29,185.24
U02924,C0081,2023-03-13,127.69
U02924,C0090,2024-10-16,8.88
U02924,C0142,2023-11-06,24.52
U02925,C0057,2024-07-10,83.2
U02925,C0056,2024-11-08,80.22
U02925,C0096,2023-04-13,162.98
U02925,C0034,2024-06-11,62.76
U02926,C0197,2024-05-08,38.6
U02926,C0007,2024-06-15,2.31
U02926,C0043,2023-02-01,13.72
U02926,C0151,2023-10-29,162.13
U02926,C0087,2024-04-21,18.94
U02927,C0096,2024-10-31,161.68
U02927,C0144,2024-09-04,59.04
U02927,C0015,2024-08-04,154.15
U02927,C0099,2023-04-29,37.94
U02928,C0186,2023-12-31,67.21
U02928,C0096,2024-08-12,18.98
U02928,C0010,2024-08-30,44.52
U02929,C0106,2024-11-07,98.49
U02929,C0137,2024-05-09,1.56
U02929,C0113,2023-01-12,128.4
U02929,C0021,2024-09-16,189.58
U02929,C0129,2024-09-03,170.14
U02929,C0111,2024-12-25,32.59
U02930,C0143,2024-12-19,20.28
U02930,C0184,2024-03-08,16.75
U02930,C0094,2024-08-28,44.0
U02930,C0005,2023-05-24,14.85
U02930,C0126,2023-07-19,55.89
U02931,C0035,2023-09-29,8.27
U02931,C0011,2023-02-23,188.73
U02931,C0145,2023-08-07,95.6
U02932,C0121,2024-07-23,69.75
U02932,C0127,2023-06-08,143.27
U02932,C0093,2023-09-19,108.18
U02932,C0134,2024-02-02,79.89
U02933,C0047,2023-05-15,144.16
U02933,C0107,2024-10-27,45.91
U02934,C0100,2024-01-15,188.64
U02934,C0152,2024-03-15,63.6
U02935,C0044,2024-03-17,9.61
U02935,C0029,2024-10-20,12.69
U02935,C0031,2023-03-25,179.84
U02935,C0142,2024-11-14,145.97
U02936,C0182,2024-09-15,185.23
U02936,C0166,2023-07-20,11.86
U02936,C0200,2023-11-29,71.44
U02936,C0059,2024-06-04,153.8
U02936,C0174,2024-08-17,144.13
U02936,C0158,2023-05-19,11.91
U02937,C0057,2024-09-06,86.09
U02937,C0030,2024-11-04,137.5
U02937,C0073,2024-12-18,121.06
U02937,C0170,2023-04-18,169.16
U02937,C0088,2024-08-19,140.78
U02938,C0147,2023-02-19,193.38
U02938,C0196,2024-01-03,6.17
U02938,C0104,2023-06-17,17.81
U02938,C0141,2023-05-25,150.91
U02939,C0109,2023-10-08,155.19
U02939,C0002,2024-12-06,177.99
U02939,C0133,2023-01-14,50.63
U02939,C0032,2024-02-21,167.97
U02939,C0104,2024-07-08,140.29
U02940,C0128,2024-07-19,168.16
U02940,C0027,2023-10-07,84.97
U02940,C0066,2023-11-30,52.72
U02940,C0010,2024-08-02,175.06
U02941,C0104,2023-01-12,118.12
U02942,C0190,2023-05-15,138.46
U02942,C0086,2024-04-12,52.46
U02942,C0129,2024-02-12,86.44
U02942,C0009,2024-07-24,44.09
U02942,C0106,2024-09-25,127.54
U02943,C0090,2023-05-26,121.68
U02943,C0147,2023-10-08,15.63
U02943,C0168,2023-05-27,133.03
U02943,C0011,2024-11-04,3.22
U02943,C0125,2024-09-27,71.82
U02943,C0067,2024-10-28,88.61
U02944,C0081,2024-10-04,106.73
U02944,C0049,2024-04-10,81.25
U02944,C0173,2024-02-04,120.96
U02945,C0089,2024-05-22,27.8
U02945,C0050,2024-10-07,80.17
U02945,C0012,2024-04-25,197.85
U02945,C0025,2024-11-19,142.44
U02945,C0101,2024-06-15,64.03
U02945,C0074,2023-01-15,26.95
U02946,C0176,2024-02-02,16.96
U02946,C0100,2024-02-04,77.39
U02946,C0034,2024-07-07,79.8
U02946,C0156,2023-01-09,153.6
U02946,C0115,2023-11-12,119.35
U02947,C0103,2024-08-31,183.5
U02947,C0141,2024-11-22,82.61
U02948,C0032,2023-06-11,167.84
U02948,C0102,2024-05-17,164.3
U02948,C0095,2023-10-30,8.96
U02948,C0097,2023-03-06,179.37
U02949,C0128,2023-06-01,64.46
U02949,C0034,2023-10-08,35.86
U02949,C0053,2023-07-27,68.04
U02949,C0023,2023-12-16,165.56
U02949,C0184,2024-02-04,166.23
U02950,C0083,2024-06-19,167.54
U02951,C0100,2023-07-04,21.6
U02951,C0017,2023-02-27,67.9
U02951,C0116,2023-06-03,1.65
U02952,C0188,2023-07-23,153.51
U02952,C0059,2023-07-12,143.8
U02952,C0085,2024-06-11,54.44
U02953,C0005,2024-11-10,29.88
U02953,C0085,2023-06-03,25.38
U02953,C0157,2024-12-29,24.72
U02953,C0160,2024-09-11,17.04
U02953,C0059,2023-05-31,184.27
U02953,C0074,2024-08-15,54.17
U02954,C0191,2023-04-22,158.57
U02954,C0058,2023-10-11,181.75
U02954,C0186,2024-10-18,159.76
U02955,C0008,2024-06-08,44.49
U02955,C0138,2024-12-12,181.39
U02955,C0125,2023-07-21,136.18
U02956,C0124,2023-06-04,137.83
U02956,C0152,2023-11-08,9.03
U02956,C0196,2023-06-02,19.33
U02956,C0140,2023-04-28,85.42
U02957,C0059,2024-09-29,188.06
U02957,C0024,2024-11-28,180.24
U02957,C0056,2024-06-13,16.16
U02957,C0126,2023-04-22,130.63
U02958,C0175,2023-12-19,198.68
U02958,C0146,2024-06-15,154.47
U02958,C0099,2024-03-21,162.15
U02958,C0039,2024-11-26,66.5
U02958,C0080,2024-05-31,94.69
U02958,C0042,2023-10-17,155.26
U02958,C0105,2023-12-22,173.37
U02959,C0197,2024-05-29,104.54
U02959,C0180,2024-06-29,28.74
U02959,C0077,2024-05-20,164.79
U02960,C0080,2023-07-10,25.65
U02960,C0076,2023-11-26,40.52
U02961,C0120,2024-11-26,111.42
U02961,C0135,2023-07-11,110.71
U02962,C0064,2024-01-10,46.08
U02962,C0065,2024-06-23,37.34
U02962,C0087,2024-04-28,31.77
U02963,C0113,2024-06-29,25.7
U02963,C0102,2024-07-13,193.97
U02963,C0122,2023-11-03,64.19
U02963,C0112,2024-12-14,165.56
U02963,C0098,2024-04-02,15.81
U02963,C0097,2024-11-12,25.88
U02963,C0182,2024-10-02,94.53
U02963,C0012,2023-08-01,14.45
U02964,C0056,2024-09-10,37.92
U02964,C0184,2024-01-16,155.43
U02964,C0100,2024-12-27,27.25
U02964,C0143,2023-05-12,19.06
U02964,C0093,2024-11-01,6.89
U02965,C0183,2023-01-04,127.11
U02965,C0022,2023-05-05,3.05
U02965,C0066,2024-02-01,16.32
U02965,C0068,2023-10-21,71.09
U02965,C0057,2024-08-28,157.69
U02966,C0079,2023-11-16,54.24
U02966,C0091,2023-07-29,42.71
U02966,C0182,2024-09-01,159.14
U02966,C0119,2024-05-05,19.34
U02967,C0093,2023-08-21,163.74
U02967,C0059,2023-10-11,157.1
U02968,C0043,2023-01-26,150.0
U02968,C0160,2023-07-30,158.36
U02968,C0111,2023-11-06,45.26
U02968,C0158,2023-11-05,119.95
U02968,C0120,2024-05-23,72.86
U02968,C0008,2024-12-29,108.55
U02968,C0024,2023-12-31,162.74
U02969,C0161,2024-06-02,18.46
U02969,C0018,2024-05-02,102.35
U02969,C0188,2023-02-24,189.61
U02969,C0136,2023-05-14,23.12
U02969,C0135,2024-08-09,118.15
U02970,C0066,2023-08-13,102.99
U02970,C0056,2024-05-17,180.6
U02970,C0117,2024-08-20,173.5
U02970,C0112,2023-08-04,42.88
U02971,C0048,2024-09-08,64.3
U02971,C0059,2024-07-24,8.19
U02972,C0004,2023-11-16,146.37
U02972,C0075,2024-06-21,43.67
U02972,C0116,2024-02-10,111.12
U02972,C0053,2023-11-14,91.97
U02972,C0176,2024-05-23,51.17
U02972,C0031,2024-04-15,3.6
U02973,C0106,2024-02-16,2.5
U02973,C0196,2024-11-19,193.4
U02973,C0091,2024-01-22,192.47
U02974,C0141,2023-05-04,173.09
U02974,C0040,2023-07-05,157.49
U02975,C0033,2024-05-30,83.07
U02975,C0031,2024-07-04,33.01
U02975,C0149,2024-07-22,158.03
U02975,C0055,2024-03-26,26.73
U02976,C0056,2023-07-22,170.1
U02976,C0154,2023-11-03,144.38
U02976,C0053,2024-01-04,128.77
U02977,C0111,2024-02-11,6.49
U02977,C0146,2023-10-07,108.62
U02977,C0043,2023-08-26,18.9
U02977,C0170,2023-07-27,50.47
U02977,C0195,2023-09-28,41.12
U02977,C0010,2023-12-15,104.21
U02977,C0103,2023-10-11,115.66
U02977,C0169,2024-07-29,18.31
U02978,C0169,2023-07-05,23.67
U02978,C0080,2024-02-03,149.87
U02978,C0111,2024-04-23,111.47
U02978,C0090,2023-04-01,94.77
U02978,C0026,2024-12-25,3.8
U02978,C0040,2024-07-26,142.06
U02978,C0067,2023-08-19,157.86
U02979,C0136,2024-12-06,82.15
U02979,C0025,2023-12-13,115.88
U02979,C0022,2024-01-06,147.62
U02980,C0161,2023-06-20,14.65
U02980,C0182,2023-09-10,99.93
U02980,C0096,2023-07-22,184.28
U02980,C0147,2023-08-02,152.61
U02980,C0067,2024-02-24,38.68
U02981,C0087,2024-05-15,79.95
U02981,C0148,2024-03-13,103.93
U02981,C0128,2024-05-02,97.62
U02981,C0046,2024-08-04,41.92
U02982,C0109,2023-04-02,97.11
U02982,C0019,2024-09-01,14.59
U02982,C0054,2023-12-21,44.01
U02982,C0199,2024-07-22,4.7
U02982,C0080,2024-07-14,130.47
U02983,C0046,2023-07-25,121.56
U02983,C0111,2023-01-14,135.92
U02983,C0126,2024-05-16,169.9
U02983,C0034,2023-04-28,72.66
U02983,C0050,2023-01-29,6.63
U02984,C0058,2023-04-19,66.86
U02984,C0157,2024-06-22,193.4
U02985,C0047,2024-02-27,194.36
U02985,C0192,2024-05-26,123.69
U02985,C0051,2023-03-18,52.31
U02986,C0004,2024-06-21,190.15
U02986,C0023,2023-04-10,160.05
U02986,C0001,2024-01-29,155.47
U02986,C0186,2023-09-14,165.1
U02987,C0005,2024-08-07,191.14
U02987,C0080,2023-12-17,196.25
U02987,C0161,2024-05-07,44.83
U02987,C0169,2024-11-08,184.43
U02987,C0155,2024-01-26,90.84
U02988,C0098,2023-02-07,116.81
U02988,C0119,2024-02-08,23.63
U02988,C0171,2023-07-05,152.34
U02988,C0060,2024-04-14,36.24
U02988,C0100,2023-11-09,44.74
U02988,C0116,2023-06-27,11.43
U02988,C0047,2024-06-05,159.69
U02989,C0113,2024-09-27,196.84
U02989,C0041,2023-04-17,132.91
U02989,C0069,2024-10-23,72.81
U02989,C0093,2024-11-29,88.79
U02990,C0197,2024-04-23,1.42
U02990,C0126,2023-04-29,136.26
U02991,C0159,2024-11-23,99.83
U02991,C0025,2024-10-02,161.67
U02991,C0120,2024-02-28,0.92
U02992,C0109,2024-10-18,137.33
U02992,C0131,2024-03-06,150.86
U02992,C0088,2023-02-05,185.58
U02992,C0105,2024-06-20,68.6
U02992,C0142,2024-09-11,94.86
U02992,C0177,2023-12-22,100.19
U02992,C0138,2024-05-05,172.4
U02993,C0152,2024-02-25,54.76
U02993,C0076,2024-05-23,10.21
U02993,C0055,2024-01-27,40.15
U02993,C0179,2024-05-16,79.12
U02993,C0050,2024-05-19,131.57
U02994,C0196,2023-12-09,103.65
U02994,C0090,2024-11-02,148.28
U02994,C0153,2024-01-30,123.8
U02994,C0101,2024-08-20,126.6
U02994,C0068,2024-03-29,148.92
U02994,C0189,2023-12-24,70.72
U02995,C0189,2023-09-16,172.71
U02995,C0062,2024-10-25,7.22
U02995,C0071,2024-10-15,25.94
U02995,C0114,2023-01-25,154.93
U02996,C0127,2024-10-24,1.11
U02996,C0044,2023-10-07,135.85
U02996,C0154,2024-06-20,122.23
U02997,C0059,2023-09-22,66.55
U02997,C0165,2023-01-28,47.4
U02997,C0160,2023-12-24,55.93
U02998,C0009,2023-08-24,106.42
U02998,C0198,2023-07-23,145.88
U02998,C0124,2024-01-16,184.98
U02998,C0135,2024-08-17,37.7
U02998,C0002,2024-09-13,24.17
U02998,C0096,2024-02-21,120.17
U02999,C0190,2024-12-14,183.76
U02999,C0135,2023-01-30,94.94
U02999,C0011,2024-04-14,41.81
U03000,C0071,2023-06-30,162.16
U03000,C0023,2024-12-24,51.51
U03000,C0091,2023-01-31,62.85
U03000,C0001,2023-02-16,160.43
U03000,C0185,2023-05-25,81.52
U03000,C0099,2024-06-12,46.09
U03000,C0056,2024-06-29,90.39
